ticker,date,open,high,low,close,volume
2330,2024-06-18,915.72,921.55,911.84,914.75,37876013
2330,2024-06-19,924.46,954.53,924.46,951.62,72228052
2330,2024-06-20,941.92,951.62,941.92,951.62,48225374
2330,2024-06-21,932.22,948.71,931.25,940.95,88376132
2330,2024-06-24,929.31,931.25,911.84,911.84,66391994
2330,2024-06-25,897.29,916.7,895.35,916.7,57368432
2330,2024-06-26,922.52,931.25,922.52,931.25,44967166
2330,2024-06-27,922.52,932.22,920.58,931.25,39729446
2330,2024-06-28,927.37,941.92,926.4,937.07,39138210
2330,2024-07-01,939.01,947.74,936.1,939.01,19935737
2330,2024-07-02,938.04,941.92,930.28,931.25,25427569
2330,2024-07-03,946.77,949.68,938.04,949.68,24070411
2330,2024-07-04,970.05,979.75,967.14,974.9,41893299
2330,2024-07-05,974.9,979.75,970.05,974.9,19998094
2330,2024-07-08,974.9,1018.55,970.05,1004.0,40146763
2330,2024-07-09,999.15,1023.4,994.3,1008.85,46373121
2330,2024-07-10,989.45,1018.55,984.6,1013.7,46206302
2330,2024-07-11,1033.1,1047.65,1023.4,1047.65,41724336
2330,2024-07-12,999.15,1013.7,994.3,1008.85,68983062
2330,2024-07-15,1008.85,1013.7,994.3,1008.85,38393309
2330,2024-07-16,1008.85,1037.95,1004.0,1023.4,32125609
2330,2024-07-17,1004.0,1013.7,989.45,999.15,54022399
2330,2024-07-18,958.41,974.9,956.47,974.9,81990095
2330,2024-07-19,958.41,965.2,940.95,940.95,92507621
2330,2024-07-22,935.13,936.1,909.9,910.87,83062356
2330,2024-07-23,934.16,949.68,927.37,949.68,47213266
2330,2024-07-26,887.59,902.14,887.59,896.32,82081735
2330,2024-07-29,913.78,919.61,907.96,915.72,40809258
2330,2024-07-30,902.14,920.58,898.26,911.84,41761392
2330,2024-07-31,901.17,911.84,900.2,906.02,39894991
2330,2024-08-01,939.98,939.98,919.61,931.25,47382270
2330,2024-08-02,890.5,900.2,875.95,875.95,76144485
2330,2024-08-05,826.48,831.33,788.65,790.59,144057989
2330,2024-08-06,842.0,868.19,814.84,853.64,102930842
2330,2024-08-07,874.01,892.44,866.25,892.44,59158704
2330,2024-08-08,874.01,877.89,860.43,869.16,38236391
2330,2024-08-09,899.23,906.02,894.38,906.02,49494621
2330,2024-08-12,913.78,919.61,903.11,911.84,38331663
2330,2024-08-13,916.7,916.7,908.93,912.81,25764381
2330,2024-08-14,922.52,926.4,916.7,919.61,36780856
2330,2024-08-15,916.69,921.55,912.81,914.75,19476402
2330,2024-08-16,934.16,939.98,929.31,939.98,44062316
2330,2024-08-19,939.98,945.8,935.13,943.86,21348863
2330,2024-08-20,947.74,947.74,939.01,943.86,24039959
2330,2024-08-21,932.22,935.13,927.37,929.31,29758188
2330,2024-08-22,929.31,935.13,919.61,922.52,24349754
2330,2024-08-23,915.73,923.49,910.87,920.58,27592153
2330,2024-08-26,928.34,932.22,916.7,921.55,25057581
2330,2024-08-27,916.69,917.67,911.84,913.78,18693037
2330,2024-08-28,916.7,935.13,914.75,935.13,31059233
2330,2024-08-29,913.78,918.64,908.93,914.75,43530708
2330,2024-08-30,915.72,923.49,912.81,915.72,63834981
2330,2024-09-02,921.55,926.4,914.75,919.61,18646835
2330,2024-09-03,919.61,923.49,910.87,911.84,19547575
2330,2024-09-04,867.22,877.89,861.4,862.37,79709021
2330,2024-09-05,879.83,887.59,873.04,874.98,30512026
2330,2024-09-06,881.77,890.5,875.95,890.5,24458336
2330,2024-09-09,865.28,873.04,864.31,872.07,35885268
2330,2024-09-10,879.83,883.71,874.01,876.92,33498628
2330,2024-09-11,878.86,878.86,873.04,874.01,18029342
2330,2024-09-12,912.01,919.81,904.22,915.91,39454846
2330,2024-09-13,930.53,930.53,914.94,922.73,25347586
2330,2024-09-16,927.6,927.6,918.83,922.73,13626239
2330,2024-09-18,920.78,923.71,909.09,916.89,28424324
2330,2024-09-19,915.91,935.4,912.01,935.4,32739630
2330,2024-09-20,955.86,956.83,946.12,948.07,60133709
2330,2024-09-23,946.12,951.96,946.12,951.96,14497067
2330,2024-09-24,950.99,961.71,946.12,961.71,26785975
2330,2024-09-25,974.37,979.25,972.42,979.25,39405222
2330,2024-09-26,984.12,988.99,979.25,988.99,38321585
2330,2024-09-27,993.86,998.73,974.37,974.37,35783779
2330,2024-09-30,952.94,964.63,932.48,932.48,61603217
2330,2024-10-01,942.22,951.96,942.22,947.09,26760355
2330,2024-10-04,960.73,960.73,942.22,951.96,40934818
2330,2024-10-07,967.55,984.12,963.66,979.25,39667071
2330,2024-10-08,974.37,984.12,971.45,984.12,30845902
2330,2024-10-09,1003.6,1008.48,993.86,993.86,46975717
2330,2024-10-11,998.73,1023.09,993.86,1018.22,43058754
2330,2024-10-14,1018.22,1027.96,1008.48,1018.22,36858874
2330,2024-10-15,1023.09,1047.45,1023.09,1042.58,42850176
2330,2024-10-16,1013.35,1042.58,1008.48,1018.22,52652149
2330,2024-10-17,1023.09,1027.96,1003.6,1008.48,54173771
2330,2024-10-18,1066.94,1071.81,1047.45,1057.2,85011961
2330,2024-10-21,1062.07,1066.94,1052.32,1057.2,36491060
2330,2024-10-22,1037.71,1047.45,1032.84,1047.45,41197877
2330,2024-10-23,1032.84,1042.58,1027.96,1032.84,31423466
2330,2024-10-24,1042.58,1047.45,1027.96,1032.84,38236996
2330,2024-10-25,1037.71,1042.58,1032.84,1037.71,22009575
2330,2024-10-28,1047.45,1052.32,1023.09,1023.09,40142324
2330,2024-10-29,1008.48,1013.35,993.86,1013.35,45415773
2330,2024-10-30,1013.35,1027.96,1003.6,1003.6,38201984
2330,2024-11-01,970.48,1003.6,970.48,998.73,54480255
2330,2024-11-04,1003.6,1018.22,998.73,1013.35,26747978
2330,2024-11-05,1003.6,1027.96,1003.6,1023.09,32385622
2330,2024-11-06,1023.09,1052.32,1013.35,1032.84,55349259
2330,2024-11-07,1023.09,1047.45,1023.09,1037.71,43975446
2330,2024-11-08,1057.2,1062.07,1052.32,1062.07,37099479
2330,2024-11-11,1052.32,1062.07,1042.58,1057.2,34690205
2330,2024-11-12,1032.84,1037.71,1023.09,1023.09,51099848
2330,2024-11-13,1018.22,1023.09,1008.48,1008.48,42331232
2330,2024-11-14,1003.6,1013.35,998.73,1008.48,44627940
2330,2024-11-15,1013.35,1018.22,1003.6,1008.48,34791611
2330,2024-11-18,1003.6,1008.48,993.86,998.73,31815076
2330,2024-11-19,1003.6,1018.22,998.73,1013.35,24349599
2330,2024-11-20,998.73,998.73,998.73,998.73,40203197
2330,2024-11-21,993.86,998.73,984.12,984.12,41429227
2330,2024-11-22,1008.48,1023.09,1008.48,1013.35,25187973
2330,2024-11-25,1018.22,1023.09,1003.6,1003.6,49566674
2330,2024-11-26,988.99,993.86,984.12,984.12,27312402
2330,2024-11-27,984.12,993.86,974.37,974.37,31276090
2330,2024-11-28,979.25,979.25,966.58,979.25,33689956
2330,2024-11-29,969.5,984.12,968.53,970.48,40094983
2330,2024-12-02,993.86,1013.35,988.99,1008.48,31168404
2330,2024-12-03,1032.84,1037.71,1027.96,1027.96,43414538
2330,2024-12-04,1037.71,1042.58,1027.96,1042.58,33466290
2330,2024-12-05,1042.58,1052.32,1042.58,1047.45,31425359
2330,2024-12-06,1047.45,1052.32,1032.84,1037.71,30765288
2330,2024-12-09,1042.58,1047.45,1037.71,1047.45,22247131
2330,2024-12-10,1042.58,1047.45,1032.84,1037.71,28506584
2330,2024-12-11,1018.22,1032.84,1018.22,1018.22,25264194
2330,2024-12-12,1036.8,1041.69,1031.91,1036.8,22791260
2330,2024-12-13,1036.8,1046.59,1031.91,1041.69,20423659
2330,2024-12-16,1061.26,1061.26,1051.48,1061.26,39722392
2330,2024-12-17,1066.15,1071.04,1051.48,1051.48,37880707
2330,2024-12-18,1051.48,1066.15,1046.59,1061.26,41863190
2330,2024-12-19,1041.69,1046.59,1031.91,1046.59,42702851
2330,2024-12-20,1036.8,1036.8,1012.35,1012.35,52030520
2330,2024-12-23,1041.69,1056.37,1036.8,1056.37,30728473
2330,2024-12-24,1071.04,1071.04,1056.37,1056.37,26461906
2330,2024-12-25,1066.15,1066.15,1056.37,1061.26,15481622
2330,2024-12-26,1061.26,1066.15,1061.26,1061.26,14374900
2330,2024-12-27,1056.37,1071.04,1056.37,1066.15,24948385
2330,2024-12-30,1066.15,1071.04,1061.26,1066.15,23954634
2330,2024-12-31,1056.37,1061.26,1051.48,1051.48,28397820
2330,2025-01-02,1046.59,1051.48,1031.91,1041.69,43177098
2330,2025-01-03,1056.37,1061.26,1051.48,1051.48,30415096
2330,2025-01-06,1075.93,1100.38,1071.04,1100.38,69289786
2330,2025-01-07,1124.83,1134.62,1105.27,1105.27,48758688
2330,2025-01-08,1085.71,1105.27,1080.82,1080.82,45211419
2330,2025-01-09,1075.93,1090.6,1075.93,1075.93,27263215
2330,2025-01-10,1075.93,1085.71,1075.93,1075.93,22021522
2330,2025-01-13,1085.71,1090.6,1046.59,1051.48,56690300
2330,2025-01-14,1061.26,1066.15,1051.48,1066.15,28695247
2330,2025-01-15,1061.26,1061.26,1041.69,1041.69,35489482
2330,2025-01-16,1071.04,1090.6,1066.15,1080.82,47542962
2330,2025-01-17,1100.38,1100.38,1071.04,1095.49,59214050
2330,2025-01-20,1100.38,1110.16,1095.49,1095.49,29834528
2330,2025-01-21,1090.6,1100.38,1085.71,1095.49,21904213
2330,2025-01-22,1115.05,1124.83,1110.16,1110.16,42960405
2330,2025-02-03,1041.69,1051.48,1036.8,1046.59,97946226
2330,2025-02-04,1061.26,1075.93,1056.37,1071.04,53308108
2330,2025-02-05,1085.71,1095.49,1080.82,1085.71,40385340
2330,2025-02-06,1095.49,1095.49,1080.82,1090.6,29971252
2330,2025-02-07,1085.71,1100.38,1080.82,1100.38,27883220
2330,2025-02-10,1100.38,1100.38,1071.04,1080.82,28527108
2330,2025-02-11,1085.71,1090.6,1075.93,1085.71,18898928
2330,2025-02-12,1085.71,1090.6,1075.93,1075.93,24172954
2330,2025-02-13,1066.15,1071.04,1056.37,1066.15,33210403
2330,2025-02-14,1041.69,1046.59,1036.8,1036.8,64486940
2330,2025-02-17,1041.69,1061.26,1041.69,1061.26,35491271
2330,2025-02-18,1061.26,1075.93,1056.37,1075.93,21616188
2330,2025-02-19,1066.15,1071.04,1061.26,1066.15,26400293
2330,2025-02-20,1056.37,1061.26,1046.59,1056.37,29643124
2330,2025-02-21,1061.26,1071.04,1056.37,1071.04,28972910
2330,2025-02-24,1056.37,1061.26,1051.48,1051.48,30822970
2330,2025-02-25,1031.91,1036.8,1027.02,1031.91,45158522
2330,2025-02-26,1022.13,1036.8,1022.13,1036.8,36768449
2330,2025-02-27,1041.69,1041.69,1017.24,1017.24,55283596
2330,2025-03-03,978.12,997.68,978.12,997.68,65621663
2330,2025-03-04,974.2,987.9,974.2,978.12,64569262
2330,2025-03-05,997.68,1007.46,992.79,997.68,41994320
2330,2025-03-06,997.68,1002.57,983.01,983.01,45187017
2330,2025-03-07,983.01,987.9,978.12,983.01,40822280
2330,2025-03-10,983.01,983.01,970.29,976.16,46849886
2330,2025-03-11,947.8,957.58,941.93,949.75,50204233
2330,2025-03-12,958.55,973.23,954.64,966.38,34184887
2330,2025-03-13,978.12,983.01,943.88,943.88,37035693
2330,2025-03-14,943.88,947.8,934.1,938.01,34333748
2330,2025-03-17,955.62,963.45,946.82,948.77,31491061
2330,2025-03-18,959.09,961.06,951.23,954.18,21575327
2330,2025-03-19,948.28,950.25,933.54,935.51,35245036
2330,2025-03-20,961.06,967.94,954.18,967.94,28715956
2330,2025-03-21,967.94,969.9,953.2,955.16,39214916
2330,2025-03-24,968.92,969.9,955.16,955.16,16121506
2330,2025-03-25,971.87,977.76,967.94,972.85,26167428
2330,2025-03-26,977.76,977.76,963.02,963.02,21735917
2330,2025-03-27,944.35,947.3,941.4,941.4,34563256
2330,2025-03-28,929.61,938.46,929.61,935.51,33101234
2330,2025-03-31,904.06,907.99,894.24,894.24,51064611
2330,2025-04-01,912.91,929.61,908.98,927.65,32197752
2330,2025-04-02,932.56,935.51,921.75,925.68,24849656
2330,2025-04-07,833.31,833.31,833.31,833.31,23820773
2330,2025-04-08,783.19,828.4,783.19,801.86,116648736
2330,2025-04-09,794.98,811.69,766.49,771.4,107582838
2330,2025-04-10,848.05,848.05,848.05,848.05,19416428
2330,2025-04-11,833.31,873.6,821.52,873.6,76103586
2330,2025-04-14,879.5,887.36,850.01,850.01,66326054
2330,2025-04-15,858.86,863.77,850.01,861.81,30562095
2330,2025-04-16,851.98,853.95,837.24,840.19,42128082
2330,2025-04-17,834.29,841.17,827.41,832.33,33684502
2330,2025-04-18,838.22,843.14,835.27,835.27,20101219
2330,2025-04-21,829.38,832.33,817.59,820.53,18415705
2330,2025-04-22,811.69,814.64,801.86,801.86,28888527
2330,2025-04-23,838.22,857.88,833.31,857.88,37863656
2330,2025-04-24,870.65,870.65,844.12,849.03,32238198
2330,2025-04-25,884.41,885.39,870.65,872.62,34640282
2330,2025-04-28,882.44,882.44,877.53,881.46,21830091
2330,2025-04-29,881.46,886.37,877.53,886.37,24362874
2330,2025-04-30,885.39,892.27,883.43,892.27,35405654
2330,2025-05-02,921.75,933.54,915.85,933.54,43873135
2330,2025-05-05,939.44,940.42,907.01,921.75,52770209
2330,2025-05-06,900.13,913.89,900.13,904.06,37538894
2330,2025-05-07,908.98,915.85,895.22,911.92,36907620
2330,2025-05-08,916.84,922.73,902.1,902.1,27985917
2330,2025-05-09,921.75,932.56,917.82,932.56,36383573
2330,2025-05-12,937.47,945.33,935.51,940.42,23402547
2330,2025-05-13,972.85,972.85,952.21,952.21,38047856
2330,2025-05-14,972.85,981.69,970.88,981.69,40475123
2330,2025-05-15,982.68,982.68,975.8,975.8,24662270
2330,2025-05-16,973.83,980.71,971.87,980.71,16878650
2330,2025-05-19,975.8,976.78,963.02,966.95,19906139
2330,2025-05-20,973.83,976.78,961.06,961.06,20897857
2330,2025-05-21,968.92,981.69,965.97,972.85,26248757
2330,2025-05-22,970.88,970.88,962.04,964.99,18747545
2330,2025-05-23,975.8,975.8,958.11,966.95,22213030
2330,2025-05-26,958.11,966.95,958.11,959.09,19329052
2330,2025-05-27,954.18,958.11,944.35,948.28,26355315
2330,2025-05-28,966.95,967.94,950.25,950.25,26471533
2330,2025-05-29,968.92,968.92,950.25,950.25,48602590
2330,2025-06-02,941.4,944.35,929.61,929.61,33676511
2330,2025-06-03,943.37,948.28,933.54,933.54,26020787
2330,2025-06-04,957.13,972.85,953.2,972.85,37233567
2330,2025-06-05,982.68,982.68,973.83,980.71,24414444
2330,2025-06-06,979.73,979.73,973.83,977.76,13670307
2330,2025-06-09,987.59,992.5,982.68,987.59,21674308
2330,2025-06-10,1007.24,1031.81,1002.33,1026.9,44877640
2330,2025-06-11,1046.55,1051.46,1036.72,1046.55,37178498
2330,2025-06-12,1041.12,1046.06,1031.25,1031.25,25221606
2330,2025-06-13,1026.32,1026.32,1011.52,1016.45,28393455
2330,2025-06-16,1016.45,1016.45,1001.65,1011.52,28580673
2330,2025-06-17,1026.32,1036.19,1021.39,1031.25,26517379
2330,2025-06-18,1026.32,1041.12,1016.45,1041.12,37931721
2330,2025-06-19,1031.25,1031.25,1016.45,1021.39,24002557
2330,2025-06-20,1016.45,1041.12,1011.52,1041.12,57831332
2330,2025-06-23,1011.52,1016.45,1001.65,1006.58,32143872
2330,2025-06-24,1031.25,1036.19,1026.32,1036.19,28163537
2330,2025-06-25,1046.06,1055.93,1041.12,1055.93,38783736
2330,2025-06-26,1060.86,1065.79,1050.99,1060.86,36056692
2330,2025-06-27,1055.92,1065.79,1046.06,1065.79,32549027
2330,2025-06-30,1060.86,1065.79,1046.06,1046.06,32413717
2330,2025-07-01,1065.79,1080.6,1060.86,1070.73,44299887
2330,2025-07-02,1060.86,1070.73,1055.92,1070.73,23822731
2330,2025-07-03,1090.46,1090.46,1075.66,1075.66,36973556
2330,2025-07-04,1080.6,1085.53,1065.79,1070.73,20363322
2330,2025-07-07,1065.79,1070.73,1055.92,1065.79,18829372
2330,2025-07-08,1055.92,1065.79,1050.99,1065.79,27461252
2330,2025-07-09,1055.92,1075.66,1050.99,1075.66,23618216
2330,2025-07-10,1080.6,1085.53,1075.66,1085.53,22350503
2330,2025-07-11,1080.6,1085.53,1075.66,1085.53,28249780
2330,2025-07-14,1085.53,1085.53,1070.73,1080.6,25760632
2330,2025-07-15,1080.6,1100.33,1075.66,1095.4,45416390
2330,2025-07-16,1105.27,1115.14,1105.27,1115.14,31013743
2330,2025-07-17,1115.14,1120.07,1100.33,1115.14,30648595
2330,2025-07-18,1139.81,1144.74,1129.94,1139.81,46645034
2330,2025-07-21,1129.94,1134.87,1120.07,1134.87,26749324
2330,2025-07-22,1129.94,1144.74,1115.14,1115.14,50457506
2330,2025-07-23,1125.0,1129.94,1120.07,1129.94,29747757
2330,2025-07-24,1134.87,1139.81,1129.94,1129.94,15055463
2330,2025-07-25,1134.87,1139.81,1125.0,1129.94,22476546
2330,2025-07-28,1139.81,1144.74,1129.94,1129.94,20606376
2330,2025-07-29,1129.94,1129.94,1110.2,1120.07,31763255
2330,2025-07-30,1134.87,1144.74,1129.94,1139.81,34182363
2330,2025-07-31,1144.74,1149.68,1139.81,1144.74,33230751
2330,2025-08-04,1115.14,1120.07,1110.2,1120.07,23939021
2330,2025-08-05,1129.94,1134.87,1125.0,1134.87,17012960
2330,2025-08-06,1115.14,1120.07,1110.2,1110.2,22023406
2330,2025-08-07,1144.74,1164.48,1139.81,1164.48,61370031
2330,2025-08-08,1164.48,1169.41,1154.61,1159.54,25958258
2330,2025-08-11,1154.61,1179.28,1149.68,1164.48,35579367
2330,2025-08-12,1164.48,1174.35,1154.61,1164.48,28917167
2330,2025-08-13,1169.41,1184.21,1169.41,1184.21,37809952
2330,2025-08-14,1169.41,1174.35,1159.54,1159.54,32991791
2330,2025-08-15,1159.54,1169.41,1154.61,1164.48,22231552
2330,2025-08-18,1154.61,1169.41,1154.61,1164.48,18219895
2330,2025-08-19,1164.48,1169.41,1159.54,1169.41,17867547
2330,2025-08-20,1149.68,1149.68,1120.07,1120.07,66982023
2330,2025-08-21,1125.0,1139.81,1125.0,1134.87,23424804
2330,2025-08-22,1139.81,1139.81,1120.07,1120.07,19205763
2330,2025-08-25,1149.68,1164.48,1144.74,1154.61,25103514
2330,2025-08-26,1149.68,1169.41,1144.74,1159.54,35508897
2330,2025-08-27,1174.35,1174.35,1164.48,1174.35,21952558
2330,2025-08-28,1169.41,1169.41,1144.74,1144.74,19975237
2330,2025-08-29,1164.48,1169.41,1144.74,1144.74,19522740
2330,2025-09-01,1134.87,1149.68,1129.94,1149.68,22018940
2330,2025-09-02,1154.61,1159.54,1139.81,1144.74,14037411
2330,2025-09-03,1139.81,1144.74,1129.94,1144.74,19511981
2330,2025-09-04,1154.61,1159.54,1144.74,1144.74,24333323
2330,2025-09-05,1159.54,1164.48,1154.61,1164.48,27133819
2330,2025-09-08,1179.28,1179.28,1164.48,1164.48,27281959
2330,2025-09-09,1179.28,1184.21,1174.35,1184.21,31329096
2330,2025-09-10,1203.95,1213.82,1199.02,1208.89,39665156
2330,2025-09-11,1238.49,1243.43,1218.75,1223.69,30345708
2330,2025-09-12,1238.49,1243.43,1233.56,1243.43,26492972
2330,2025-09-15,1243.43,1243.43,1233.56,1238.49,24589707
2330,2025-09-16,1253.35,1273.17,1248.4,1268.22,40130070
2330,2025-09-17,1258.31,1263.26,1253.35,1253.35,29283972
2330,2025-09-18,1263.26,1273.17,1253.35,1273.17,24191307
2330,2025-09-19,1273.17,1278.12,1253.35,1253.35,44913316
2330,2025-09-22,1258.31,1283.08,1258.31,1283.08,28859955
2330,2025-09-23,1307.85,1327.66,1302.89,1327.66,33953781
2330,2025-09-24,1337.57,1342.52,1312.8,1327.66,44737182
2330,2025-09-25,1307.85,1317.75,1307.85,1307.85,25861812
2330,2025-09-26,1297.94,1302.89,1283.08,1288.03,25793295
2330,2025-09-30,1297.94,1307.85,1292.99,1292.99,36642789
2330,2025-10-01,1312.8,1337.57,1312.8,1312.8,33837323
2330,2025-10-02,1347.48,1357.39,1342.52,1352.43,29593487
2330,2025-10-03,1352.43,1387.11,1352.43,1387.11,31032341
2330,2025-10-07,1406.93,1431.7,1406.93,1421.79,38395572
2330,2025-10-08,1397.02,1406.93,1392.06,1401.97,23064494
2330,2025-10-09,1426.74,1441.6,1416.83,1426.74,39052134
2330,2025-10-13,1377.2,1406.93,1377.2,1401.97,53850992
2330,2025-10-14,1441.6,1446.56,1406.93,1411.88,39889256
2330,2025-10-15,1421.79,1451.51,1411.88,1451.51,41056405
2330,2025-10-16,1451.51,1481.24,1451.51,1471.33,37737678
2330,2025-10-17,1441.6,1451.51,1436.65,1436.65,38077331
2330,2025-10-20,1446.56,1481.24,1441.6,1466.37,33015553
2330,2025-10-21,1471.33,1486.19,1466.37,1466.37,34601251
2330,2025-10-22,1446.56,1456.47,1441.6,1446.56,27360948
2330,2025-10-23,1426.74,1441.6,1421.79,1436.65,23570046
2330,2025-10-27,1486.19,1486.19,1466.37,1466.37,32851952
2330,2025-10-28,1466.37,1476.28,1456.47,1461.42,28381919
2330,2025-10-29,1481.24,1501.05,1476.28,1491.14,30631103
2330,2025-10-30,1501.05,1506.01,1486.19,1491.14,27867757
2330,2025-10-31,1501.05,1510.96,1486.19,1486.19,31928423
2330,2025-11-03,1496.1,1506.01,1476.28,1496.1,29118770
2330,2025-11-04,1506.01,1510.96,1481.24,1491.14,33925673
2330,2025-11-05,1466.37,1471.33,1441.6,1446.56,56305422
2330,2025-11-06,1456.47,1466.37,1451.51,1451.51,27411394
2330,2025-11-07,1446.56,1451.51,1441.6,1446.56,20329390
2330,2025-11-10,1456.47,1471.33,1451.51,1461.42,25281744
2330,2025-11-11,1476.28,1481.24,1451.51,1451.51,22444166
2330,2025-11-12,1456.47,1471.33,1446.56,1461.42,23642502
2330,2025-11-13,1446.56,1456.47,1446.56,1446.56,21255597
2330,2025-11-14,1411.88,1426.74,1411.88,1416.83,26861702
2330,2025-11-17,1436.65,1446.56,1431.7,1431.7,26602730
2330,2025-11-18,1421.79,1421.79,1392.06,1392.06,42198432
2330,2025-11-19,1387.11,1401.97,1382.16,1382.16,35591948
2330,2025-11-20,1436.65,1446.56,1426.74,1441.6,25964403
2330,2025-11-21,1382.16,1392.06,1372.25,1372.25,54518246
2330,2025-11-24,1387.11,1392.06,1362.34,1362.34,79134658
2330,2025-11-25,1411.88,1411.88,1392.06,1401.97,27427405
2330,2025-11-26,1416.83,1426.74,1411.88,1426.74,29213211
2330,2025-11-27,1436.65,1441.6,1416.83,1421.79,22039774
2330,2025-11-28,1426.74,1441.6,1421.79,1426.74,23152513
2330,2025-12-01,1431.7,1431.7,1397.02,1397.02,30559208
2330,2025-12-02,1416.83,1426.74,1406.93,1416.83,23544477
2330,2025-12-03,1426.74,1436.65,1421.79,1436.65,20301540
2330,2025-12-04,1431.7,1436.65,1416.83,1431.7,20696944
2330,2025-12-05,1431.7,1446.56,1426.74,1446.56,21072604
2330,2025-12-08,1451.51,1481.24,1446.56,1481.24,24257260
2330,2025-12-09,1481.24,1486.19,1466.37,1466.37,24235825
2330,2025-12-10,1476.28,1491.14,1471.33,1491.14,23319221
2330,2025-12-11,1501.08,1506.06,1456.35,1461.32,28924982
2330,2025-12-12,1466.29,1476.23,1461.32,1471.26,22107664
2330,2025-12-15,1441.44,1446.41,1436.47,1441.44,25889058
2330,2025-12-16,1426.53,1436.47,1416.59,1426.53,32168064
2330,2025-12-17,1426.53,1436.47,1416.59,1421.56,30535812
2330,2025-12-18,1411.62,1426.53,1406.65,1421.56,30534136
2330,2025-12-19,1446.41,1446.41,1421.56,1421.56,38763280
2330,2025-12-22,1456.35,1461.32,1446.41,1456.35,22661665
2330,2025-12-23,1466.29,1481.2,1461.32,1481.2,20739075
2330,2025-12-24,1486.17,1491.14,1476.23,1486.17,12987261
2330,2025-12-26,1496.11,1501.08,1486.17,1501.08,18823612
2330,2025-12-29,1506.06,1520.97,1501.08,1520.97,21124648
2330,2025-12-30,1506.06,1520.97,1501.08,1511.03,20325400
2330,2025-12-31,1511.03,1540.85,1506.06,1540.85,29695967
2330,2026-01-02,1545.82,1575.64,1535.88,1575.64,37512761
2330,2026-01-05,1620.38,1684.99,1615.41,1660.14,66871820
2330,2026-01-06,1635.29,1694.93,1635.29,1694.93,46751692
2330,2026-01-07,1655.17,1675.05,1655.17,1665.11,49857449
2330,2026-01-08,1650.2,1689.96,1645.23,1675.05,29215618
2330,2026-01-09,1655.17,1689.96,1645.23,1670.08,37387656
2330,2026-01-12,1689.96,1694.93,1680.02,1680.02,29987449
2330,2026-01-13,1709.84,1709.84,1689.96,1699.9,30171800
2330,2026-01-14,1694.93,1704.87,1689.96,1699.9,29100816
2330,2026-01-15,1675.05,1689.96,1670.08,1680.02,36391886
2330,2026-01-16,1724.76,1739.67,1699.9,1729.73,53551629
2330,2026-01-19,1714.82,1769.49,1714.82,1749.61,29580038
2330,2026-01-20,1729.73,1764.52,1729.73,1764.52,29401234
2330,2026-01-21,1734.7,1754.58,1729.73,1729.73,45192749
2330,2026-01-22,1754.58,1759.55,1739.67,1749.61,32069478
2330,2026-01-23,1759.55,1764.52,1739.67,1759.55,27601167
2330,2026-01-26,1754.58,1774.46,1744.64,1744.64,22960198
2330,2026-01-27,1749.61,1774.46,1744.64,1769.49,28985200
2330,2026-01-28,1779.43,1809.25,1779.43,1809.25,29301156
2330,2026-01-29,1819.2,1824.17,1789.37,1794.34,32224002
2330,2026-01-30,1779.43,1789.37,1764.52,1764.52,40825139
2330,2026-02-02,1739.67,1754.58,1734.7,1754.58,28251381
2330,2026-02-03,1799.31,1799.31,1774.46,1789.37,26744162
2330,2026-02-04,1774.46,1794.34,1764.52,1774.46,26952301
2330,2026-02-05,1754.58,1769.49,1749.61,1754.58,26299986
2330,2026-02-06,1734.7,1769.49,1729.73,1769.49,33263592
2330,2026-02-09,1819.2,1824.17,1804.28,1804.28,36529289
2330,2026-02-10,1834.11,1868.9,1829.14,1868.9,41859169
2330,2026-02-11,1868.9,1913.63,1863.93,1903.69,40488310
2330,2026-02-23,1888.78,1923.58,1888.78,1888.78,69816209
2330,2026-02-24,1903.69,1963.34,1903.69,1953.4,40961679
2330,2026-02-25,1983.22,2013.04,1983.22,2003.1,40832607
2330,2026-02-26,1988.19,1998.13,1983.22,1983.22,58561388
2330,2026-03-02,1928.55,1983.22,1928.55,1963.34,48884884
2330,2026-03-03,1958.37,1968.31,1923.58,1923.58,43090471
2330,2026-03-04,1883.81,1898.72,1853.99,1853.99,68160943
2330,2026-03-05,1928.55,1948.43,1883.81,1888.78,48120463
2330,2026-03-06,1868.9,1888.78,1868.9,1878.84,30082724
2330,2026-03-09,1764.52,1799.31,1759.55,1799.31,76459172
2330,2026-03-10,1858.96,1878.84,1819.2,1839.08,41375691
2330,2026-03-11,1873.87,1938.49,1863.93,1928.55,36167313
2330,2026-03-12,1888.78,1903.69,1873.87,1873.87,34040589
2330,2026-03-13,1829.14,1873.87,1829.14,1853.99,31214304
2330,2026-03-16,1863.93,1868.9,1834.11,1834.11,31249086
2330,2026-03-17,1870.01,1875.0,1855.05,1865.02,23812211
2330,2026-03-18,1894.94,1904.92,1884.97,1899.93,23068156
2330,2026-03-19,1870.01,1875.0,1845.08,1845.08,31040569
2330,2026-03-20,1855.05,1865.02,1835.1,1835.1,46312322
2330,2026-03-23,1785.24,1810.17,1780.25,1805.18,34902948
2330,2026-03-24,1845.08,1845.08,1795.21,1805.18,27001025
2330,2026-03-25,1860.04,1870.01,1840.09,1840.09,40964040
2330,2026-03-26,1845.08,1860.04,1835.1,1835.1,20958470
2330,2026-03-27,1800.2,1820.14,1795.21,1815.16,28974140
2330,2026-03-30,1775.26,1795.21,1775.26,1775.26,39889700
2330,2026-03-31,1770.28,1785.24,1755.32,1755.32,49221091
2330,2026-04-01,1835.1,1850.06,1825.13,1850.06,35537379
2330,2026-04-02,1860.04,1860.04,1800.2,1805.18,25132417
2330,2026-04-07,1845.08,1855.05,1830.12,1855.05,17953562
2330,2026-04-08,1929.85,1944.81,1919.88,1944.81,46515921
2330,2026-04-09,1939.82,1949.8,1924.86,1949.8,31835073
2330,2026-04-10,1969.74,1994.68,1964.76,1994.68,28637625
2330,2026-04-13,1979.72,1989.69,1969.74,1984.71,28968757
2330,2026-04-14,2009.64,2049.53,2004.65,2049.53,39113405
2330,2026-04-15,2059.51,2094.41,2054.52,2074.47,40343568
2330,2026-04-16,2074.47,2084.44,2049.53,2079.45,32038524
2330,2026-04-17,2049.53,2054.52,2024.6,2024.6,39260244
2330,2026-04-20,2024.6,2049.53,2019.61,2019.61,25407621
2330,2026-04-21,2044.55,2069.48,2039.56,2044.55,25783476
2330,2026-04-22,2039.56,2064.49,2034.57,2044.55,24762881
2330,2026-04-23,2084.44,2129.32,2049.53,2074.47,48682193
2330,2026-04-24,2104.39,2184.17,2099.4,2179.19,45088050
2330,2026-04-27,2273.93,2323.8,2258.97,2258.97,68696037
2330,2026-04-28,2239.03,2273.93,2209.11,2209.11,47175356
2330,2026-04-29,2169.21,2204.12,2159.24,2174.2,42895935
2330,2026-04-30,2199.13,2209.11,2129.32,2129.32,48975164
2330,2026-05-04,2194.15,2278.92,2189.16,2268.95,38390062
2330,2026-05-05,2244.01,2263.96,2234.04,2244.01,21625279
2330,2026-05-06,2244.01,2278.92,2234.04,2244.01,31918664
2330,2026-05-07,2328.79,2338.76,2303.85,2303.85,35034517
2330,2026-05-08,2293.88,2303.85,2258.97,2283.91,27102571
2330,2026-05-11,2258.97,2268.95,2229.05,2229.05,37244077
2330,2026-05-12,2229.05,2273.93,2204.12,2249.0,44459541
2330,2026-05-13,2199.13,2234.04,2199.13,2214.09,35350292
2330,2026-05-14,2244.01,2263.96,2224.07,2263.96,31747100
2330,2026-05-15,2303.85,2318.81,2244.01,2258.97,29922154
2330,2026-05-18,2219.08,2253.99,2209.11,2234.04,25875079
2330,2026-05-19,2214.09,2224.07,2199.13,2199.13,34824449
2330,2026-05-20,2199.13,2204.12,2179.19,2179.19,29320253
2330,2026-05-21,2234.04,2249.0,2224.07,2224.07,22964974
2330,2026-05-22,2239.03,2253.99,2219.08,2249.0,24437825
2330,2026-05-25,2268.95,2303.85,2268.95,2303.85,25215869
2330,2026-05-26,2313.83,2318.81,2263.96,2263.96,22586387
2330,2026-05-27,2303.85,2323.8,2283.91,2293.88,31986652
2330,2026-05-28,2343.75,2353.72,2263.96,2288.89,36889432
2330,2026-05-29,2333.77,2368.68,2323.8,2348.73,86132863
2330,2026-06-01,2348.73,2408.57,2343.75,2348.73,35023445
2330,2026-06-02,2383.64,2393.61,2353.72,2373.67,29610654
2330,2026-06-03,2418.55,2433.51,2403.59,2418.55,22536554
2330,2026-06-04,2378.65,2408.57,2378.65,2378.65,25054494
2330,2026-06-05,2388.63,2398.6,2343.75,2358.71,32795780
2330,2026-06-08,2224.07,2313.83,2224.07,2288.89,44721632
2330,2026-06-09,2298.87,2313.83,2288.89,2298.87,33252041
2330,2026-06-10,2278.92,2293.88,2249.0,2249.0,42608467
2330,2026-06-11,2240.0,2260.0,2210.0,2250.0,34790220
2330,2026-06-12,2325.0,2325.0,2290.0,2310.0,21560608
2330,2026-06-15,2360.0,2375.0,2345.0,2375.0,25573718
2330,2026-06-16,2375.0,2400.0,2350.0,2400.0,29594351
2330,2026-06-17,2355.0,2385.0,2350.0,2385.0,25510076
2330,2026-06-18,2395.0,2415.0,2385.0,2410.0,46429815
2317,2024-06-18,188.64,189.11,185.34,186.75,90319019
2317,2024-06-19,188.17,195.69,187.7,190.99,173889577
2317,2024-06-20,192.87,204.63,191.46,204.63,177537123
2317,2024-06-21,198.52,204.63,198.52,199.46,163458287
2317,2024-06-24,197.1,197.57,192.87,193.81,104052744
2317,2024-06-25,190.99,199.46,189.11,198.52,116945868
2317,2024-06-26,198.99,202.75,197.57,197.57,107811774
2317,2024-06-27,195.69,201.81,195.22,199.93,84781047
2317,2024-06-28,201.34,203.22,199.93,201.34,75725075
2317,2024-07-01,202.28,204.16,201.81,203.22,73503014
2317,2024-07-02,204.57,205.54,195.89,197.33,142637509
2317,2024-07-03,197.82,200.71,195.89,195.89,75817371
2317,2024-07-04,200.71,207.47,200.23,206.98,110905158
2317,2024-07-05,206.5,207.95,205.05,206.98,43052441
2317,2024-07-08,209.4,218.56,208.91,218.56,114405840
2317,2024-07-09,218.56,226.28,212.77,217.6,137762761
2317,2024-07-10,217.6,218.08,212.77,215.67,70302456
2317,2024-07-11,218.56,220.97,216.15,217.6,65419255
2317,2024-07-12,211.33,213.26,206.5,208.43,137754131
2317,2024-07-15,208.91,211.33,206.98,208.91,52526510
2317,2024-07-16,208.91,209.88,205.05,205.54,82245845
2317,2024-07-17,205.54,209.88,204.09,204.57,75060648
2317,2024-07-18,198.78,201.68,195.89,196.85,132207113
2317,2024-07-19,193.47,196.85,192.99,196.85,90412154
2317,2024-07-22,195.89,196.85,184.31,185.75,158438644
2317,2024-07-23,191.54,194.44,190.1,194.44,83955746
2317,2024-07-26,183.34,187.2,181.89,185.27,101861581
2317,2024-07-29,189.13,190.1,185.27,186.24,58864802
2317,2024-07-30,183.82,190.1,182.38,189.13,55246089
2317,2024-07-31,187.68,194.92,187.2,191.06,76997270
2317,2024-08-01,197.82,198.3,193.47,195.4,70033754
2317,2024-08-02,185.75,187.68,179.0,179.96,170805688
2317,2024-08-05,163.56,166.45,162.11,162.11,229394141
2317,2024-08-06,167.42,168.87,154.39,161.63,309246386
2317,2024-08-07,163.08,168.87,162.11,164.52,170623130
2317,2024-08-08,157.77,160.66,155.36,157.77,171908756
2317,2024-08-09,164.04,165.97,162.11,162.59,137129939
2317,2024-08-12,165.97,172.73,165.49,169.83,110929344
2317,2024-08-13,173.69,176.59,171.76,174.66,111247858
2317,2024-08-14,179.48,180.45,177.07,179.0,98234123
2317,2024-08-15,179.0,179.48,174.66,174.66,83391282
2317,2024-08-16,179.48,180.45,176.59,177.55,72396121
2317,2024-08-19,178.52,181.41,178.03,180.45,57256994
2317,2024-08-20,182.86,184.31,179.48,179.96,80711041
2317,2024-08-21,178.52,179.48,175.14,177.07,71607014
2317,2024-08-22,177.55,178.52,172.73,173.21,72229297
2317,2024-08-23,169.83,174.66,168.87,173.69,49085475
2317,2024-08-26,175.62,178.52,174.17,175.62,42223023
2317,2024-08-27,175.14,175.62,172.73,174.17,27898074
2317,2024-08-28,174.66,179.48,173.21,179.0,59781576
2317,2024-08-29,174.17,179.0,173.69,178.03,57658983
2317,2024-08-30,178.52,179.48,177.07,178.03,50920206
2317,2024-09-02,179.0,180.45,175.62,176.59,35772515
2317,2024-09-03,177.55,180.45,176.59,178.52,50713412
2317,2024-09-04,168.87,174.66,165.97,173.21,124980705
2317,2024-09-05,173.69,174.66,168.87,168.87,75390366
2317,2024-09-06,169.35,171.76,168.87,170.31,38390840
2317,2024-09-09,165.97,167.9,164.52,165.97,66946358
2317,2024-09-10,167.42,167.9,161.63,163.08,89950703
2317,2024-09-11,164.04,165.97,163.56,163.56,29053719
2317,2024-09-12,168.38,171.28,167.9,171.28,52398341
2317,2024-09-13,172.73,173.21,168.87,169.83,34996605
2317,2024-09-16,170.8,175.62,168.87,174.66,53785495
2317,2024-09-18,172.73,173.21,167.42,167.9,76540029
2317,2024-09-19,168.38,170.31,166.94,170.31,41446153
2317,2024-09-20,173.69,175.62,170.8,170.8,81520029
2317,2024-09-23,171.76,174.17,171.28,173.69,30529852
2317,2024-09-24,172.73,177.55,171.76,176.59,56746047
2317,2024-09-25,179.96,184.31,179.48,181.89,117055770
2317,2024-09-26,185.27,186.24,181.89,182.86,65079925
2317,2024-09-27,185.27,187.2,183.34,184.31,67106252
2317,2024-09-30,183.34,184.31,180.93,180.93,61700675
2317,2024-10-01,182.38,183.34,179.0,180.45,33579126
2317,2024-10-04,181.41,189.61,181.41,187.2,114048146
2317,2024-10-07,192.03,192.03,188.17,190.58,83512089
2317,2024-10-08,190.1,190.58,187.2,187.2,53834729
2317,2024-10-09,191.06,192.99,190.1,192.03,83114046
2317,2024-10-11,192.99,194.92,192.03,192.99,69936130
2317,2024-10-14,192.99,192.99,189.61,192.03,36211894
2317,2024-10-15,193.96,200.23,193.47,199.75,126315098
2317,2024-10-16,196.85,200.23,196.37,197.82,96069107
2317,2024-10-17,200.23,201.68,196.85,201.19,65050499
2317,2024-10-18,202.64,203.61,199.75,200.23,101109312
2317,2024-10-21,202.64,206.02,201.68,202.64,58640655
2317,2024-10-22,203.61,208.43,201.68,207.95,87878376
2317,2024-10-23,206.98,209.4,205.54,208.43,51043274
2317,2024-10-24,207.47,207.95,202.64,204.09,78486941
2317,2024-10-25,205.05,208.43,204.57,208.43,49063789
2317,2024-10-28,210.84,213.74,206.5,207.47,93823853
2317,2024-10-29,205.54,205.54,199.75,202.16,85568817
2317,2024-10-30,202.16,207.95,201.68,204.09,67172212
2317,2024-11-01,194.92,201.19,194.44,200.71,87793218
2317,2024-11-04,201.68,206.5,200.71,206.5,57179294
2317,2024-11-05,204.57,207.95,203.61,206.5,43137748
2317,2024-11-06,207.47,209.4,205.05,206.02,66841891
2317,2024-11-07,204.57,211.33,204.57,209.4,75949925
2317,2024-11-08,211.81,212.29,209.88,210.36,53938151
2317,2024-11-11,211.81,212.29,209.88,212.29,41304740
2317,2024-11-12,209.88,210.84,206.5,206.5,67724865
2317,2024-11-13,205.05,208.91,205.05,206.98,54978607
2317,2024-11-14,207.47,207.95,201.68,204.09,71008649
2317,2024-11-15,204.57,206.98,198.78,199.75,99347209
2317,2024-11-18,197.82,200.71,194.92,195.4,59712102
2317,2024-11-19,196.37,197.82,193.96,196.37,59058419
2317,2024-11-20,198.78,198.78,198.78,198.78,44351353
2317,2024-11-21,197.82,197.82,194.92,195.4,49115813
2317,2024-11-22,198.3,199.75,195.89,195.89,36997322
2317,2024-11-25,198.78,203.12,198.3,203.12,80172067
2317,2024-11-26,199.75,199.75,194.92,195.4,92584940
2317,2024-11-27,193.47,193.96,189.61,189.61,92029898
2317,2024-11-28,189.13,192.03,186.24,188.65,56842531
2317,2024-11-29,186.72,192.03,185.75,188.65,48382854
2317,2024-12-02,191.54,192.51,188.65,189.13,46054629
2317,2024-12-03,191.54,192.99,189.61,189.61,50430915
2317,2024-12-04,190.58,194.44,190.1,193.96,48810602
2317,2024-12-05,195.89,196.37,192.03,192.03,45629278
2317,2024-12-06,192.51,194.44,190.58,191.06,46385653
2317,2024-12-09,191.54,192.03,188.17,188.17,39186123
2317,2024-12-10,186.24,188.17,185.27,185.27,55981201
2317,2024-12-11,183.34,187.2,182.38,182.38,62875365
2317,2024-12-12,183.82,186.24,181.89,181.89,47067315
2317,2024-12-13,181.89,182.86,179.0,179.96,52081754
2317,2024-12-16,181.41,182.86,175.14,175.62,71398289
2317,2024-12-17,174.66,179.48,174.66,176.59,54107138
2317,2024-12-18,176.59,179.0,176.1,178.03,46803571
2317,2024-12-19,174.66,175.62,172.73,174.66,62303203
2317,2024-12-20,174.66,177.55,173.69,174.66,55158347
2317,2024-12-23,178.52,180.93,177.55,179.0,50507684
2317,2024-12-24,180.93,180.93,179.0,179.0,32584682
2317,2024-12-25,179.96,181.41,179.48,179.96,21198608
2317,2024-12-26,180.93,182.38,180.45,180.93,35581123
2317,2024-12-27,180.93,181.41,179.0,179.96,20870917
2317,2024-12-30,179.0,180.45,178.03,178.52,23909208
2317,2024-12-31,178.03,178.52,176.59,177.55,21179875
2317,2025-01-02,177.55,179.48,175.14,176.1,38301022
2317,2025-01-03,176.59,177.55,174.17,174.66,46698161
2317,2025-01-06,178.52,180.93,177.07,178.03,66600965
2317,2025-01-07,180.45,185.27,179.96,183.34,80605094
2317,2025-01-08,183.34,183.34,180.45,181.41,40650155
2317,2025-01-09,181.41,181.41,176.59,176.59,44873514
2317,2025-01-10,176.1,177.55,174.66,175.14,39132489
2317,2025-01-13,173.69,174.17,165.49,165.49,148207264
2317,2025-01-14,165.49,168.38,165.01,168.38,62025042
2317,2025-01-15,168.38,169.35,165.01,165.01,57853514
2317,2025-01-16,168.87,169.83,166.94,167.42,41090927
2317,2025-01-17,166.94,169.35,165.97,167.42,44467947
2317,2025-01-20,168.38,171.76,168.38,171.76,33266229
2317,2025-01-21,172.24,173.69,170.8,172.24,31745824
2317,2025-01-22,174.17,174.66,172.24,173.69,43634401
2317,2025-02-03,158.25,162.11,157.77,159.7,155112848
2317,2025-02-04,161.15,163.08,159.22,159.22,62817481
2317,2025-02-05,161.15,165.49,161.15,165.01,50787569
2317,2025-02-06,166.45,167.9,165.01,166.94,40235011
2317,2025-02-07,168.87,171.76,167.9,171.76,50334024
2317,2025-02-10,169.83,170.31,167.9,167.9,35975740
2317,2025-02-11,171.76,175.62,169.83,172.73,69282654
2317,2025-02-12,175.14,175.14,170.8,170.8,41760435
2317,2025-02-13,170.8,174.66,170.8,173.69,40054109
2317,2025-02-14,173.69,174.17,171.28,171.76,26170902
2317,2025-02-17,173.21,176.1,172.73,176.1,46052153
2317,2025-02-18,176.59,177.55,174.66,177.07,26614265
2317,2025-02-19,177.07,178.03,175.62,176.59,33998620
2317,2025-02-20,176.59,177.07,175.14,175.62,23201907
2317,2025-02-21,175.14,177.55,174.66,176.59,34837198
2317,2025-02-24,174.66,177.55,174.17,177.55,26499357
2317,2025-02-25,175.14,175.62,171.28,171.28,62236037
2317,2025-02-26,168.87,174.66,168.38,174.17,44189198
2317,2025-02-27,173.69,175.14,167.9,167.9,78529299
2317,2025-03-03,165.97,168.87,164.04,164.04,67754390
2317,2025-03-04,159.7,165.97,159.22,164.52,68513242
2317,2025-03-05,165.49,168.87,165.49,167.42,44481318
2317,2025-03-06,169.35,169.83,167.42,167.42,28371666
2317,2025-03-07,165.01,168.38,165.01,165.97,31346422
2317,2025-03-10,167.42,167.9,164.04,165.97,35538548
2317,2025-03-11,160.18,163.56,159.22,162.59,65518436
2317,2025-03-12,163.08,165.49,163.08,164.52,39457767
2317,2025-03-13,166.45,167.9,162.11,162.11,33203563
2317,2025-03-14,162.59,164.52,162.11,164.04,32460048
2317,2025-03-17,165.97,166.45,162.11,162.11,49505421
2317,2025-03-18,163.08,163.56,161.15,161.63,38491878
2317,2025-03-19,161.15,161.63,157.77,158.25,76827146
2317,2025-03-20,159.22,161.15,158.74,160.18,36080294
2317,2025-03-21,161.15,161.15,159.22,159.22,44208163
2317,2025-03-24,160.66,161.15,157.29,157.29,40731359
2317,2025-03-25,159.7,160.66,158.25,159.22,32238564
2317,2025-03-26,160.18,161.15,159.22,160.18,18157417
2317,2025-03-27,157.77,158.25,154.39,154.88,64776987
2317,2025-03-28,152.46,152.95,147.64,148.6,106024520
2317,2025-03-31,139.92,144.26,139.92,140.88,126784939
2317,2025-04-01,143.3,147.64,142.81,146.67,59980318
2317,2025-04-02,147.64,149.09,146.67,148.12,38028390
2317,2025-04-07,133.65,133.65,133.65,133.65,26126364
2317,2025-04-08,122.55,125.93,120.62,120.62,301202019
2317,2025-04-09,114.83,118.21,108.56,108.56,358282270
2317,2025-04-10,119.17,119.17,119.17,119.17,35122259
2317,2025-04-11,114.35,130.27,112.9,129.79,293820443
2317,2025-04-14,136.54,139.92,131.23,133.65,210223406
2317,2025-04-15,134.13,135.09,131.23,134.61,84519852
2317,2025-04-16,133.16,134.61,131.23,131.23,59628853
2317,2025-04-17,129.79,130.75,127.37,129.79,63502645
2317,2025-04-18,130.27,131.72,128.82,130.75,25953939
2317,2025-04-21,130.27,132.2,129.79,131.72,31715258
2317,2025-04-22,129.79,131.23,126.89,127.37,43756112
2317,2025-04-23,131.23,134.61,131.23,134.13,64790108
2317,2025-04-24,134.13,134.13,130.75,131.72,43373263
2317,2025-04-25,135.58,136.06,133.65,134.13,53501504
2317,2025-04-28,135.09,138.47,135.09,137.51,46661370
2317,2025-04-29,136.54,138.47,136.06,137.99,37793068
2317,2025-04-30,137.99,138.95,136.54,136.54,41225512
2317,2025-05-02,139.44,142.81,138.95,142.33,58858234
2317,2025-05-05,143.78,143.78,137.02,137.51,65835101
2317,2025-05-06,137.51,141.37,137.02,140.88,52642201
2317,2025-05-07,141.37,142.81,138.47,139.92,42941757
2317,2025-05-08,140.4,141.37,139.44,140.88,28650766
2317,2025-05-09,141.37,142.33,140.4,141.85,29653062
2317,2025-05-12,143.78,147.64,143.3,147.64,58159600
2317,2025-05-13,153.91,155.84,151.5,152.46,91396561
2317,2025-05-14,155.84,157.29,153.91,157.29,68720158
2317,2025-05-15,157.29,157.29,152.95,153.91,68371776
2317,2025-05-16,152.95,153.91,151.5,152.46,34064080
2317,2025-05-19,151.5,152.46,148.6,148.6,51994460
2317,2025-05-20,151.5,152.95,148.12,148.6,40404578
2317,2025-05-21,149.57,151.02,149.09,149.57,28794921
2317,2025-05-22,148.12,148.6,146.19,147.64,36180030
2317,2025-05-23,150.53,150.53,147.64,148.6,22240124
2317,2025-05-26,147.16,149.57,145.71,147.64,28674499
2317,2025-05-27,148.12,149.57,146.67,146.67,27178660
2317,2025-05-28,148.6,148.6,146.19,146.67,31301270
2317,2025-05-29,149.09,152.46,148.6,150.53,88695221
2317,2025-06-02,148.6,149.09,145.71,147.16,54596606
2317,2025-06-03,148.12,149.57,146.19,146.19,37496603
2317,2025-06-04,148.12,150.53,147.64,150.53,39430089
2317,2025-06-05,151.02,151.5,150.05,150.05,34135967
2317,2025-06-06,150.05,150.05,147.64,147.64,23622232
2317,2025-06-09,149.57,150.05,148.6,149.09,18242233
2317,2025-06-10,150.05,150.53,149.57,150.05,31625938
2317,2025-06-11,151.02,151.98,150.05,150.53,26921144
2317,2025-06-12,150.05,152.46,148.6,151.98,32770167
2317,2025-06-13,151.5,152.95,150.53,151.02,37075939
2317,2025-06-16,150.53,151.5,149.09,149.57,21564832
2317,2025-06-17,151.02,151.5,149.09,149.57,25153697
2317,2025-06-18,149.57,151.02,148.6,150.53,34125837
2317,2025-06-19,150.05,150.53,148.6,148.6,20289055
2317,2025-06-20,149.09,150.05,147.64,150.05,58365008
2317,2025-06-23,147.64,150.53,146.67,150.53,48485749
2317,2025-06-24,152.46,156.32,151.98,154.88,66177329
2317,2025-06-25,155.84,156.32,154.39,156.32,48074338
2317,2025-06-26,156.32,158.25,155.84,157.29,64983063
2317,2025-06-27,157.29,159.7,156.81,159.22,74726884
2317,2025-06-30,160.18,160.66,155.36,155.36,59551541
2317,2025-07-01,155.84,160.18,155.36,159.7,101734619
2317,2025-07-02,160.0,162.0,160.0,162.0,64904578
2317,2025-07-03,164.0,164.5,163.0,164.0,45499276
2317,2025-07-04,164.0,164.5,160.5,161.0,27434055
2317,2025-07-07,161.0,162.0,159.5,161.0,23838993
2317,2025-07-08,160.5,161.0,158.5,159.0,30285544
2317,2025-07-09,159.5,161.5,159.0,161.0,28926202
2317,2025-07-10,161.0,162.5,160.0,161.5,29653356
2317,2025-07-11,161.5,162.5,160.5,161.5,20131944
2317,2025-07-14,161.5,162.5,160.5,160.5,18584525
2317,2025-07-15,160.0,163.0,160.0,163.0,20264333
2317,2025-07-16,163.0,164.0,162.5,162.5,23986877
2317,2025-07-17,163.0,164.0,162.5,164.0,20425825
2317,2025-07-18,165.0,166.0,164.5,165.5,34053809
2317,2025-07-21,166.0,166.5,164.5,165.0,16688671
2317,2025-07-22,165.0,166.0,161.5,162.0,37854645
2317,2025-07-23,163.5,166.0,163.5,166.0,50337916
2317,2025-07-24,168.0,174.0,167.5,174.0,124903778
2317,2025-07-25,175.5,175.5,173.0,174.5,55406174
2317,2025-07-28,176.0,178.0,175.5,176.0,54693143
2317,2025-07-29,175.0,175.5,171.0,171.5,48559908
2317,2025-07-30,171.5,171.5,171.5,171.5,0
2317,2025-07-31,178.0,179.0,176.0,178.0,88011311
2317,2025-08-04,179.5,181.0,178.5,180.0,43591055
2317,2025-08-05,182.0,185.0,182.0,184.5,50872232
2317,2025-08-06,185.5,188.5,184.0,186.0,67331558
2317,2025-08-07,190.0,195.0,190.0,194.5,116627300
2317,2025-08-08,197.0,197.0,193.5,194.5,63362046
2317,2025-08-11,194.0,198.0,192.5,198.0,50587400
2317,2025-08-12,198.5,199.0,195.5,197.0,37740908
2317,2025-08-13,198.0,199.0,193.5,198.5,99654169
2317,2025-08-14,197.5,200.0,197.0,199.5,76141475
2317,2025-08-15,205.0,208.0,202.0,207.0,152202911
2317,2025-08-18,207.5,210.0,206.0,210.0,71303659
2317,2025-08-19,210.0,212.0,208.0,208.0,48799892
2317,2025-08-20,206.0,206.5,200.0,200.5,120493896
2317,2025-08-21,201.0,206.0,201.0,206.0,66575736
2317,2025-08-22,208.0,208.0,202.0,202.5,52817040
2317,2025-08-25,207.0,208.0,206.0,207.5,51151687
2317,2025-08-26,207.0,209.0,206.0,209.0,40946610
2317,2025-08-27,210.0,210.0,207.5,208.0,39112918
2317,2025-08-28,207.5,207.5,204.0,206.0,45436240
2317,2025-08-29,206.0,207.0,202.5,203.5,52960909
2317,2025-09-01,203.0,204.5,197.0,198.5,67997565
2317,2025-09-02,200.0,203.5,198.0,198.5,34829147
2317,2025-09-03,198.5,201.0,197.0,200.5,33636295
2317,2025-09-04,203.0,205.0,202.0,203.0,41160693
2317,2025-09-05,205.5,206.5,203.0,205.0,37057097
2317,2025-09-08,206.0,207.5,202.0,203.5,44569167
2317,2025-09-09,204.5,208.0,204.0,207.5,63494345
2317,2025-09-10,211.0,211.0,209.0,210.0,84148890
2317,2025-09-11,212.0,216.5,209.0,214.5,129973733
2317,2025-09-12,217.0,218.5,216.5,217.5,71479522
2317,2025-09-15,218.5,218.5,213.0,216.0,55330938
2317,2025-09-16,217.0,217.0,213.5,215.5,49662786
2317,2025-09-17,214.0,214.5,211.0,212.0,55894730
2317,2025-09-18,211.5,216.0,208.0,215.0,78891977
2317,2025-09-19,216.5,217.0,214.0,214.0,56361409
2317,2025-09-22,215.5,218.0,214.0,216.0,33805955
2317,2025-09-23,218.0,222.0,217.5,221.0,103442188
2317,2025-09-24,222.0,223.0,219.0,223.0,64385629
2317,2025-09-25,223.0,231.0,222.5,230.0,123630302
2317,2025-09-26,230.0,230.5,218.5,219.5,116991800
2317,2025-09-30,224.0,224.0,215.5,216.0,87033036
2317,2025-10-01,219.0,222.0,216.0,219.0,57644055
2317,2025-10-02,221.5,226.0,221.0,225.5,71706441
2317,2025-10-03,226.0,228.0,224.5,226.5,51488648
2317,2025-10-07,230.0,231.5,225.0,228.5,64479912
2317,2025-10-08,225.0,225.5,222.0,225.0,48654405
2317,2025-10-09,227.0,227.0,221.0,221.5,54969959
2317,2025-10-13,210.0,216.0,210.0,213.0,105751618
2317,2025-10-14,216.0,217.5,205.0,206.0,103962992
2317,2025-10-15,207.5,208.0,203.0,206.5,63725983
2317,2025-10-16,215.0,225.5,211.5,223.0,150705656
2317,2025-10-17,224.0,230.0,222.5,226.5,117393949
2317,2025-10-20,230.0,239.5,229.0,238.5,149270185
2317,2025-10-21,241.5,245.5,238.0,239.0,117969555
2317,2025-10-22,238.0,243.0,236.5,242.5,69466417
2317,2025-10-23,240.0,240.5,238.0,239.0,47487658
2317,2025-10-27,249.0,249.0,243.0,246.5,78976148
2317,2025-10-28,248.0,250.0,246.5,250.0,72210529
2317,2025-10-29,254.0,263.0,253.0,260.0,122095968
2317,2025-10-30,262.5,265.0,256.5,262.0,105395242
2317,2025-10-31,261.0,262.0,257.0,257.5,60671044
2317,2025-11-03,255.0,256.5,250.0,251.5,92588580
2317,2025-11-04,252.0,255.0,244.0,244.0,91077032
2317,2025-11-05,239.0,248.5,237.0,247.0,111699424
2317,2025-11-06,249.5,250.5,246.0,248.0,64418664
2317,2025-11-07,246.0,250.5,244.0,244.0,48667340
2317,2025-11-10,245.0,250.0,244.0,249.5,50699016
2317,2025-11-11,251.0,252.0,246.5,246.5,49323677
2317,2025-11-12,248.0,252.0,245.0,251.0,63578429
2317,2025-11-13,256.0,256.0,247.0,252.0,89314039
2317,2025-11-14,246.5,247.0,241.0,241.0,107025603
2317,2025-11-17,241.0,242.0,235.0,236.0,82230187
2317,2025-11-18,231.5,237.0,230.0,230.0,74877047
2317,2025-11-19,226.5,230.0,226.5,229.0,69017030
2317,2025-11-20,237.0,238.0,232.5,236.5,77074387
2317,2025-11-21,226.0,229.5,225.0,225.0,92224538
2317,2025-11-24,226.5,227.0,220.0,220.0,96559056
2317,2025-11-25,225.0,226.0,219.0,219.0,71531864
2317,2025-11-26,221.0,228.0,221.0,227.0,67295295
2317,2025-11-27,229.0,232.0,226.0,231.0,62010923
2317,2025-11-28,229.5,229.5,225.0,225.5,55419918
2317,2025-12-01,225.0,226.0,222.0,222.0,50775578
2317,2025-12-02,220.5,225.0,220.5,222.0,48093660
2317,2025-12-03,225.0,230.0,225.0,227.0,51488715
2317,2025-12-04,230.0,230.0,227.5,228.5,25112739
2317,2025-12-05,229.0,231.5,228.5,231.0,34284096
2317,2025-12-08,231.5,232.0,229.0,232.0,29235914
2317,2025-12-09,233.0,236.5,232.0,235.0,53342004
2317,2025-12-10,236.0,236.0,232.0,233.5,35301661
2317,2025-12-11,234.0,234.5,226.0,226.0,56426793
2317,2025-12-12,227.0,228.5,225.0,227.0,28800768
2317,2025-12-15,221.0,223.0,220.5,221.5,41393524
2317,2025-12-16,220.0,220.5,215.0,218.0,59731441
2317,2025-12-17,218.0,219.5,216.0,216.5,41170423
2317,2025-12-18,214.5,217.0,213.5,216.0,47662851
2317,2025-12-19,219.0,221.5,218.0,221.5,40816061
2317,2025-12-22,224.5,225.5,223.0,224.0,39334152
2317,2025-12-23,225.5,226.0,223.5,224.0,29072621
2317,2025-12-24,225.5,227.5,224.0,224.0,35691897
2317,2025-12-26,225.5,227.5,224.5,225.5,28309367
2317,2025-12-29,227.0,233.0,226.5,231.0,56570767
2317,2025-12-30,230.5,231.0,228.0,228.0,35182695
2317,2025-12-31,228.5,231.5,228.0,230.5,40505358
2317,2026-01-02,232.0,233.5,229.0,232.0,57704460
2317,2026-01-05,234.5,236.0,233.5,234.5,63164221
2317,2026-01-06,237.0,239.0,232.5,236.0,63939915
2317,2026-01-07,237.5,241.5,235.0,238.5,82446725
2317,2026-01-08,237.5,237.5,228.5,229.5,85561505
2317,2026-01-09,230.0,232.0,227.0,230.5,36453268
2317,2026-01-12,233.0,233.0,228.5,228.5,31525354
2317,2026-01-13,230.0,230.5,226.0,226.5,42839849
2317,2026-01-14,228.0,234.5,227.5,234.5,63677855
2317,2026-01-15,234.0,234.0,231.0,233.5,34263022
2317,2026-01-16,235.0,235.0,231.0,234.5,47340006
2317,2026-01-19,233.5,233.5,229.0,229.5,51232322
2317,2026-01-20,228.5,228.5,223.5,223.5,73125523
2317,2026-01-21,221.0,225.0,219.0,219.0,72461575
2317,2026-01-22,223.5,226.0,222.0,223.5,46717048
2317,2026-01-23,225.5,226.5,221.5,221.5,32682740
2317,2026-01-26,222.5,225.0,220.0,224.0,38021744
2317,2026-01-27,226.0,227.0,224.0,225.5,35936182
2317,2026-01-28,227.0,231.5,224.0,225.5,77656661
2317,2026-01-29,226.5,227.5,222.0,224.0,54347878
2317,2026-01-30,223.5,223.5,218.5,220.5,68997336
2317,2026-02-02,219.5,220.0,213.5,214.5,61482988
2317,2026-02-03,218.5,220.0,214.5,216.5,40387110
2317,2026-02-04,214.5,219.0,214.0,219.0,26990407
2317,2026-02-05,217.5,220.0,215.0,215.5,41975910
2317,2026-02-06,215.0,216.5,210.5,215.0,54938386
2317,2026-02-09,219.0,220.5,217.5,218.5,30183295
2317,2026-02-10,220.0,222.0,218.0,221.0,46182261
2317,2026-02-11,222.5,227.0,220.5,227.0,65872532
2317,2026-02-23,229.5,231.0,227.0,228.5,81100478
2317,2026-02-24,229.5,232.5,228.0,232.0,66757493
2317,2026-02-25,235.0,247.0,234.5,246.5,162158621
2317,2026-02-26,253.5,253.5,241.5,243.0,117910827
2317,2026-03-02,234.0,241.0,232.5,239.0,72894162
2317,2026-03-03,239.0,240.0,228.0,229.0,84561556
2317,2026-03-04,224.5,225.0,216.5,217.0,117264053
2317,2026-03-05,224.5,228.0,222.0,224.0,54395081
2317,2026-03-06,221.0,223.5,219.0,223.0,36562334
2317,2026-03-09,208.0,212.5,206.0,210.5,89078875
2317,2026-03-10,216.0,216.5,209.5,209.5,66168862
2317,2026-03-11,212.5,220.0,212.5,219.0,53568046
2317,2026-03-12,217.0,218.5,213.0,214.5,42953811
2317,2026-03-13,211.5,216.0,210.0,214.5,35894769
2317,2026-03-16,216.0,217.5,214.0,216.5,37886518
2317,2026-03-17,215.5,216.5,212.0,212.0,106419159
2317,2026-03-18,212.5,213.5,210.0,210.0,72625994
2317,2026-03-19,207.5,207.5,205.0,205.0,83275296
2317,2026-03-20,203.5,205.0,200.5,203.0,89100557
2317,2026-03-23,196.5,197.5,195.0,196.0,73041333
2317,2026-03-24,198.5,199.5,194.0,195.0,53882508
2317,2026-03-25,200.0,201.0,197.0,200.0,40930016
2317,2026-03-26,202.5,206.0,200.5,200.5,40681455
2317,2026-03-27,197.0,200.5,196.5,199.5,28552049
2317,2026-03-30,194.5,195.5,193.0,194.0,44238703
2317,2026-03-31,191.0,192.5,187.5,187.5,85781264
2317,2026-04-01,195.0,197.5,194.5,197.0,44327183
2317,2026-04-02,198.0,199.0,191.5,193.0,36299062
2317,2026-04-07,195.0,195.5,189.5,192.0,35130860
2317,2026-04-08,196.5,202.0,196.5,201.5,65536699
2317,2026-04-09,201.0,201.5,198.0,200.0,40511384
2317,2026-04-10,200.5,202.5,199.5,200.5,55780853
2317,2026-04-13,200.0,202.5,198.5,200.0,36786764
2317,2026-04-14,204.0,208.0,203.5,207.5,56963436
2317,2026-04-15,211.5,211.5,206.5,207.5,69041187
2317,2026-04-16,207.5,211.0,206.0,207.0,44353061
2317,2026-04-17,207.5,209.5,203.5,206.0,47524705
2317,2026-04-20,206.0,209.5,204.5,207.5,38137175
2317,2026-04-21,210.0,213.0,209.5,211.0,55956369
2317,2026-04-22,213.0,223.5,212.5,221.0,135835479
2317,2026-04-23,229.5,233.0,218.0,225.0,169098376
2317,2026-04-24,227.0,227.0,218.0,221.5,75559985
2317,2026-04-27,224.0,230.0,220.0,228.0,106041417
2317,2026-04-28,230.0,234.0,225.0,225.5,101695092
2317,2026-04-29,226.0,226.0,222.0,225.0,42650013
2317,2026-04-30,224.5,230.0,219.5,219.5,71802349
2317,2026-05-04,224.0,229.5,223.5,227.5,55806920
2317,2026-05-05,227.5,240.0,227.0,239.5,155860044
2317,2026-05-06,246.5,253.0,245.0,252.0,233432260
2317,2026-05-07,255.0,258.0,250.0,253.5,125546014
2317,2026-05-08,254.0,256.0,245.5,250.0,98286050
2317,2026-05-11,256.5,258.0,251.0,252.0,61755068
2317,2026-05-12,254.0,254.0,246.0,250.0,81122139
2317,2026-05-13,246.5,251.0,242.5,251.0,70431323
2317,2026-05-14,255.0,255.0,244.0,244.5,71191228
2317,2026-05-15,249.0,260.0,247.0,248.5,134968302
2317,2026-05-18,251.0,251.0,241.0,248.5,60689919
2317,2026-05-19,251.0,254.0,244.0,245.0,68744554
2317,2026-05-20,246.5,246.5,239.5,240.0,61055296
2317,2026-05-21,245.0,249.0,244.0,247.5,50459560
2317,2026-05-22,249.0,251.5,245.0,250.0,55061095
2317,2026-05-25,255.0,263.5,255.0,261.0,119013627
2317,2026-05-26,262.5,263.5,257.0,259.0,54322447
2317,2026-05-27,263.0,269.0,261.0,264.0,76194767
2317,2026-05-28,265.0,269.5,259.5,263.0,71820253
2317,2026-05-29,269.0,289.0,268.0,289.0,282852094
2317,2026-06-01,302.0,304.5,293.0,293.5,194094294
2317,2026-06-02,297.5,302.0,293.0,301.5,110375105
2317,2026-06-03,306.0,314.0,299.0,309.0,146416447
2317,2026-06-04,309.0,309.0,293.0,293.0,105281727
2317,2026-06-05,290.5,292.5,278.0,284.5,89253266
2317,2026-06-08,257.5,272.0,257.5,269.5,112878529
2317,2026-06-09,270.5,277.5,268.5,277.5,71791661
2317,2026-06-10,271.0,274.0,262.5,263.0,82371415
2317,2026-06-11,260.0,262.5,251.5,258.5,88135941
2317,2026-06-12,266.5,269.0,260.0,260.5,58714860
2317,2026-06-15,271.0,272.5,265.0,267.5,53635501
2317,2026-06-16,270.0,271.0,265.5,269.0,54847841
2317,2026-06-17,266.0,272.0,264.0,272.0,40918113
2317,2026-06-18,270.5,271.5,268.5,268.5,67328101
2454,2024-06-18,1267.66,1295.32,1267.66,1295.32,7677930
2454,2024-06-19,1313.76,1369.07,1309.15,1369.07,11552021
2454,2024-06-20,1369.07,1382.9,1346.03,1382.9,6213796
2454,2024-06-21,1355.25,1378.29,1332.2,1373.68,10724486
2454,2024-06-24,1341.42,1350.64,1295.32,1299.93,9093868
2454,2024-06-25,1263.05,1290.71,1258.44,1276.88,9382535
2454,2024-06-26,1286.1,1318.37,1286.1,1295.32,4993229
2454,2024-06-27,1272.27,1299.93,1272.27,1286.1,4724876
2454,2024-06-28,1290.71,1295.32,1267.66,1290.71,6843642
2454,2024-07-01,1295.32,1327.59,1295.32,1304.54,5023006
2454,2024-07-02,1299.93,1304.54,1281.49,1299.93,5090265
2454,2024-07-03,1318.37,1318.37,1281.49,1295.32,6361645
2454,2024-07-04,1300.41,1319.26,1295.7,1295.7,7642964
2454,2024-07-05,1300.41,1305.13,1258.01,1272.14,6406820
2454,2024-07-08,1262.72,1338.11,1258.01,1338.11,7726110
2454,2024-07-09,1366.38,1375.8,1333.4,1375.8,9654123
2454,2024-07-10,1371.09,1375.8,1328.68,1352.24,5443505
2454,2024-07-11,1352.24,1375.8,1333.4,1338.11,5250273
2454,2024-07-12,1286.28,1305.13,1272.14,1281.57,6871306
2454,2024-07-15,1290.99,1300.41,1272.14,1276.86,3536752
2454,2024-07-16,1276.86,1286.28,1248.59,1267.43,5001135
2454,2024-07-17,1258.01,1267.43,1229.74,1248.59,5978911
2454,2024-07-18,1196.76,1215.6,1177.91,1206.18,9831726
2454,2024-07-19,1187.33,1210.89,1187.33,1187.33,5871057
2454,2024-07-22,1182.62,1187.33,1126.08,1154.35,7245311
2454,2024-07-23,1182.62,1201.47,1168.49,1201.47,6430338
2454,2024-07-26,1121.37,1182.62,1116.66,1173.2,10242503
2454,2024-07-29,1192.05,1206.18,1159.06,1168.49,5100068
2454,2024-07-30,1159.06,1182.62,1140.22,1182.62,4423237
2454,2024-07-31,1159.06,1163.78,1130.79,1149.64,7379704
2454,2024-08-01,1144.93,1163.78,1111.95,1111.95,12041919
2454,2024-08-02,1064.83,1074.25,1027.14,1027.14,13774887
2454,2024-08-05,937.62,961.18,924.42,933.85,22181134
2454,2024-08-06,1027.14,1027.14,975.31,1013.0,16439278
2454,2024-08-07,1027.14,1083.68,1017.72,1083.68,10529284
2454,2024-08-08,1055.41,1074.25,1036.56,1050.7,8053732
2454,2024-08-09,1083.68,1088.39,1055.41,1060.12,6961644
2454,2024-08-12,1078.97,1107.24,1074.25,1107.24,4578908
2454,2024-08-13,1111.95,1116.66,1083.68,1093.1,3784683
2454,2024-08-14,1107.24,1121.37,1102.52,1116.66,4435983
2454,2024-08-15,1102.52,1111.95,1088.39,1088.39,3064248
2454,2024-08-16,1116.66,1168.49,1116.66,1159.06,6964050
2454,2024-08-19,1168.49,1192.05,1159.06,1182.62,5847224
2454,2024-08-20,1196.76,1196.76,1168.49,1177.91,4293705
2454,2024-08-21,1149.64,1168.49,1140.22,1149.64,4500318
2454,2024-08-22,1159.06,1168.49,1144.93,1159.06,3022975
2454,2024-08-23,1135.51,1154.35,1121.37,1154.35,4222716
2454,2024-08-26,1173.2,1173.2,1140.22,1144.93,3699292
2454,2024-08-27,1130.79,1144.93,1121.37,1140.22,3877314
2454,2024-08-28,1135.51,1149.64,1116.66,1130.79,4610835
2454,2024-08-29,1107.24,1182.62,1107.24,1177.91,5404585
2454,2024-08-30,1187.33,1187.33,1154.35,1168.49,5810148
2454,2024-09-02,1168.49,1177.91,1144.93,1154.35,3182122
2454,2024-09-03,1154.35,1154.35,1130.79,1149.64,3422128
2454,2024-09-04,1069.54,1102.52,1064.83,1069.54,9683111
2454,2024-09-05,1055.41,1064.83,1041.27,1045.98,9051905
2454,2024-09-06,1045.98,1083.68,1041.27,1078.97,5102862
2454,2024-09-09,1036.56,1050.7,1027.14,1041.27,7139369
2454,2024-09-10,1050.7,1064.83,1036.56,1064.83,5579319
2454,2024-09-11,1060.12,1069.54,1045.98,1045.98,4019795
2454,2024-09-12,1083.68,1088.39,1069.54,1088.39,4341122
2454,2024-09-13,1093.1,1097.81,1060.12,1060.12,3453407
2454,2024-09-16,1055.41,1064.83,1036.56,1064.83,3682733
2454,2024-09-18,1050.7,1055.41,1031.85,1041.27,7064375
2454,2024-09-19,1041.27,1064.83,1017.71,1055.41,7749361
2454,2024-09-20,1078.97,1088.39,1060.12,1060.12,8871960
2454,2024-09-23,1060.12,1083.68,1055.41,1078.97,4490555
2454,2024-09-24,1069.54,1126.08,1069.54,1126.08,6847737
2454,2024-09-25,1149.64,1159.06,1135.51,1154.35,10887978
2454,2024-09-26,1163.78,1206.18,1159.06,1196.76,9413246
2454,2024-09-27,1206.18,1229.74,1177.91,1187.33,8955853
2454,2024-09-30,1163.78,1163.78,1107.24,1107.24,8477410
2454,2024-10-01,1126.08,1159.06,1121.37,1140.22,6000269
2454,2024-10-04,1130.79,1168.49,1130.79,1159.06,6956378
2454,2024-10-07,1177.91,1220.32,1159.06,1177.91,8959497
2454,2024-10-08,1168.49,1177.91,1154.35,1154.35,4347108
2454,2024-10-09,1187.33,1201.47,1168.49,1173.2,5544071
2454,2024-10-11,1192.05,1234.45,1192.05,1225.03,9881759
2454,2024-10-14,1234.45,1234.45,1210.89,1215.6,3998990
2454,2024-10-15,1234.45,1234.45,1215.6,1225.03,5915032
2454,2024-10-16,1187.33,1220.32,1187.33,1201.47,6461649
2454,2024-10-17,1220.32,1220.32,1192.05,1201.47,4139436
2454,2024-10-18,1225.03,1253.3,1220.32,1229.74,8327410
2454,2024-10-21,1234.45,1267.43,1234.45,1253.3,6320618
2454,2024-10-22,1234.45,1239.16,1220.32,1234.45,5200879
2454,2024-10-23,1206.18,1248.59,1201.47,1225.03,5399321
2454,2024-10-24,1225.03,1229.74,1196.76,1196.76,4473596
2454,2024-10-25,1196.76,1248.59,1196.76,1239.16,6810511
2454,2024-10-28,1253.3,1262.72,1239.16,1258.01,5375094
2454,2024-10-29,1239.16,1239.16,1210.89,1225.03,5336390
2454,2024-10-30,1215.6,1239.16,1210.89,1215.6,5429739
2454,2024-11-01,1149.64,1225.03,1149.64,1215.6,7755216
2454,2024-11-04,1210.89,1229.74,1206.18,1220.32,3429980
2454,2024-11-05,1210.89,1225.03,1206.18,1215.6,3613551
2454,2024-11-06,1215.6,1243.87,1215.6,1229.74,3781856
2454,2024-11-07,1253.3,1253.3,1225.03,1229.74,4276840
2454,2024-11-08,1234.45,1243.87,1206.18,1206.18,4130119
2454,2024-11-11,1225.03,1234.45,1206.18,1220.32,2805531
2454,2024-11-12,1206.18,1220.32,1192.05,1192.05,4165815
2454,2024-11-13,1192.05,1201.47,1182.62,1182.62,4020882
2454,2024-11-14,1187.33,1192.05,1159.06,1163.78,4261333
2454,2024-11-15,1168.49,1201.47,1159.06,1196.76,4250152
2454,2024-11-18,1187.33,1192.05,1159.06,1168.49,3884093
2454,2024-11-19,1182.62,1215.6,1173.2,1210.89,4308916
2454,2024-11-20,1201.47,1201.47,1201.47,1201.47,4926471
2454,2024-11-21,1192.05,1196.76,1182.62,1192.05,2583520
2454,2024-11-22,1206.18,1234.45,1196.76,1234.45,6124283
2454,2024-11-25,1248.59,1253.3,1206.18,1206.18,7448148
2454,2024-11-26,1206.18,1215.6,1196.76,1206.18,3208553
2454,2024-11-27,1196.76,1210.89,1177.91,1177.91,2932917
2454,2024-11-28,1187.33,1192.05,1168.49,1182.62,4205695
2454,2024-11-29,1163.78,1196.76,1154.35,1182.62,4141261
2454,2024-12-02,1201.47,1239.16,1196.76,1234.45,4380160
2454,2024-12-03,1248.59,1253.3,1220.32,1239.16,5954597
2454,2024-12-04,1239.16,1248.59,1229.74,1243.87,4729113
2454,2024-12-05,1248.59,1258.01,1234.45,1248.59,5251677
2454,2024-12-06,1248.59,1262.72,1225.03,1229.74,4223587
2454,2024-12-09,1243.87,1248.59,1225.03,1248.59,4075270
2454,2024-12-10,1239.16,1281.57,1234.45,1272.14,5824301
2454,2024-12-11,1243.87,1276.86,1229.74,1272.14,6205868
2454,2024-12-12,1290.99,1319.26,1290.99,1300.41,7666196
2454,2024-12-13,1305.13,1328.68,1286.28,1328.68,6323798
2454,2024-12-16,1352.24,1356.95,1305.13,1305.13,7194809
2454,2024-12-17,1309.84,1361.67,1309.84,1342.82,8783456
2454,2024-12-18,1347.53,1347.53,1323.97,1338.11,5995195
2454,2024-12-19,1319.26,1347.53,1314.55,1338.11,6353336
2454,2024-12-20,1338.11,1342.82,1309.84,1309.84,5544646
2454,2024-12-23,1323.97,1342.82,1319.26,1328.68,4295456
2454,2024-12-24,1347.53,1347.53,1323.97,1323.97,3196077
2454,2024-12-25,1338.11,1347.53,1328.68,1328.68,2381315
2454,2024-12-26,1338.11,1347.53,1333.4,1338.11,2351336
2454,2024-12-27,1338.11,1356.95,1338.11,1347.53,2283253
2454,2024-12-30,1347.53,1352.24,1338.11,1338.11,2765852
2454,2024-12-31,1328.68,1342.82,1319.26,1333.4,3224086
2454,2025-01-02,1342.05,1346.86,1284.33,1298.76,6820305
2454,2025-01-03,1313.19,1318.0,1284.33,1313.19,5752498
2454,2025-01-06,1337.24,1370.91,1337.24,1370.91,6907233
2454,2025-01-07,1390.16,1443.07,1361.29,1433.45,12307998
2454,2025-01-08,1443.07,1443.07,1404.59,1414.21,10805038
2454,2025-01-09,1414.21,1423.83,1385.35,1385.35,7021298
2454,2025-01-10,1404.59,1438.26,1390.16,1409.4,7157266
2454,2025-01-13,1380.54,1404.59,1332.43,1337.24,9742772
2454,2025-01-14,1332.43,1361.29,1327.62,1346.86,5279672
2454,2025-01-15,1337.24,1390.16,1337.24,1366.1,6417175
2454,2025-01-16,1394.97,1414.21,1375.73,1404.59,7314623
2454,2025-01-17,1394.97,1399.78,1366.1,1375.73,5488719
2454,2025-01-20,1370.91,1399.78,1370.91,1390.16,3956489
2454,2025-01-21,1385.35,1419.02,1380.54,1409.4,4428280
2454,2025-01-22,1423.83,1438.26,1409.4,1409.4,6502859
2454,2025-02-03,1366.1,1467.12,1361.29,1443.07,18533177
2454,2025-02-04,1452.69,1471.93,1423.83,1433.45,8166768
2454,2025-02-05,1447.88,1471.93,1433.45,1467.12,9064753
2454,2025-02-06,1471.93,1510.41,1462.31,1467.12,9371366
2454,2025-02-07,1467.12,1471.93,1447.88,1467.12,6741142
2454,2025-02-10,1447.88,1452.69,1419.02,1423.83,8922872
2454,2025-02-11,1433.45,1471.93,1433.45,1452.69,8486272
2454,2025-02-12,1471.93,1481.55,1423.83,1428.64,7865557
2454,2025-02-13,1438.26,1462.31,1428.64,1462.31,4576098
2454,2025-02-14,1457.5,1476.74,1447.88,1447.88,4726126
2454,2025-02-17,1457.5,1486.36,1452.69,1486.36,7603778
2454,2025-02-18,1491.17,1491.17,1462.31,1476.74,5362376
2454,2025-02-19,1476.74,1486.36,1467.12,1481.55,4447177
2454,2025-02-20,1486.36,1486.36,1443.07,1443.07,6855773
2454,2025-02-21,1443.07,1467.12,1433.45,1452.69,5655119
2454,2025-02-24,1443.07,1486.36,1438.26,1486.36,6371982
2454,2025-02-25,1467.12,1500.79,1452.69,1491.17,7905273
2454,2025-02-26,1495.98,1515.22,1467.12,1500.79,7032006
2454,2025-02-27,1495.98,1515.22,1457.5,1457.5,10335277
2454,2025-03-03,1433.45,1438.26,1409.4,1414.21,10588492
2454,2025-03-04,1380.54,1452.69,1380.54,1447.88,7871467
2454,2025-03-05,1447.88,1471.93,1433.45,1447.88,6356979
2454,2025-03-06,1447.88,1452.69,1428.64,1438.26,3089136
2454,2025-03-07,1419.02,1428.64,1394.97,1409.4,5464123
2454,2025-03-10,1394.97,1404.59,1342.05,1342.05,9828231
2454,2025-03-11,1269.9,1337.24,1269.9,1332.43,10078176
2454,2025-03-12,1322.81,1370.91,1322.81,1356.48,7914116
2454,2025-03-13,1375.73,1385.35,1337.24,1337.24,6948447
2454,2025-03-14,1346.86,1375.73,1337.24,1346.86,7153832
2454,2025-03-17,1361.29,1385.35,1361.29,1370.91,4878893
2454,2025-03-18,1394.97,1443.07,1390.16,1419.02,10224305
2454,2025-03-19,1443.07,1457.5,1404.59,1409.4,7855359
2454,2025-03-20,1438.26,1443.07,1409.4,1428.64,6419295
2454,2025-03-21,1438.26,1443.07,1419.02,1423.83,4597519
2454,2025-03-24,1443.07,1447.88,1423.83,1423.83,3925730
2454,2025-03-25,1447.88,1481.55,1447.88,1467.12,7987673
2454,2025-03-26,1476.74,1481.55,1457.5,1457.5,3637846
2454,2025-03-27,1443.07,1452.69,1423.83,1428.64,4779867
2454,2025-03-28,1414.21,1438.26,1399.78,1409.4,4529681
2454,2025-03-31,1366.1,1385.35,1337.24,1337.24,7884707
2454,2025-04-01,1356.48,1404.59,1356.48,1404.59,6469737
2454,2025-04-02,1404.59,1404.59,1380.54,1380.54,4501455
2454,2025-04-07,1245.85,1245.85,1245.85,1245.85,1801849
2454,2025-04-08,1207.37,1250.66,1178.51,1212.18,18444110
2454,2025-04-09,1202.56,1207.37,1096.73,1140.02,19089246
2454,2025-04-10,1250.66,1250.66,1250.66,1250.66,1930024
2454,2025-04-11,1231.42,1342.05,1202.56,1332.43,16846917
2454,2025-04-14,1356.48,1370.91,1332.43,1346.86,12574667
2454,2025-04-15,1351.67,1361.29,1322.81,1332.43,6567345
2454,2025-04-16,1318.0,1332.43,1313.19,1313.19,5403460
2454,2025-04-17,1289.14,1298.76,1265.09,1289.14,6686132
2454,2025-04-18,1298.76,1327.62,1293.95,1313.19,3455357
2454,2025-04-21,1303.57,1303.57,1274.71,1293.95,3022376
2454,2025-04-22,1279.52,1303.57,1250.66,1250.66,4954354
2454,2025-04-23,1289.14,1322.81,1289.14,1318.0,6070924
2454,2025-04-24,1322.81,1322.81,1274.71,1279.52,6035060
2454,2025-04-25,1322.81,1337.24,1318.0,1327.62,6909233
2454,2025-04-28,1332.43,1337.24,1298.76,1298.76,5231320
2454,2025-04-29,1298.76,1318.0,1284.33,1318.0,5633730
2454,2025-04-30,1318.0,1318.0,1298.76,1298.76,5374395
2454,2025-05-02,1318.0,1318.0,1241.04,1250.66,16309878
2454,2025-05-05,1260.28,1284.33,1241.04,1245.85,7202362
2454,2025-05-06,1245.85,1250.66,1226.61,1231.42,6945409
2454,2025-05-07,1236.23,1250.66,1216.99,1226.61,5876206
2454,2025-05-08,1236.23,1255.47,1226.61,1241.04,5977244
2454,2025-05-09,1245.85,1274.71,1231.42,1274.71,6464226
2454,2025-05-12,1269.9,1274.71,1255.47,1265.09,5139679
2454,2025-05-13,1298.76,1313.19,1293.95,1303.57,9166229
2454,2025-05-14,1318.0,1322.81,1293.95,1308.38,6039143
2454,2025-05-15,1313.19,1327.62,1298.76,1318.0,5523760
2454,2025-05-16,1313.19,1322.81,1308.38,1313.19,3498707
2454,2025-05-19,1293.95,1298.76,1260.28,1260.28,7045364
2454,2025-05-20,1279.52,1298.76,1265.09,1265.09,5662042
2454,2025-05-21,1274.71,1293.95,1269.9,1289.14,4399231
2454,2025-05-22,1274.71,1289.14,1269.9,1274.71,3287944
2454,2025-05-23,1284.33,1289.14,1260.28,1265.09,4277084
2454,2025-05-26,1255.47,1255.47,1226.61,1231.42,7140240
2454,2025-05-27,1231.42,1241.04,1221.8,1231.42,6424061
2454,2025-05-28,1250.66,1255.47,1221.8,1231.42,7908648
2454,2025-05-29,1236.23,1255.47,1212.18,1212.18,19212826
2454,2025-06-02,1202.56,1221.8,1183.32,1212.18,10666133
2454,2025-06-03,1221.8,1241.04,1216.99,1226.61,5610470
2454,2025-06-04,1231.42,1241.04,1212.18,1226.61,10297345
2454,2025-06-05,1212.18,1216.99,1188.13,1197.75,15362134
2454,2025-06-06,1202.56,1231.42,1197.75,1231.42,10710374
2454,2025-06-09,1241.04,1250.66,1226.61,1236.23,7952617
2454,2025-06-10,1250.66,1284.33,1250.66,1284.33,11338136
2454,2025-06-11,1289.14,1293.95,1255.47,1265.09,11700995
2454,2025-06-12,1250.66,1255.47,1231.42,1236.23,10502334
2454,2025-06-13,1207.37,1216.99,1202.56,1202.56,8841922
2454,2025-06-16,1212.18,1221.8,1202.56,1207.37,4129774
2454,2025-06-17,1212.18,1231.42,1212.18,1226.61,5360829
2454,2025-06-18,1216.99,1241.04,1212.18,1236.23,5525157
2454,2025-06-19,1231.42,1236.23,1216.99,1216.99,4766573
2454,2025-06-20,1216.99,1226.61,1197.75,1202.56,5271667
2454,2025-06-23,1183.32,1212.18,1178.51,1207.37,4404035
2454,2025-06-24,1226.61,1236.23,1212.18,1221.8,4477491
2454,2025-06-25,1231.42,1250.66,1231.42,1245.85,5945025
2454,2025-06-26,1245.85,1250.66,1236.23,1241.04,5174101
2454,2025-06-27,1236.23,1250.66,1231.42,1236.23,5856843
2454,2025-06-30,1241.04,1250.66,1202.56,1202.56,7763199
2454,2025-07-01,1216.99,1255.47,1216.99,1226.61,8523024
2454,2025-07-02,1245.85,1250.66,1226.61,1245.85,6784867
2454,2025-07-03,1275.28,1275.28,1245.85,1245.85,11618186
2454,2025-07-04,1265.47,1280.18,1260.56,1265.47,7096708
2454,2025-07-07,1275.28,1275.28,1255.66,1255.66,4446172
2454,2025-07-08,1255.66,1255.66,1240.94,1245.85,3529215
2454,2025-07-09,1255.66,1334.14,1255.66,1329.23,13138793
2454,2025-07-10,1348.85,1373.38,1334.14,1373.38,11433007
2454,2025-07-11,1378.28,1393.0,1363.57,1393.0,9744661
2454,2025-07-14,1383.19,1383.19,1358.66,1358.66,5631886
2454,2025-07-15,1358.66,1378.28,1353.76,1368.47,4329964
2454,2025-07-16,1368.47,1388.09,1368.47,1383.19,5897943
2454,2025-07-17,1378.28,1393.0,1358.66,1363.57,5213698
2454,2025-07-18,1378.28,1383.19,1373.38,1383.19,4870093
2454,2025-07-21,1388.09,1417.52,1383.19,1397.9,5766633
2454,2025-07-22,1412.62,1427.33,1397.9,1402.81,7721986
2454,2025-07-23,1427.33,1427.33,1397.9,1402.81,4835003
2454,2025-07-24,1417.52,1422.43,1393.0,1402.81,4937526
2454,2025-07-25,1402.81,1417.52,1388.09,1402.81,5748883
2454,2025-07-28,1407.71,1412.62,1358.66,1373.38,6885421
2454,2025-07-29,1363.57,1368.47,1324.33,1334.14,9487581
2454,2025-07-30,1339.04,1358.66,1334.14,1353.76,5594339
2454,2025-07-31,1334.14,1358.66,1314.52,1343.95,8942761
2454,2025-08-04,1314.52,1324.33,1304.71,1304.71,4830756
2454,2025-08-05,1324.33,1329.23,1314.52,1314.52,3718187
2454,2025-08-06,1314.52,1324.33,1294.9,1294.9,5412343
2454,2025-08-07,1319.42,1339.04,1319.42,1329.23,5024691
2454,2025-08-08,1329.23,1334.14,1309.61,1324.33,5016534
2454,2025-08-11,1324.33,1343.95,1314.52,1329.23,3478971
2454,2025-08-12,1334.14,1343.95,1324.33,1334.14,3238403
2454,2025-08-13,1343.95,1358.66,1334.14,1343.95,7678115
2454,2025-08-14,1343.95,1368.47,1339.04,1363.57,4387884
2454,2025-08-15,1368.47,1373.38,1343.95,1343.95,4043678
2454,2025-08-18,1348.85,1383.19,1348.85,1383.19,5827468
2454,2025-08-19,1388.09,1402.81,1363.57,1363.57,6127596
2454,2025-08-20,1353.76,1363.57,1324.33,1329.23,6525541
2454,2025-08-21,1324.33,1348.85,1319.42,1339.04,4264972
2454,2025-08-22,1339.04,1348.85,1329.23,1339.04,2686120
2454,2025-08-25,1358.66,1383.19,1353.76,1383.19,4859204
2454,2025-08-26,1378.28,1383.19,1353.76,1373.38,5024316
2454,2025-08-27,1378.28,1383.19,1368.47,1373.38,3355567
2454,2025-08-28,1368.47,1378.28,1358.66,1358.66,3766722
2454,2025-08-29,1363.57,1378.28,1343.95,1343.95,3723539
2454,2025-09-01,1343.95,1353.76,1324.33,1334.14,3659694
2454,2025-09-02,1334.14,1353.76,1334.14,1334.14,3283160
2454,2025-09-03,1353.76,1373.38,1343.95,1368.47,4604408
2454,2025-09-04,1378.28,1378.28,1353.76,1358.66,3400107
2454,2025-09-05,1373.38,1407.71,1368.47,1407.71,8668643
2454,2025-09-08,1422.43,1432.24,1397.9,1402.81,6384542
2454,2025-09-09,1417.52,1486.19,1407.71,1481.29,10954327
2454,2025-09-10,1491.1,1491.1,1456.76,1461.67,6557814
2454,2025-09-11,1476.38,1481.29,1451.86,1451.86,4509127
2454,2025-09-12,1466.57,1471.48,1442.05,1456.76,4172705
2454,2025-09-15,1461.67,1466.57,1451.86,1456.76,2733745
2454,2025-09-16,1471.48,1515.62,1466.57,1505.81,8152357
2454,2025-09-17,1515.62,1515.62,1481.29,1481.29,4695051
2454,2025-09-18,1496.0,1500.9,1466.57,1481.29,3539535
2454,2025-09-19,1471.48,1476.38,1412.62,1412.62,13241946
2454,2025-09-22,1397.9,1402.81,1373.38,1378.28,8578839
2454,2025-09-23,1363.57,1378.28,1348.85,1348.85,10776401
2454,2025-09-24,1319.42,1329.23,1304.71,1304.71,11129639
2454,2025-09-25,1304.71,1339.04,1304.71,1319.42,7547381
2454,2025-09-26,1319.42,1324.33,1285.09,1285.09,6728741
2454,2025-09-30,1285.09,1299.8,1265.47,1289.99,7200191
2454,2025-10-01,1280.18,1280.18,1260.56,1260.56,6432244
2454,2025-10-02,1265.47,1275.28,1255.66,1255.66,8209274
2454,2025-10-03,1260.56,1299.8,1260.56,1294.9,6383512
2454,2025-10-07,1299.8,1309.61,1280.18,1299.8,7016903
2454,2025-10-08,1304.71,1324.33,1299.8,1309.61,5034301
2454,2025-10-09,1324.33,1343.95,1309.61,1319.42,4738227
2454,2025-10-13,1304.71,1304.71,1275.28,1289.99,7286313
2454,2025-10-14,1304.71,1314.52,1275.28,1280.18,5520842
2454,2025-10-15,1299.8,1304.71,1275.28,1289.99,4146372
2454,2025-10-16,1294.9,1314.52,1294.9,1304.71,3748755
2454,2025-10-17,1314.52,1334.14,1299.8,1304.71,6827509
2454,2025-10-20,1309.61,1319.42,1299.8,1314.52,3287582
2454,2025-10-21,1324.33,1329.23,1309.61,1314.52,3905400
2454,2025-10-22,1309.61,1319.42,1299.8,1304.71,3704329
2454,2025-10-23,1299.8,1304.71,1265.47,1270.37,7752802
2454,2025-10-27,1294.9,1314.52,1285.09,1309.61,5678203
2454,2025-10-28,1304.71,1309.61,1285.09,1289.99,4800134
2454,2025-10-29,1280.18,1304.71,1275.28,1275.28,7886343
2454,2025-10-30,1280.18,1299.8,1275.28,1285.09,5190139
2454,2025-10-31,1275.28,1299.8,1265.47,1285.09,7057671
2454,2025-11-03,1285.09,1299.8,1255.66,1275.28,10235098
2454,2025-11-04,1265.47,1289.99,1260.56,1289.99,6324011
2454,2025-11-05,1270.37,1304.71,1260.56,1304.71,6722398
2454,2025-11-06,1294.9,1304.71,1265.47,1265.47,7307681
2454,2025-11-07,1260.56,1270.37,1236.04,1236.04,7288497
2454,2025-11-10,1226.23,1236.04,1226.23,1226.23,5195821
2454,2025-11-11,1226.23,1245.85,1216.42,1216.42,5414867
2454,2025-11-12,1216.42,1236.04,1216.42,1221.32,4199743
2454,2025-11-13,1216.42,1231.13,1211.51,1221.32,2865882
2454,2025-11-14,1206.61,1231.13,1201.7,1206.61,4154705
2454,2025-11-17,1206.61,1226.23,1201.7,1206.61,4804227
2454,2025-11-18,1196.8,1196.8,1147.75,1147.75,9021735
2454,2025-11-19,1128.13,1172.28,1128.13,1137.94,6293318
2454,2025-11-20,1157.56,1182.09,1147.75,1162.47,7131739
2454,2025-11-21,1108.51,1133.04,1108.51,1123.23,7293277
2454,2025-11-24,1133.04,1147.75,1123.23,1128.13,9436199
2454,2025-11-25,1152.66,1182.09,1152.66,1162.47,6872636
2454,2025-11-26,1196.8,1275.28,1191.9,1275.28,11771497
2454,2025-11-27,1334.14,1343.95,1299.8,1314.52,19171766
2454,2025-11-28,1348.85,1383.19,1339.04,1368.47,17773470
2454,2025-12-01,1393.0,1422.43,1373.38,1417.52,19274425
2454,2025-12-02,1417.52,1432.24,1383.19,1388.09,11326485
2454,2025-12-03,1378.28,1407.71,1373.38,1373.38,9738032
2454,2025-12-04,1378.28,1388.09,1358.66,1378.28,6241494
2454,2025-12-05,1393.0,1417.52,1378.28,1397.9,7682537
2454,2025-12-08,1402.81,1412.62,1378.28,1412.62,5746578
2454,2025-12-09,1407.71,1412.62,1388.09,1393.0,4993367
2454,2025-12-10,1407.71,1432.24,1397.9,1432.24,8224726
2454,2025-12-11,1417.52,1422.43,1368.47,1368.47,8965596
2454,2025-12-12,1363.57,1388.09,1353.76,1378.28,5029971
2454,2025-12-15,1358.66,1422.43,1358.66,1393.0,9540796
2454,2025-12-16,1393.0,1422.43,1388.09,1393.0,8922061
2454,2025-12-17,1407.71,1427.33,1397.9,1397.9,8490679
2454,2025-12-18,1397.9,1417.52,1388.09,1393.0,5247800
2454,2025-12-19,1412.62,1417.52,1383.19,1383.19,8034656
2454,2025-12-22,1402.81,1407.71,1363.57,1373.38,5675053
2454,2025-12-23,1378.28,1378.28,1353.76,1363.57,5114619
2454,2025-12-24,1368.47,1373.38,1353.76,1353.76,3022674
2454,2025-12-26,1363.57,1368.47,1353.76,1358.66,3000352
2454,2025-12-29,1363.57,1397.9,1353.76,1393.0,6343754
2454,2025-12-30,1378.28,1402.81,1373.38,1393.0,4276067
2454,2025-12-31,1393.0,1422.43,1388.09,1402.81,6354048
2454,2026-01-02,1422.43,1466.57,1412.62,1442.05,11449412
2454,2026-01-05,1481.29,1500.9,1466.57,1496.0,13343442
2454,2026-01-06,1505.0,1505.0,1480.0,1485.0,7914854
2454,2026-01-07,1490.0,1505.0,1475.0,1490.0,7065696
2454,2026-01-08,1495.0,1500.0,1435.0,1445.0,8133244
2454,2026-01-09,1455.0,1460.0,1415.0,1420.0,7989973
2454,2026-01-12,1445.0,1450.0,1425.0,1445.0,4084929
2454,2026-01-13,1455.0,1485.0,1450.0,1485.0,9900355
2454,2026-01-14,1485.0,1500.0,1480.0,1500.0,6058106
2454,2026-01-15,1500.0,1500.0,1465.0,1490.0,7795923
2454,2026-01-16,1500.0,1525.0,1490.0,1505.0,10170235
2454,2026-01-19,1510.0,1510.0,1465.0,1485.0,5649790
2454,2026-01-20,1480.0,1500.0,1470.0,1485.0,5623268
2454,2026-01-21,1470.0,1495.0,1450.0,1465.0,8433519
2454,2026-01-22,1495.0,1525.0,1465.0,1485.0,7732602
2454,2026-01-23,1525.0,1630.0,1525.0,1630.0,21949189
2454,2026-01-26,1740.0,1790.0,1720.0,1770.0,23813770
2454,2026-01-27,1755.0,1820.0,1750.0,1775.0,11706065
2454,2026-01-28,1755.0,1800.0,1740.0,1780.0,9806198
2454,2026-01-29,1780.0,1815.0,1770.0,1780.0,9803415
2454,2026-01-30,1770.0,1775.0,1735.0,1760.0,10669850
2454,2026-02-02,1715.0,1740.0,1685.0,1705.0,8793337
2454,2026-02-03,1740.0,1805.0,1720.0,1795.0,11037015
2454,2026-02-04,1760.0,1810.0,1740.0,1800.0,11261034
2454,2026-02-05,1750.0,1800.0,1740.0,1770.0,15699947
2454,2026-02-06,1745.0,1755.0,1690.0,1710.0,10786108
2454,2026-02-09,1760.0,1870.0,1760.0,1830.0,11613075
2454,2026-02-10,1860.0,1865.0,1820.0,1845.0,10813438
2454,2026-02-11,1795.0,1865.0,1795.0,1855.0,8232637
2454,2026-02-23,1880.0,1880.0,1790.0,1795.0,15948909
2454,2026-02-24,1810.0,1825.0,1795.0,1825.0,6740003
2454,2026-02-25,1840.0,1870.0,1830.0,1870.0,7857623
2454,2026-02-26,1895.0,1975.0,1850.0,1945.0,13692370
2454,2026-03-02,1945.0,1945.0,1880.0,1900.0,8811661
2454,2026-03-03,1900.0,1910.0,1815.0,1815.0,9621376
2454,2026-03-04,1760.0,1780.0,1715.0,1720.0,11024269
2454,2026-03-05,1760.0,1800.0,1750.0,1775.0,7826693
2454,2026-03-06,1745.0,1790.0,1735.0,1765.0,4418206
2454,2026-03-09,1620.0,1665.0,1610.0,1665.0,11475137
2454,2026-03-10,1730.0,1730.0,1685.0,1705.0,5273491
2454,2026-03-11,1760.0,1780.0,1720.0,1765.0,5783121
2454,2026-03-12,1745.0,1815.0,1735.0,1785.0,6354849
2454,2026-03-13,1730.0,1745.0,1720.0,1720.0,6467628
2454,2026-03-16,1720.0,1740.0,1710.0,1710.0,4423319
2454,2026-03-17,1730.0,1740.0,1715.0,1730.0,4260491
2454,2026-03-18,1730.0,1745.0,1725.0,1730.0,6009078
2454,2026-03-19,1700.0,1705.0,1665.0,1680.0,6764438
2454,2026-03-20,1685.0,1715.0,1655.0,1700.0,7874444
2454,2026-03-23,1630.0,1645.0,1600.0,1625.0,6372639
2454,2026-03-24,1655.0,1665.0,1600.0,1620.0,5324085
2454,2026-03-25,1665.0,1665.0,1620.0,1620.0,5839950
2454,2026-03-26,1610.0,1640.0,1590.0,1590.0,7031916
2454,2026-03-27,1560.0,1585.0,1545.0,1585.0,6833766
2454,2026-03-30,1540.0,1555.0,1505.0,1510.0,7235491
2454,2026-03-31,1525.0,1540.0,1490.0,1490.0,10218910
2454,2026-04-01,1550.0,1550.0,1460.0,1465.0,10756280
2454,2026-04-02,1500.0,1510.0,1445.0,1465.0,8691522
2454,2026-04-07,1480.0,1480.0,1430.0,1470.0,6910617
2454,2026-04-08,1520.0,1585.0,1505.0,1580.0,12976420
2454,2026-04-09,1600.0,1600.0,1550.0,1575.0,8061675
2454,2026-04-10,1600.0,1605.0,1570.0,1575.0,5381936
2454,2026-04-13,1645.0,1665.0,1620.0,1620.0,8802674
2454,2026-04-14,1645.0,1745.0,1640.0,1720.0,11909857
2454,2026-04-15,1805.0,1845.0,1770.0,1790.0,20848384
2454,2026-04-16,1850.0,1930.0,1810.0,1895.0,16504496
2454,2026-04-17,1930.0,1955.0,1885.0,1925.0,15450213
2454,2026-04-20,1960.0,1965.0,1895.0,1900.0,11027820
2454,2026-04-21,1930.0,2090.0,1925.0,2090.0,17347421
2454,2026-04-22,2120.0,2295.0,2110.0,2295.0,23044579
2454,2026-04-23,2325.0,2335.0,2170.0,2215.0,28172336
2454,2026-04-24,2340.0,2435.0,2330.0,2435.0,21684950
2454,2026-04-27,2470.0,2575.0,2410.0,2435.0,23842383
2454,2026-04-28,2490.0,2675.0,2485.0,2615.0,22923298
2454,2026-04-29,2550.0,2595.0,2500.0,2575.0,11761568
2454,2026-04-30,2665.0,2685.0,2565.0,2610.0,16785387
2454,2026-05-04,2870.0,2870.0,2870.0,2870.0,3450749
2454,2026-05-05,3155.0,3155.0,3155.0,3155.0,8515330
2454,2026-05-06,3470.0,3470.0,3155.0,3430.0,36338977
2454,2026-05-07,3430.0,3430.0,3295.0,3420.0,7619708
2454,2026-05-08,3320.0,3670.0,3320.0,3630.0,8599780
2454,2026-05-11,3575.0,3985.0,3565.0,3880.0,7943859
2454,2026-05-12,3835.0,3910.0,3700.0,3700.0,9538278
2454,2026-05-13,3625.0,3680.0,3400.0,3495.0,8651831
2454,2026-05-14,3585.0,3590.0,3385.0,3405.0,6305692
2454,2026-05-15,3425.0,3555.0,3200.0,3260.0,6680609
2454,2026-05-18,3240.0,3550.0,3150.0,3400.0,6249186
2454,2026-05-19,3475.0,3495.0,3100.0,3155.0,8398806
2454,2026-05-20,3195.0,3350.0,3155.0,3230.0,8111772
2454,2026-05-21,3415.0,3550.0,3405.0,3550.0,5636155
2454,2026-05-22,3765.0,3880.0,3675.0,3860.0,19537258
2454,2026-05-25,4245.0,4245.0,4245.0,4245.0,4181502
2454,2026-05-26,4375.0,4440.0,4180.0,4265.0,18199859
2454,2026-05-27,4475.0,4690.0,4450.0,4640.0,16927911
2454,2026-05-28,4620.0,4685.0,4270.0,4410.0,14431497
2454,2026-05-29,4460.0,4485.0,4235.0,4310.0,20620831
2454,2026-06-01,4440.0,4710.0,4440.0,4555.0,17045894
2454,2026-06-02,4970.0,4970.0,4380.0,4525.0,14145620
2454,2026-06-03,4540.0,4650.0,4420.0,4545.0,9478437
2454,2026-06-04,4600.0,4685.0,4430.0,4430.0,8958387
2454,2026-06-05,4360.0,4430.0,4130.0,4300.0,10685775
2454,2026-06-08,3935.0,4090.0,3935.0,4070.0,14355996
2454,2026-06-09,4180.0,4475.0,4130.0,4475.0,14307617
2454,2026-06-10,4315.0,4520.0,4120.0,4155.0,14357119
2454,2026-06-11,4085.0,4150.0,3880.0,4085.0,15367556
2454,2026-06-12,4410.0,4415.0,4165.0,4180.0,7806177
2454,2026-06-15,4355.0,4545.0,4350.0,4470.0,10400900
2454,2026-06-16,4550.0,4565.0,4415.0,4560.0,9691060
2454,2026-06-17,4495.0,4535.0,4380.0,4460.0,8409268
2454,2026-06-18,4535.0,4590.0,4375.0,4390.0,12120210
2412,2024-06-18,118.57,118.57,117.64,118.57,5751895
2412,2024-06-19,118.57,118.57,117.64,118.11,10248635
2412,2024-06-20,117.64,118.11,116.72,117.18,10349850
2412,2024-06-21,117.64,117.64,116.25,116.25,14556702
2412,2024-06-24,116.25,117.18,116.25,117.18,7634506
2412,2024-06-25,117.18,117.64,116.25,116.72,9404887
2412,2024-06-26,116.72,117.18,115.79,116.25,11198862
2412,2024-06-27,115.79,116.72,115.79,116.72,10523343
2412,2024-06-28,116.72,117.18,116.25,116.25,12031834
2412,2024-07-01,116.72,117.64,116.72,117.18,14707795
2412,2024-07-02,116.72,117.18,115.79,116.25,17226669
2412,2024-07-03,116.25,116.72,115.79,116.25,16054127
2412,2024-07-04,114.58,115.06,113.61,114.09,65305885
2412,2024-07-05,114.58,115.54,114.58,115.54,17021940
2412,2024-07-08,115.54,115.54,114.09,114.58,21760036
2412,2024-07-09,114.58,115.06,114.09,114.58,11100060
2412,2024-07-10,114.58,114.58,113.61,114.09,12695309
2412,2024-07-11,114.09,114.58,113.61,114.09,9135108
2412,2024-07-12,114.09,114.58,113.61,114.09,9106288
2412,2024-07-15,114.58,115.54,114.09,115.06,13774995
2412,2024-07-16,115.06,116.02,115.06,115.06,18231645
2412,2024-07-17,115.54,116.02,115.06,115.06,12321627
2412,2024-07-18,115.54,116.5,115.06,116.02,22118121
2412,2024-07-19,115.54,116.5,115.06,116.5,11333262
2412,2024-07-22,115.54,116.5,115.06,116.02,12644601
2412,2024-07-23,116.02,117.95,116.02,116.98,17062494
2412,2024-07-26,116.98,118.43,116.98,117.95,15911164
2412,2024-07-29,117.95,118.43,116.5,116.98,11552952
2412,2024-07-30,116.98,117.95,116.5,116.5,9808348
2412,2024-07-31,116.98,117.46,116.5,116.98,8919472
2412,2024-08-01,117.46,117.46,116.5,116.98,9286416
2412,2024-08-02,116.5,118.43,116.5,118.43,21714466
2412,2024-08-05,116.98,117.95,115.06,116.98,28343444
2412,2024-08-06,116.98,117.46,116.02,117.46,16331653
2412,2024-08-07,116.98,118.91,116.02,116.98,20231127
2412,2024-08-08,116.5,117.46,116.5,116.98,11049191
2412,2024-08-09,116.5,117.95,116.5,117.46,14307083
2412,2024-08-12,117.46,117.95,116.98,116.98,7108821
2412,2024-08-13,117.46,117.46,116.5,117.46,7932960
2412,2024-08-14,117.46,117.95,116.98,117.95,10450411
2412,2024-08-15,118.43,118.43,117.95,118.43,10259196
2412,2024-08-16,118.91,119.39,118.91,119.39,12404337
2412,2024-08-19,119.39,119.39,118.43,118.91,5685547
2412,2024-08-20,119.39,119.39,118.43,118.91,6577550
2412,2024-08-21,118.91,119.39,118.43,118.91,8683818
2412,2024-08-22,118.91,119.39,118.43,119.39,7853974
2412,2024-08-23,119.39,120.35,118.91,119.39,8860293
2412,2024-08-26,119.87,120.35,118.91,119.39,6940214
2412,2024-08-27,118.91,119.87,118.43,119.87,7668987
2412,2024-08-28,119.87,119.87,118.91,119.39,8456971
2412,2024-08-29,119.39,119.87,118.91,118.91,6452953
2412,2024-08-30,119.39,119.87,118.91,119.39,10557378
2412,2024-09-02,119.39,119.87,119.39,119.39,3494668
2412,2024-09-03,119.87,120.35,119.39,119.39,6234372
2412,2024-09-04,118.43,118.91,117.46,117.46,13813229
2412,2024-09-05,118.91,119.39,118.43,118.43,5078981
2412,2024-09-06,118.91,119.39,118.43,119.39,5683638
2412,2024-09-09,118.43,119.39,118.43,118.91,5800768
2412,2024-09-10,118.91,119.39,118.91,119.39,5000995
2412,2024-09-11,119.39,119.87,118.91,118.91,5843180
2412,2024-09-12,119.87,119.87,119.39,119.87,5005266
2412,2024-09-13,119.87,119.87,119.39,119.87,2083381
2412,2024-09-16,120.35,120.35,119.87,120.35,5139325
2412,2024-09-18,120.35,120.35,119.87,120.35,5372748
2412,2024-09-19,120.35,120.83,119.87,120.35,5310056
2412,2024-09-20,120.83,121.32,120.35,121.32,16412065
2412,2024-09-23,121.32,121.8,120.83,121.8,7043712
2412,2024-09-24,122.28,122.28,121.32,121.8,6905282
2412,2024-09-25,122.28,122.28,121.8,121.8,9325906
2412,2024-09-26,122.28,122.28,121.8,122.28,7287610
2412,2024-09-27,122.76,122.76,121.8,121.8,5542927
2412,2024-09-30,121.8,122.28,120.83,120.83,7951707
2412,2024-10-01,120.83,121.32,120.35,121.32,5702964
2412,2024-10-04,119.39,120.35,119.39,119.87,9763740
2412,2024-10-07,119.87,120.35,118.91,119.39,9515778
2412,2024-10-08,118.91,119.39,117.95,117.95,15834662
2412,2024-10-09,118.43,119.39,117.95,117.95,6041783
2412,2024-10-11,117.95,118.91,117.95,117.95,5612619
2412,2024-10-14,118.43,118.91,117.95,117.95,6265050
2412,2024-10-15,118.43,119.39,117.95,118.91,9883764
2412,2024-10-16,118.43,118.91,117.95,117.95,9891777
2412,2024-10-17,117.95,118.91,117.46,117.95,9806797
2412,2024-10-18,118.43,119.39,117.95,119.39,8782433
2412,2024-10-21,119.39,119.39,117.95,117.95,8106376
2412,2024-10-22,117.95,118.43,117.46,118.43,7463419
2412,2024-10-23,118.43,118.43,117.46,117.46,11361296
2412,2024-10-24,117.46,117.95,116.98,117.46,6952213
2412,2024-10-25,117.95,117.95,116.98,117.46,5159673
2412,2024-10-28,117.46,118.43,116.98,117.95,5072956
2412,2024-10-29,117.95,117.95,116.98,117.95,7546888
2412,2024-10-30,117.46,117.95,116.98,117.46,6582591
2412,2024-11-01,117.46,117.95,116.98,117.46,9119936
2412,2024-11-04,117.46,117.95,117.46,117.95,4074417
2412,2024-11-05,117.95,118.43,117.46,118.43,4793770
2412,2024-11-06,118.43,118.91,117.95,117.95,5435041
2412,2024-11-07,117.95,118.43,117.46,118.43,4386693
2412,2024-11-08,118.43,118.91,117.95,118.43,7902597
2412,2024-11-11,118.43,118.91,117.95,118.43,3637135
2412,2024-11-12,118.43,118.43,117.95,117.95,9181844
2412,2024-11-13,117.95,118.91,117.46,118.91,9077911
2412,2024-11-14,118.43,118.91,117.95,117.95,5991122
2412,2024-11-15,118.43,118.91,117.95,117.95,5194547
2412,2024-11-18,118.43,118.43,117.95,117.95,4475319
2412,2024-11-19,118.43,118.91,117.95,118.91,5168687
2412,2024-11-20,117.95,117.95,117.95,117.95,5782061
2412,2024-11-21,117.95,118.91,117.95,118.43,4877369
2412,2024-11-22,118.43,118.91,118.43,118.43,3976723
2412,2024-11-25,119.39,119.87,118.91,118.91,14504900
2412,2024-11-26,118.91,119.87,118.91,119.39,4795713
2412,2024-11-27,118.91,119.87,118.91,118.91,6511315
2412,2024-11-28,119.39,119.39,118.91,118.91,4864583
2412,2024-11-29,118.43,119.39,118.43,118.43,6302220
2412,2024-12-02,118.91,119.39,118.43,118.43,6214298
2412,2024-12-03,118.91,119.39,118.91,118.91,7444259
2412,2024-12-04,119.39,119.87,118.91,119.87,4938162
2412,2024-12-05,119.87,119.87,119.39,119.39,3344072
2412,2024-12-06,119.87,119.87,119.39,119.87,4148965
2412,2024-12-09,119.39,120.35,119.39,119.87,4432273
2412,2024-12-10,119.39,120.35,119.39,119.87,4388683
2412,2024-12-11,119.87,119.87,118.91,118.91,6392445
2412,2024-12-12,118.91,119.39,118.91,118.91,3713009
2412,2024-12-13,118.91,119.39,118.43,118.91,6382668
2412,2024-12-16,118.91,119.39,118.43,118.43,5107904
2412,2024-12-17,118.91,119.87,118.91,118.91,9116553
2412,2024-12-18,118.91,119.87,118.91,119.39,5632106
2412,2024-12-19,118.91,119.39,118.91,118.91,5954268
2412,2024-12-20,118.91,119.39,118.43,118.43,9195065
2412,2024-12-23,118.91,119.87,118.43,119.87,6057988
2412,2024-12-24,119.87,119.87,118.91,118.91,7022572
2412,2024-12-25,119.39,119.87,118.91,119.39,2168618
2412,2024-12-26,119.39,119.87,119.39,119.39,2068776
2412,2024-12-27,119.39,119.87,119.39,119.87,3265575
2412,2024-12-30,119.39,119.87,119.39,119.39,3427117
2412,2024-12-31,119.39,119.87,118.43,118.91,8604121
2412,2025-01-02,118.91,119.39,117.95,118.43,10215111
2412,2025-01-03,118.43,118.91,117.95,117.95,2885406
2412,2025-01-06,118.43,119.39,118.43,118.91,6251521
2412,2025-01-07,119.39,119.39,118.43,118.43,5075414
2412,2025-01-08,118.91,119.87,118.43,118.91,7655568
2412,2025-01-09,118.91,119.39,118.43,118.43,5486747
2412,2025-01-10,118.43,118.91,117.95,118.43,6038152
2412,2025-01-13,117.95,118.43,117.95,118.43,8459038
2412,2025-01-14,118.43,118.91,118.43,118.91,4581478
2412,2025-01-15,118.91,118.91,118.43,118.91,4582643
2412,2025-01-16,118.91,119.39,118.43,119.39,4186793
2412,2025-01-17,118.91,119.39,118.91,119.39,3846017
2412,2025-01-20,119.39,119.39,118.91,118.91,2284532
2412,2025-01-21,118.91,119.39,118.43,118.91,3766344
2412,2025-01-22,119.39,119.87,118.91,119.87,7469338
2412,2025-02-03,119.87,120.83,119.39,120.83,13444135
2412,2025-02-04,120.83,121.32,120.35,120.35,9371564
2412,2025-02-05,121.32,121.32,120.35,121.32,9192651
2412,2025-02-06,121.32,121.32,120.35,121.32,5316952
2412,2025-02-07,120.83,121.32,120.35,121.32,5848677
2412,2025-02-10,120.83,121.32,120.35,120.83,5722005
2412,2025-02-11,120.83,121.32,120.83,120.83,3214598
2412,2025-02-12,121.32,121.8,120.83,121.32,7230774
2412,2025-02-13,121.32,121.8,120.83,120.83,6342989
2412,2025-02-14,121.32,121.32,120.83,120.83,3656362
2412,2025-02-17,121.32,121.32,120.83,121.32,4743165
2412,2025-02-18,121.32,121.8,120.83,121.8,6448667
2412,2025-02-19,121.8,122.28,121.32,121.8,9457856
2412,2025-02-20,121.8,121.8,121.32,121.8,3338448
2412,2025-02-21,121.8,122.28,121.32,122.28,4310203
2412,2025-02-24,121.8,122.28,121.32,122.28,5161357
2412,2025-02-25,121.8,122.28,121.8,121.8,3764420
2412,2025-02-26,121.8,122.76,121.8,122.76,7857133
2412,2025-02-27,123.24,123.24,122.28,123.24,18127734
2412,2025-03-03,123.24,123.72,122.76,123.72,11633978
2412,2025-03-04,123.72,123.72,122.28,122.28,8816265
2412,2025-03-05,122.76,123.24,122.28,122.76,6373605
2412,2025-03-06,123.24,123.24,122.76,123.24,5892397
2412,2025-03-07,123.24,123.72,122.76,123.24,8527878
2412,2025-03-10,123.24,123.72,122.76,123.24,6523920
2412,2025-03-11,122.76,123.72,122.28,122.76,13330325
2412,2025-03-12,122.76,123.72,122.76,123.24,6496654
2412,2025-03-13,123.72,123.72,123.24,123.72,4202852
2412,2025-03-14,123.72,124.2,122.28,123.72,17263590
2412,2025-03-17,123.24,123.72,122.76,123.24,6418728
2412,2025-03-18,123.72,124.69,123.72,124.2,14483850
2412,2025-03-19,124.2,124.2,123.72,123.72,5605444
2412,2025-03-20,124.2,124.69,123.72,124.2,9468322
2412,2025-03-21,124.2,125.17,123.72,125.17,15494543
2412,2025-03-24,125.17,125.17,124.2,124.2,4319964
2412,2025-03-25,124.69,124.69,123.72,124.2,4347135
2412,2025-03-26,124.69,124.69,123.72,124.2,3213738
2412,2025-03-27,124.2,125.17,123.72,125.17,6753639
2412,2025-03-28,124.69,125.17,124.2,125.17,5243942
2412,2025-03-31,124.2,124.69,123.24,123.72,16261687
2412,2025-04-01,124.2,125.17,124.2,125.17,9237923
2412,2025-04-02,124.69,125.17,124.2,125.17,8052945
2412,2025-04-07,118.43,122.28,117.46,119.39,52589386
2412,2025-04-08,120.83,122.76,120.35,122.28,30710900
2412,2025-04-09,121.32,124.2,120.35,121.32,36620710
2412,2025-04-10,124.2,124.69,121.32,122.28,40402614
2412,2025-04-11,122.76,124.2,122.28,123.72,21357957
2412,2025-04-14,123.24,124.2,122.28,122.76,12877572
2412,2025-04-15,123.24,124.2,122.76,124.2,13176903
2412,2025-04-16,123.72,124.69,123.24,123.72,13867168
2412,2025-04-17,124.2,124.2,123.24,123.24,7156969
2412,2025-04-18,124.2,124.2,122.76,123.24,5877223
2412,2025-04-21,123.24,123.72,122.28,122.28,5840933
2412,2025-04-22,123.24,124.2,122.28,123.24,14079217
2412,2025-04-23,123.72,124.2,122.28,122.76,11713941
2412,2025-04-24,122.76,123.24,121.8,122.28,11338928
2412,2025-04-25,122.28,122.76,121.8,121.8,11341108
2412,2025-04-28,122.28,123.24,121.8,123.24,13747491
2412,2025-04-29,123.24,124.2,122.76,124.2,12137475
2412,2025-04-30,124.2,124.69,123.72,124.69,9550171
2412,2025-05-02,124.69,124.69,123.24,123.72,9150310
2412,2025-05-05,124.2,124.69,123.72,124.69,12127017
2412,2025-05-06,124.69,125.65,124.69,125.17,18231840
2412,2025-05-07,125.65,126.13,125.17,126.13,14734965
2412,2025-05-08,126.13,126.13,124.69,124.69,7074111
2412,2025-05-09,124.69,126.13,124.2,126.13,10596244
2412,2025-05-12,126.13,126.13,125.17,126.13,8290955
2412,2025-05-13,125.17,126.13,125.17,125.17,7662937
2412,2025-05-14,125.65,125.65,124.2,124.69,12323371
2412,2025-05-15,124.69,126.13,124.2,126.13,10780105
2412,2025-05-16,126.13,126.61,125.65,126.13,6634558
2412,2025-05-19,126.13,126.61,125.65,126.13,6812263
2412,2025-05-20,126.61,127.09,126.61,126.61,10266911
2412,2025-05-21,127.09,127.57,126.61,127.57,9064886
2412,2025-05-22,127.09,128.06,127.09,128.06,11310233
2412,2025-05-23,128.06,128.06,127.09,128.06,5511574
2412,2025-05-26,128.06,128.06,127.09,128.06,9726064
2412,2025-05-27,128.06,128.06,126.61,126.61,12683959
2412,2025-05-28,126.61,127.57,126.13,127.09,12783510
2412,2025-05-29,127.57,127.57,124.69,124.69,31516979
2412,2025-06-02,125.17,126.61,124.69,126.61,13456417
2412,2025-06-03,126.61,127.09,125.17,125.17,24723685
2412,2025-06-04,125.65,125.65,124.69,124.69,11057079
2412,2025-06-05,124.69,125.65,124.69,125.17,7082178
2412,2025-06-06,125.65,126.13,125.17,125.17,6587476
2412,2025-06-09,125.17,127.57,125.17,127.57,11565504
2412,2025-06-10,127.09,128.06,126.61,128.06,9217432
2412,2025-06-11,127.57,128.06,127.57,128.06,7421455
2412,2025-06-12,128.06,129.02,127.57,129.02,9763578
2412,2025-06-13,128.06,129.98,128.06,129.98,12054925
2412,2025-06-16,129.98,131.91,129.5,130.94,11207860
2412,2025-06-17,130.94,131.91,130.46,131.43,8425384
2412,2025-06-18,130.94,131.91,130.46,131.91,7730397
2412,2025-06-19,130.94,131.91,130.46,131.43,8539654
2412,2025-06-20,130.94,131.91,130.94,131.43,8155979
2412,2025-06-23,130.94,131.43,130.46,131.43,7015451
2412,2025-06-24,131.43,131.91,130.46,130.46,9089758
2412,2025-06-25,131.43,131.91,130.94,131.91,7177082
2412,2025-06-26,131.43,131.91,130.46,131.91,10492929
2412,2025-06-27,131.43,132.39,130.94,131.43,10317799
2412,2025-06-30,131.43,131.43,129.98,129.98,10871511
2412,2025-07-01,130.46,131.91,129.5,129.98,16823686
2412,2025-07-02,129.98,130.94,129.5,129.5,13075555
2412,2025-07-03,130.0,131.0,129.5,131.0,26829361
2412,2025-07-04,131.0,132.5,130.0,130.5,26049412
2412,2025-07-07,130.5,131.0,128.5,130.0,18416260
2412,2025-07-08,130.5,130.5,128.5,129.0,9728687
2412,2025-07-09,129.0,129.0,128.0,128.0,7530551
2412,2025-07-10,128.5,130.0,128.5,130.0,9363177
2412,2025-07-11,130.0,131.0,129.5,130.5,12363264
2412,2025-07-14,130.5,131.0,130.0,130.5,11219653
2412,2025-07-15,130.0,130.5,129.0,129.5,7532096
2412,2025-07-16,129.5,130.5,129.0,130.5,8707175
2412,2025-07-17,130.5,131.0,129.5,130.5,6622576
2412,2025-07-18,130.5,131.0,129.0,129.0,12130022
2412,2025-07-21,130.0,130.5,129.0,129.0,8829607
2412,2025-07-22,129.5,130.5,129.0,130.5,9635313
2412,2025-07-23,130.5,131.0,129.5,130.0,12084383
2412,2025-07-24,129.5,130.0,129.0,129.5,10678929
2412,2025-07-25,130.0,130.5,129.0,129.0,7103352
2412,2025-07-28,129.5,129.5,128.5,129.5,6433574
2412,2025-07-29,129.5,129.5,128.5,129.0,7962955
2412,2025-07-30,130.0,130.0,129.0,129.5,8165321
2412,2025-07-31,129.0,129.5,128.5,129.0,8845297
2412,2025-08-04,129.5,131.0,129.5,131.0,9729124
2412,2025-08-05,131.0,132.0,130.5,132.0,11003933
2412,2025-08-06,132.5,133.5,132.0,132.5,15273033
2412,2025-08-07,132.5,133.5,132.0,132.5,10176566
2412,2025-08-08,132.5,134.0,132.0,134.0,9667011
2412,2025-08-11,133.5,135.0,133.5,134.5,9296443
2412,2025-08-12,134.5,135.0,134.0,135.0,10297731
2412,2025-08-13,134.5,135.0,134.0,134.5,7271681
2412,2025-08-14,134.5,136.0,134.0,134.5,9791531
2412,2025-08-15,135.5,136.0,134.5,135.0,7357520
2412,2025-08-18,134.5,137.0,134.5,137.0,10369147
2412,2025-08-19,136.5,138.0,136.0,138.0,9077884
2412,2025-08-20,138.0,138.0,136.0,136.5,8967669
2412,2025-08-21,137.0,138.0,136.5,137.5,7693558
2412,2025-08-22,137.5,137.5,136.0,136.0,7395107
2412,2025-08-25,136.0,136.5,135.0,135.5,8303168
2412,2025-08-26,134.5,134.5,133.5,133.5,39647528
2412,2025-08-27,133.5,134.5,133.0,134.0,6558698
2412,2025-08-28,134.5,134.5,133.0,133.0,8011225
2412,2025-08-29,133.5,134.0,132.5,132.5,7561097
2412,2025-09-01,133.5,134.5,133.0,134.0,4110205
2412,2025-09-02,134.0,135.0,134.0,135.0,3816183
2412,2025-09-03,134.5,135.5,134.0,134.0,4908629
2412,2025-09-04,135.0,135.0,134.0,135.0,4186122
2412,2025-09-05,135.0,135.5,134.0,134.5,4300988
2412,2025-09-08,134.5,135.0,134.0,134.5,3649627
2412,2025-09-09,134.5,135.5,134.0,135.5,5333337
2412,2025-09-10,135.0,136.0,134.5,135.5,3812097
2412,2025-09-11,135.0,136.0,134.5,134.5,6006731
2412,2025-09-12,135.5,136.0,134.5,135.5,3913875
2412,2025-09-15,135.5,135.5,134.5,135.0,4537692
2412,2025-09-16,134.5,135.0,134.0,134.0,4787494
2412,2025-09-17,134.5,135.0,134.0,134.5,4076022
2412,2025-09-18,134.5,135.0,133.5,134.0,4589742
2412,2025-09-19,134.0,134.5,133.5,134.0,11558007
2412,2025-09-22,134.5,134.5,133.5,133.5,3600026
2412,2025-09-23,133.5,134.0,133.0,133.5,3337614
2412,2025-09-24,134.0,134.5,133.5,134.5,3940634
2412,2025-09-25,134.5,134.5,133.5,133.5,4891586
2412,2025-09-26,133.5,135.0,133.0,134.5,6881559
2412,2025-09-30,135.0,135.0,133.0,133.5,8866305
2412,2025-10-01,134.0,134.5,133.5,134.5,3392484
2412,2025-10-02,134.0,134.0,133.0,133.0,5555568
2412,2025-10-03,133.5,134.0,132.5,133.0,7804004
2412,2025-10-07,133.0,134.0,132.5,133.0,5758975
2412,2025-10-08,134.0,134.0,133.0,133.5,4018487
2412,2025-10-09,133.0,133.5,132.5,133.0,5586297
2412,2025-10-13,133.0,133.0,131.5,132.5,12625187
2412,2025-10-14,132.0,133.0,132.0,132.5,6566260
2412,2025-10-15,132.0,132.5,131.5,131.5,10157347
2412,2025-10-16,132.0,132.5,131.5,132.0,5069794
2412,2025-10-17,133.0,133.0,132.5,133.0,4286496
2412,2025-10-20,133.0,133.5,133.0,133.0,3683488
2412,2025-10-21,133.5,133.5,133.0,133.0,2413854
2412,2025-10-22,133.0,133.5,133.0,133.5,3984487
2412,2025-10-23,133.0,134.0,133.0,134.0,4361321
2412,2025-10-27,134.0,134.0,131.5,132.0,15418313
2412,2025-10-28,132.5,133.0,131.5,132.0,11318145
2412,2025-10-29,132.0,133.0,131.5,132.0,5647390
2412,2025-10-30,132.5,132.5,130.5,131.5,14567482
2412,2025-10-31,132.0,132.0,130.5,131.0,5528940
2412,2025-11-03,132.0,133.0,131.0,131.5,7243425
2412,2025-11-04,131.5,132.5,130.5,131.0,9053370
2412,2025-11-05,131.5,132.0,130.0,132.0,6114439
2412,2025-11-06,132.0,132.5,131.5,131.5,6333164
2412,2025-11-07,131.0,133.0,130.5,132.5,7496436
2412,2025-11-10,132.5,133.0,132.0,133.0,3226754
2412,2025-11-11,133.0,133.0,132.0,132.0,3578315
2412,2025-11-12,132.5,133.0,132.0,132.0,4547951
2412,2025-11-13,132.5,133.0,131.5,131.5,4746663
2412,2025-11-14,132.0,132.5,131.5,131.5,3620013
2412,2025-11-17,131.5,133.0,131.5,132.0,5331177
2412,2025-11-18,131.5,132.0,131.0,131.0,5974671
2412,2025-11-19,131.5,132.0,130.5,130.5,4549315
2412,2025-11-20,131.5,132.0,131.0,132.0,4167564
2412,2025-11-21,132.0,132.5,131.0,131.5,8232207
2412,2025-11-24,132.0,133.0,131.5,132.0,21160337
2412,2025-11-25,131.5,132.0,130.5,131.0,7518312
2412,2025-11-26,131.0,131.5,130.5,131.0,5463058
2412,2025-11-27,130.5,131.0,130.5,131.0,4183487
2412,2025-11-28,130.5,131.0,130.5,130.5,4439013
2412,2025-12-01,131.0,131.0,130.0,130.0,8586808
2412,2025-12-02,130.0,130.5,130.0,130.0,6423110
2412,2025-12-03,130.5,130.5,130.0,130.0,5249364
2412,2025-12-04,130.0,130.5,129.5,129.5,5679352
2412,2025-12-05,130.0,131.0,129.5,130.0,5270711
2412,2025-12-08,130.0,130.5,129.5,129.5,5661478
2412,2025-12-09,130.0,130.0,129.5,130.0,4789547
2412,2025-12-10,130.0,130.0,129.5,129.5,4040872
2412,2025-12-11,130.0,130.5,129.5,130.0,4834486
2412,2025-12-12,130.5,130.5,130.0,130.5,2713660
2412,2025-12-15,130.0,131.0,130.0,130.5,4015805
2412,2025-12-16,130.0,130.5,129.5,130.5,5874207
2412,2025-12-17,130.5,130.5,129.5,129.5,4554701
2412,2025-12-18,129.5,130.5,129.5,130.0,3721235
2412,2025-12-19,130.0,131.0,129.5,131.0,6499277
2412,2025-12-22,130.5,131.0,130.0,130.5,3532015
2412,2025-12-23,130.5,131.0,130.0,130.5,4005901
2412,2025-12-24,130.5,131.0,130.5,130.5,1846522
2412,2025-12-26,130.5,131.5,130.5,131.5,2533170
2412,2025-12-29,131.0,132.0,131.0,132.0,4275657
2412,2025-12-30,132.0,132.0,131.0,131.0,7032812
2412,2025-12-31,131.5,132.0,130.5,130.5,3539051
2412,2026-01-02,131.5,132.0,131.0,132.0,3213296
2412,2026-01-05,131.5,133.0,131.5,133.0,11962134
2412,2026-01-06,133.0,133.5,132.5,132.5,8206091
2412,2026-01-07,132.0,133.5,132.0,133.0,12167298
2412,2026-01-08,133.0,134.0,133.0,133.5,8183945
2412,2026-01-09,133.0,134.0,132.5,133.5,7484956
2412,2026-01-12,133.0,134.0,132.5,133.5,4625841
2412,2026-01-13,133.5,134.0,133.5,133.5,7327915
2412,2026-01-14,133.5,134.0,133.0,133.0,8297104
2412,2026-01-15,133.5,134.0,133.0,133.5,9901788
2412,2026-01-16,133.5,134.0,133.0,133.0,11578802
2412,2026-01-19,133.5,134.0,133.0,134.0,5659567
2412,2026-01-20,133.5,134.0,133.0,133.0,5205901
2412,2026-01-21,133.5,133.5,132.5,133.0,7190815
2412,2026-01-22,133.0,133.5,133.0,133.0,5905683
2412,2026-01-23,133.5,134.0,133.5,134.0,4870776
2412,2026-01-26,134.0,134.0,133.5,134.0,5190923
2412,2026-01-27,134.0,134.5,133.0,133.0,12793007
2412,2026-01-28,133.5,134.0,133.0,133.5,9130081
2412,2026-01-29,133.5,134.5,133.5,133.5,10356812
2412,2026-01-30,133.5,134.5,133.0,133.5,14567824
2412,2026-02-02,134.0,134.0,133.0,133.0,9455335
2412,2026-02-03,133.5,134.0,133.0,133.5,8586549
2412,2026-02-04,133.5,134.0,133.0,133.0,9409798
2412,2026-02-05,133.0,133.5,132.5,132.5,14608515
2412,2026-02-06,132.5,133.0,132.0,133.0,14200849
2412,2026-02-09,133.0,133.5,132.0,132.0,13526287
2412,2026-02-10,132.0,133.0,132.0,132.5,10046703
2412,2026-02-11,133.5,133.5,132.5,133.0,12382926
2412,2026-02-23,134.0,135.0,133.5,135.0,20538249
2412,2026-02-24,134.5,135.5,134.5,135.5,13614132
2412,2026-02-25,135.0,136.0,135.0,136.0,11265352
2412,2026-02-26,136.0,136.0,134.0,134.0,27610937
2412,2026-03-02,135.0,138.0,134.5,138.0,29586302
2412,2026-03-03,137.5,138.0,137.0,138.0,16607857
2412,2026-03-04,137.0,137.5,135.0,135.5,23956035
2412,2026-03-05,136.5,137.0,135.0,137.0,13609086
2412,2026-03-06,136.5,137.0,135.5,136.5,10693177
2412,2026-03-09,134.5,136.5,134.5,136.0,16624961
2412,2026-03-10,137.0,137.0,134.5,135.0,12554852
2412,2026-03-11,136.0,137.0,135.0,135.5,9873960
2412,2026-03-12,135.0,136.5,135.0,136.0,10705574
2412,2026-03-13,136.0,136.5,135.5,136.0,7657409
2412,2026-03-16,136.5,137.5,136.0,136.5,7249390
2412,2026-03-17,137.0,137.5,136.0,137.0,8983971
2412,2026-03-18,137.5,137.5,136.5,137.5,9122248
2412,2026-03-19,137.0,137.0,135.0,135.5,11769140
2412,2026-03-20,136.0,136.5,134.0,134.0,23694194
2412,2026-03-23,133.0,135.0,133.0,134.0,16459732
2412,2026-03-24,134.0,135.0,134.0,134.0,7488128
2412,2026-03-25,135.5,136.0,134.0,135.0,6996608
2412,2026-03-26,135.5,135.5,134.0,134.5,5036091
2412,2026-03-27,134.5,135.0,134.0,134.0,4883631
2412,2026-03-30,133.5,134.5,133.0,134.0,9380519
2412,2026-03-31,133.5,134.0,133.0,133.0,12756741
2412,2026-04-01,134.0,134.5,133.0,134.0,10579340
2412,2026-04-02,134.5,134.5,133.5,134.0,7458421
2412,2026-04-07,134.0,134.0,133.0,134.0,5817084
2412,2026-04-08,134.5,135.0,133.5,134.0,7682372
2412,2026-04-09,134.0,135.0,133.0,135.0,11272409
2412,2026-04-10,135.0,135.5,134.5,135.5,6840505
2412,2026-04-13,135.0,135.0,134.0,134.5,6564830
2412,2026-04-14,135.0,135.0,134.0,135.0,9281816
2412,2026-04-15,135.0,135.5,134.0,135.5,8197058
2412,2026-04-16,136.0,136.5,135.0,136.5,10373494
2412,2026-04-17,137.0,137.5,136.5,137.5,9301214
2412,2026-04-20,137.5,138.0,137.0,137.0,12475802
2412,2026-04-21,137.5,138.0,136.5,137.0,9157970
2412,2026-04-22,137.5,137.5,135.5,136.5,14195786
2412,2026-04-23,136.0,136.5,135.5,136.0,5368495
2412,2026-04-24,136.0,136.0,135.0,135.5,8914995
2412,2026-04-27,135.0,138.0,135.0,137.0,17076438
2412,2026-04-28,137.5,138.0,136.5,137.0,17815508
2412,2026-04-29,137.5,137.5,135.5,136.5,9750105
2412,2026-04-30,136.0,137.0,135.5,136.0,9776829
2412,2026-05-04,137.0,137.5,135.5,135.5,6970783
2412,2026-05-05,135.5,136.0,135.0,136.0,5290308
2412,2026-05-06,137.0,137.0,135.5,136.0,13230011
2412,2026-05-07,135.5,136.5,135.5,135.5,14059555
2412,2026-05-08,136.0,136.5,135.5,136.5,9282555
2412,2026-05-11,136.5,136.5,135.5,135.5,6599853
2412,2026-05-12,135.5,136.5,135.5,135.5,9696181
2412,2026-05-13,136.5,137.5,135.5,137.5,14144199
2412,2026-05-14,136.5,138.0,136.5,137.5,17400421
2412,2026-05-15,137.5,138.0,137.0,138.0,8792646
2412,2026-05-18,138.0,138.0,137.0,137.0,7653424
2412,2026-05-19,137.0,144.0,137.0,142.5,52536539
2412,2026-05-20,142.5,143.5,139.0,139.0,23001430
2412,2026-05-21,139.0,140.0,137.5,137.5,14376464
2412,2026-05-22,137.5,138.0,137.0,137.0,8279549
2412,2026-05-25,137.5,137.5,136.0,136.5,11422520
2412,2026-05-26,136.5,138.0,136.0,136.0,17913361
2412,2026-05-27,137.0,138.0,136.0,137.0,15541553
2412,2026-05-28,137.0,138.0,136.5,136.5,16928668
2412,2026-05-29,137.5,138.5,136.5,137.0,27416612
2412,2026-06-01,137.0,142.0,137.0,140.5,26792126
2412,2026-06-02,140.0,142.5,140.0,142.0,19452116
2412,2026-06-03,142.0,143.0,141.0,141.0,13866011
2412,2026-06-04,141.0,143.0,140.5,141.5,13861468
2412,2026-06-05,141.0,142.0,140.0,141.0,11507800
2412,2026-06-08,139.5,140.5,138.0,138.5,17072400
2412,2026-06-09,138.0,142.5,138.0,142.0,18382175
2412,2026-06-10,141.5,144.0,141.5,144.0,14597047
2412,2026-06-11,144.0,145.0,143.5,145.0,17349970
2412,2026-06-12,145.0,145.5,143.5,145.0,8974047
2412,2026-06-15,146.0,146.0,144.0,145.5,9259174
2412,2026-06-16,146.0,147.0,145.0,146.5,12782451
2412,2026-06-17,145.5,146.5,144.5,145.5,8968717
2412,2026-06-18,145.0,145.5,144.0,144.0,9899868
2882,2024-06-18,53.15,53.97,53.15,53.97,28703145
2882,2024-06-19,54.15,54.34,53.33,54.06,29967420
2882,2024-06-20,54.06,55.16,53.88,55.07,43213257
2882,2024-06-21,55.07,55.34,54.7,55.07,44553804
2882,2024-06-24,55.25,55.44,54.61,55.25,26401745
2882,2024-06-25,55.71,56.08,55.07,55.44,30590909
2882,2024-06-26,55.25,55.44,54.06,54.52,38888351
2882,2024-06-27,53.97,54.15,53.42,54.15,47169410
2882,2024-06-28,54.15,54.61,53.7,54.06,48245179
2882,2024-07-01,54.92,55.11,53.78,55.11,68014318
2882,2024-07-02,54.82,55.48,54.44,55.2,25123181
2882,2024-07-03,55.67,58.42,55.58,58.33,82983423
2882,2024-07-04,58.61,58.99,57.29,57.57,54381074
2882,2024-07-05,58.14,58.33,57.38,58.14,38153115
2882,2024-07-08,58.33,59.18,57.86,59.09,41291332
2882,2024-07-09,59.28,59.94,57.86,58.9,44984901
2882,2024-07-10,59.37,60.42,59.18,60.32,46214319
2882,2024-07-11,61.08,62.69,60.51,62.12,74786743
2882,2024-07-12,61.84,62.69,61.27,62.31,38164611
2882,2024-07-15,62.6,62.6,60.8,61.65,33842043
2882,2024-07-16,62.31,62.41,61.27,62.03,33390002
2882,2024-07-17,62.31,62.79,61.46,61.93,39102467
2882,2024-07-18,61.36,62.22,59.85,60.89,48543601
2882,2024-07-19,61.36,61.36,58.52,59.37,52547992
2882,2024-07-22,58.9,58.99,56.43,56.91,47711977
2882,2024-07-23,57.95,58.33,57.57,58.33,21678619
2882,2024-07-26,56.62,58.52,56.43,58.33,37439149
2882,2024-07-29,59.18,59.94,58.61,59.47,30437537
2882,2024-07-30,59.28,59.28,57.57,58.52,21728973
2882,2024-07-31,57.67,59.56,57.67,59.18,18511247
2882,2024-08-01,59.66,59.85,59.18,59.56,24088468
2882,2024-08-02,58.33,58.52,57.48,58.14,28645559
2882,2024-08-05,55.96,56.15,52.45,52.73,67951804
2882,2024-08-06,54.06,54.73,51.22,53.21,47848163
2882,2024-08-07,53.21,55.67,53.21,55.58,41171470
2882,2024-08-08,54.54,55.77,54.25,54.82,22098747
2882,2024-08-09,58.14,58.33,57.0,57.38,48640357
2882,2024-08-12,58.05,58.42,57.29,57.86,28181159
2882,2024-08-13,57.95,58.33,57.48,58.14,20254165
2882,2024-08-14,58.61,59.28,58.24,58.71,27932712
2882,2024-08-15,59.37,59.56,58.33,58.42,19576689
2882,2024-08-16,59.37,60.04,58.9,59.75,40751327
2882,2024-08-19,59.94,59.94,58.99,59.09,19025333
2882,2024-08-20,59.28,59.28,57.95,58.52,23860267
2882,2024-08-21,58.24,58.99,58.14,58.71,17824051
2882,2024-08-22,58.52,58.61,57.86,58.24,15049844
2882,2024-08-23,57.57,58.52,57.38,58.33,10674672
2882,2024-08-26,59.09,60.89,58.99,60.61,45897812
2882,2024-08-27,60.23,60.42,59.56,59.85,24131732
2882,2024-08-28,60.13,60.23,59.37,60.23,13255685
2882,2024-08-29,59.85,60.13,59.47,59.85,14112990
2882,2024-08-30,60.13,60.42,59.75,60.23,30136194
2882,2024-09-02,60.51,61.84,60.42,61.36,31737202
2882,2024-09-03,61.46,61.46,60.23,60.42,16384725
2882,2024-09-04,57.86,58.99,57.48,58.42,36450780
2882,2024-09-05,58.8,60.32,58.52,59.18,30481021
2882,2024-09-06,58.99,60.42,58.61,60.23,24581221
2882,2024-09-09,58.8,59.37,58.14,59.28,29662372
2882,2024-09-10,59.28,60.13,58.8,59.37,18738850
2882,2024-09-11,59.09,59.66,59.09,59.28,18759780
2882,2024-09-12,59.94,60.04,59.28,59.66,19992848
2882,2024-09-13,59.85,60.42,59.28,59.94,15437217
2882,2024-09-16,60.04,60.13,59.47,59.85,9224361
2882,2024-09-18,59.75,60.13,59.56,59.94,12969687
2882,2024-09-19,60.13,61.46,60.04,61.46,34318662
2882,2024-09-20,61.65,62.03,61.18,61.36,40165846
2882,2024-09-23,61.55,62.03,61.18,62.03,21522538
2882,2024-09-24,62.12,63.07,61.93,62.88,43299635
2882,2024-09-25,63.55,63.64,62.98,63.64,31977429
2882,2024-09-26,64.12,65.06,63.93,64.78,44203669
2882,2024-09-27,65.44,65.44,63.45,64.02,36299707
2882,2024-09-30,63.93,64.21,63.07,63.07,29637285
2882,2024-10-01,63.45,63.64,62.79,63.26,11996810
2882,2024-10-04,62.6,63.45,62.41,62.6,24322395
2882,2024-10-07,63.17,64.49,63.07,64.49,29051653
2882,2024-10-08,64.02,64.68,63.55,64.21,24875376
2882,2024-10-09,64.78,64.97,64.12,64.31,17309623
2882,2024-10-11,65.06,65.06,64.12,64.49,21663134
2882,2024-10-14,64.49,64.59,63.64,64.21,10554371
2882,2024-10-15,64.31,65.25,64.02,65.25,28862968
2882,2024-10-16,64.49,65.06,63.93,64.31,21791724
2882,2024-10-17,64.4,65.16,64.4,65.06,13945412
2882,2024-10-18,65.25,66.3,64.97,66.2,42577824
2882,2024-10-21,66.2,66.2,64.49,64.78,38717417
2882,2024-10-22,64.68,65.73,64.31,65.73,26585760
2882,2024-10-23,65.44,65.82,65.16,65.63,17460484
2882,2024-10-24,65.25,65.44,64.68,64.68,16149286
2882,2024-10-25,64.97,65.44,64.59,65.44,11712474
2882,2024-10-28,65.35,66.2,64.97,65.73,22253036
2882,2024-10-29,65.63,65.63,64.49,64.97,21295784
2882,2024-10-30,65.25,65.44,64.97,65.35,14846643
2882,2024-11-01,64.59,65.25,63.93,65.06,25933667
2882,2024-11-04,65.06,66.01,64.97,66.01,27759924
2882,2024-11-05,65.54,66.2,65.06,66.2,12529086
2882,2024-11-06,66.01,66.11,65.44,65.54,12043658
2882,2024-11-07,65.44,66.77,65.44,66.2,25062035
2882,2024-11-08,66.39,66.58,65.82,65.92,15125052
2882,2024-11-11,66.11,66.2,64.59,65.16,20916698
2882,2024-11-12,64.31,64.68,63.74,64.02,40494368
2882,2024-11-13,63.64,64.02,62.79,63.36,37216440
2882,2024-11-14,63.07,63.64,62.69,62.79,26613329
2882,2024-11-15,63.55,64.78,63.17,63.45,29043099
2882,2024-11-18,63.83,64.02,63.17,63.55,19670848
2882,2024-11-19,63.83,64.21,63.07,64.21,29378666
2882,2024-11-20,63.93,63.93,63.93,63.93,25128583
2882,2024-11-21,63.45,63.55,62.79,63.17,29047535
2882,2024-11-22,63.55,63.83,63.07,63.36,20542663
2882,2024-11-25,63.93,64.49,63.64,63.83,45994278
2882,2024-11-26,63.64,64.02,62.88,63.93,14985040
2882,2024-11-27,63.64,63.83,63.07,63.07,12375995
2882,2024-11-28,63.36,63.36,62.69,62.88,12375048
2882,2024-11-29,62.41,62.69,61.65,62.31,23113400
2882,2024-12-02,62.69,64.21,62.6,64.12,20298415
2882,2024-12-03,64.4,65.35,64.31,65.35,29913884
2882,2024-12-04,65.44,65.44,64.87,65.44,15588054
2882,2024-12-05,65.63,65.73,65.25,65.63,12754696
2882,2024-12-06,65.54,65.63,64.87,65.16,10241647
2882,2024-12-09,65.16,65.82,65.06,65.63,18164014
2882,2024-12-10,65.25,65.63,64.87,65.06,12441774
2882,2024-12-11,64.78,65.63,64.49,64.87,19996762
2882,2024-12-12,65.44,66.2,65.06,66.01,36133386
2882,2024-12-13,65.73,66.2,65.44,65.92,13686022
2882,2024-12-16,65.92,67.06,65.82,66.49,34902926
2882,2024-12-17,66.01,66.39,65.06,65.06,24837503
2882,2024-12-18,64.97,65.82,64.68,65.25,15857184
2882,2024-12-19,64.02,64.21,63.64,64.21,26330204
2882,2024-12-20,63.74,64.21,63.45,63.83,26899589
2882,2024-12-23,64.49,65.44,64.49,65.44,17122496
2882,2024-12-24,65.44,65.54,65.06,65.35,6153683
2882,2024-12-25,65.44,65.54,64.87,65.16,5986895
2882,2024-12-26,65.35,65.44,64.87,65.16,3532796
2882,2024-12-27,65.06,65.73,64.97,65.73,10258701
2882,2024-12-30,65.63,66.2,65.44,65.63,16911590
2882,2024-12-31,65.06,65.16,64.59,64.78,13746482
2882,2025-01-02,65.16,65.16,63.83,64.49,24306565
2882,2025-01-03,64.59,64.78,64.02,64.31,18132652
2882,2025-01-06,64.78,65.63,64.59,65.25,27528633
2882,2025-01-07,65.54,65.63,64.78,65.54,23548626
2882,2025-01-08,65.25,65.82,65.06,65.25,24392294
2882,2025-01-09,65.06,65.73,64.78,64.78,11260509
2882,2025-01-10,64.02,64.12,61.36,61.74,79078935
2882,2025-01-13,61.65,62.31,60.32,60.89,36934824
2882,2025-01-14,61.18,62.31,61.18,62.12,22041903
2882,2025-01-15,62.12,62.41,61.27,61.36,20181926
2882,2025-01-16,62.22,62.5,61.93,62.12,14008135
2882,2025-01-17,62.41,62.69,61.55,62.12,12841817
2882,2025-01-20,62.31,62.5,61.65,61.74,9452883
2882,2025-01-21,61.93,62.79,61.74,62.5,10512224
2882,2025-01-22,63.07,63.83,62.98,63.36,26391399
2882,2025-02-03,61.74,62.88,61.55,62.6,22126880
2882,2025-02-04,63.07,63.36,61.74,61.84,15388000
2882,2025-02-05,62.5,63.26,62.31,63.07,15759429
2882,2025-02-06,63.36,63.45,62.88,63.45,9897240
2882,2025-02-07,63.17,63.74,62.98,63.45,10923854
2882,2025-02-10,63.26,64.49,63.17,63.93,16377780
2882,2025-02-11,64.59,65.25,64.49,64.97,20866816
2882,2025-02-12,65.06,65.35,64.68,65.16,10202913
2882,2025-02-13,65.06,65.44,64.68,65.16,13377030
2882,2025-02-14,65.16,65.44,64.87,65.16,10985387
2882,2025-02-17,65.35,65.73,65.25,65.44,16292304
2882,2025-02-18,65.16,65.63,65.16,65.63,8763605
2882,2025-02-19,65.44,65.63,64.78,65.16,13330523
2882,2025-02-20,65.16,65.44,64.78,65.25,13665208
2882,2025-02-21,65.06,65.44,65.06,65.35,10572393
2882,2025-02-24,64.87,65.16,64.87,65.16,8914341
2882,2025-02-25,64.68,65.25,64.31,65.16,13356157
2882,2025-02-26,64.97,65.73,64.78,65.63,15458463
2882,2025-02-27,65.44,65.73,64.87,64.87,35778086
2882,2025-03-03,65.16,65.35,64.49,65.25,21241927
2882,2025-03-04,64.31,64.68,63.26,64.21,22150783
2882,2025-03-05,64.4,64.97,64.4,64.68,12313204
2882,2025-03-06,64.49,65.16,64.49,65.16,9201178
2882,2025-03-07,64.78,64.87,63.74,63.83,22302843
2882,2025-03-10,63.74,64.21,63.45,63.83,10298966
2882,2025-03-11,62.6,62.98,61.46,62.5,33709866
2882,2025-03-12,62.6,63.17,62.6,63.07,11828340
2882,2025-03-13,63.36,63.45,62.5,62.5,7661325
2882,2025-03-14,63.17,63.55,62.6,62.6,14062880
2882,2025-03-17,62.41,62.79,61.55,62.6,21267901
2882,2025-03-18,62.88,63.83,62.6,63.07,17177663
2882,2025-03-19,62.88,63.07,61.93,61.93,16248437
2882,2025-03-20,62.41,62.88,62.31,62.5,10061188
2882,2025-03-21,62.22,62.5,61.74,61.74,19663149
2882,2025-03-24,61.93,62.22,61.65,61.65,9927289
2882,2025-03-25,62.03,62.31,61.65,61.65,11934883
2882,2025-03-26,62.12,62.41,61.84,62.03,15073510
2882,2025-03-27,61.74,61.93,61.27,61.93,15022289
2882,2025-03-28,61.65,61.74,60.7,60.7,20054064
2882,2025-03-31,59.56,59.75,57.95,58.05,32601854
2882,2025-04-01,58.33,58.9,58.05,58.42,25979079
2882,2025-04-02,58.42,59.09,58.42,58.42,21366759
2882,2025-04-07,52.64,52.64,52.64,52.64,9339145
2882,2025-04-08,50.08,51.98,49.51,51.31,84413483
2882,2025-04-09,50.74,51.79,46.95,46.95,67600496
2882,2025-04-10,51.6,51.6,51.22,51.6,20144368
2882,2025-04-11,49.79,51.6,49.79,51.41,55592542
2882,2025-04-14,51.6,52.83,51.5,51.69,39368302
2882,2025-04-15,51.98,53.3,51.79,53.11,23705441
2882,2025-04-16,52.26,52.64,51.69,51.98,22269928
2882,2025-04-17,51.69,51.69,50.84,51.12,24874782
2882,2025-04-18,50.84,51.22,50.46,50.84,26241533
2882,2025-04-21,51.03,51.41,50.55,51.31,16911194
2882,2025-04-22,50.36,50.74,49.32,49.79,31953772
2882,2025-04-23,50.84,50.84,50.08,50.84,26448029
2882,2025-04-24,50.93,51.03,50.17,50.74,23118104
2882,2025-04-25,51.22,51.98,51.03,51.31,26733950
2882,2025-04-28,51.98,52.16,51.5,51.79,13700391
2882,2025-04-29,51.79,52.83,51.5,52.83,29605110
2882,2025-04-30,55.39,56.34,54.73,55.48,70499043
2882,2025-05-02,55.48,55.86,55.11,55.67,38292253
2882,2025-05-05,52.26,52.54,50.55,51.88,95368983
2882,2025-05-06,51.12,53.3,50.84,53.02,64400064
2882,2025-05-07,52.83,53.3,51.98,53.3,45137412
2882,2025-05-08,52.26,53.3,52.26,52.35,52583859
2882,2025-05-09,51.79,52.64,51.41,52.35,55895645
2882,2025-05-12,52.16,53.3,52.16,53.21,38040502
2882,2025-05-13,54.35,55.39,53.97,54.92,54663954
2882,2025-05-14,55.58,56.24,55.39,55.77,38045887
2882,2025-05-15,56.24,56.81,55.86,56.53,43348358
2882,2025-05-16,56.81,59.75,56.53,59.75,74886943
2882,2025-05-19,58.33,59.09,57.29,57.38,50035510
2882,2025-05-20,57.67,58.99,57.67,58.33,35187628
2882,2025-05-21,58.52,60.7,58.42,60.23,67276671
2882,2025-05-22,58.99,62.69,58.8,62.22,98102551
2882,2025-05-23,61.65,63.74,61.65,62.31,69220745
2882,2025-05-26,62.03,63.07,59.75,59.75,99601144
2882,2025-05-27,59.37,61.27,58.42,58.99,140946039
2882,2025-05-28,59.37,59.75,58.05,58.05,134231696
2882,2025-05-29,58.42,59.18,56.72,56.72,210093481
2882,2025-06-02,56.62,57.76,55.77,57.29,149784569
2882,2025-06-03,57.0,60.61,56.91,60.61,175849378
2882,2025-06-04,59.75,64.21,58.61,61.36,276557834
2882,2025-06-05,60.99,63.74,60.99,62.69,169990897
2882,2025-06-06,61.55,64.02,61.46,62.88,194544529
2882,2025-06-09,63.07,64.31,63.07,64.21,165372356
2882,2025-06-10,64.21,64.4,62.6,62.6,126958023
2882,2025-06-11,62.98,64.87,60.8,64.87,186969872
2882,2025-06-12,63.64,64.97,63.07,64.97,146977203
2882,2025-06-13,64.02,65.92,63.64,65.44,133217588
2882,2025-06-16,65.16,65.92,63.64,63.83,61016699
2882,2025-06-17,63.83,64.68,62.31,62.31,67972090
2882,2025-06-18,62.88,63.93,62.31,63.83,59602690
2882,2025-06-19,63.07,63.45,62.22,62.79,43094453
2882,2025-06-20,62.79,62.88,61.93,62.22,42370749
2882,2025-06-23,61.65,62.5,61.36,62.5,31718301
2882,2025-06-24,62.79,63.26,62.31,63.07,34402132
2882,2025-06-25,63.45,63.55,62.79,63.07,38576800
2882,2025-06-26,62.98,63.36,62.79,63.26,41927490
2882,2025-06-27,63.07,64.4,62.6,64.4,84433352
2882,2025-06-30,63.8,63.8,62.5,62.8,58096172
2882,2025-07-01,62.8,64.7,62.8,63.4,42222231
2882,2025-07-02,63.4,63.7,62.6,62.6,25575977
2882,2025-07-03,62.7,63.2,62.6,62.7,23304415
2882,2025-07-04,63.0,63.0,61.5,61.5,22756608
2882,2025-07-07,61.9,62.3,61.5,61.8,26239515
2882,2025-07-08,61.7,62.2,61.2,61.6,18648777
2882,2025-07-09,61.2,62.0,61.1,61.1,17134414
2882,2025-07-10,60.9,62.9,60.8,62.7,26695923
2882,2025-07-11,62.6,63.8,62.4,62.5,20567067
2882,2025-07-14,63.0,63.7,62.8,63.2,28794836
2882,2025-07-15,63.1,63.4,62.7,63.1,16759222
2882,2025-07-16,62.6,63.7,62.6,63.5,28809256
2882,2025-07-17,63.6,64.0,63.1,63.1,29461954
2882,2025-07-18,63.0,63.5,62.5,62.6,20613253
2882,2025-07-21,62.7,63.1,62.2,62.3,20142877
2882,2025-07-22,62.7,62.9,61.5,61.7,22811435
2882,2025-07-23,62.3,62.8,61.9,62.7,22781398
2882,2025-07-24,62.7,62.9,62.1,62.6,13566107
2882,2025-07-25,62.2,62.8,62.1,62.6,13430671
2882,2025-07-28,62.6,62.9,61.8,61.9,17872370
2882,2025-07-29,61.9,62.1,61.3,61.3,14650021
2882,2025-07-30,61.6,62.2,61.4,61.5,12836092
2882,2025-07-31,61.3,61.4,60.9,60.9,17930528
2882,2025-08-04,60.8,62.5,60.6,62.5,26126663
2882,2025-08-05,62.2,62.9,62.0,62.8,17283090
2882,2025-08-06,62.7,63.0,62.4,62.7,18457373
2882,2025-08-07,62.8,63.4,62.7,62.9,16564030
2882,2025-08-08,62.8,63.3,62.8,63.2,10368497
2882,2025-08-11,62.9,64.0,62.9,63.9,16382581
2882,2025-08-12,64.1,64.3,63.6,63.6,16208571
2882,2025-08-13,63.9,64.3,63.6,63.7,15368317
2882,2025-08-14,63.7,64.8,63.7,64.6,27447688
2882,2025-08-15,64.6,64.7,64.0,64.7,13372024
2882,2025-08-18,64.2,64.5,63.8,64.4,22487462
2882,2025-08-19,64.1,64.7,64.0,64.2,15500507
2882,2025-08-20,64.3,64.6,63.0,63.1,20192207
2882,2025-08-21,63.6,64.5,63.5,64.5,18114412
2882,2025-08-22,64.1,64.3,63.5,63.8,14471796
2882,2025-08-25,64.1,64.6,64.0,64.6,11865865
2882,2025-08-26,64.2,64.5,63.4,63.4,27837469
2882,2025-08-27,63.4,63.6,62.6,62.6,19417165
2882,2025-08-28,63.0,63.0,62.3,62.3,15592358
2882,2025-08-29,62.3,62.6,61.5,61.5,18322296
2882,2025-09-01,61.9,62.6,61.8,62.6,15282127
2882,2025-09-02,62.6,63.5,62.5,63.5,18351078
2882,2025-09-03,63.5,63.6,62.9,63.5,9222113
2882,2025-09-04,63.6,64.2,63.5,64.1,15063476
2882,2025-09-05,64.1,64.6,63.8,64.6,19432589
2882,2025-09-08,64.5,64.5,63.8,63.8,15273818
2882,2025-09-09,64.0,64.3,63.7,64.1,14966579
2882,2025-09-10,63.9,64.9,63.9,64.9,22694241
2882,2025-09-11,64.9,65.3,64.2,64.4,18523916
2882,2025-09-12,64.5,65.8,64.5,65.5,26625699
2882,2025-09-15,65.2,66.5,65.2,65.4,22702020
2882,2025-09-16,65.8,66.2,65.2,66.1,26173648
2882,2025-09-17,65.6,65.7,64.7,65.7,24040590
2882,2025-09-18,65.6,65.6,64.5,65.0,15282654
2882,2025-09-19,65.0,65.5,64.6,65.5,22563630
2882,2025-09-22,65.4,66.1,65.3,66.0,15296636
2882,2025-09-23,65.9,66.3,65.7,66.2,11713911
2882,2025-09-24,66.2,67.0,65.6,66.0,14641979
2882,2025-09-25,66.0,66.2,65.6,65.7,11982347
2882,2025-09-26,65.5,65.6,64.8,65.1,10461280
2882,2025-09-30,65.6,65.6,64.8,65.6,20627813
2882,2025-10-01,65.2,66.3,65.2,65.3,15902872
2882,2025-10-02,65.4,66.0,65.0,65.0,14445489
2882,2025-10-03,65.7,66.0,65.0,65.0,8779000
2882,2025-10-07,65.0,66.0,64.7,65.2,16211743
2882,2025-10-08,65.4,65.9,65.3,65.3,13282302
2882,2025-10-09,65.7,66.6,65.6,66.4,25972942
2882,2025-10-13,66.3,66.3,65.1,65.3,19110126
2882,2025-10-14,65.4,66.9,65.4,65.5,25539114
2882,2025-10-15,65.8,66.4,65.4,66.4,27746495
2882,2025-10-16,66.2,67.1,65.8,65.8,23579253
2882,2025-10-17,65.8,66.1,65.1,65.2,15123134
2882,2025-10-20,65.6,66.1,65.1,65.3,8352997
2882,2025-10-21,65.8,66.7,65.6,65.7,18396940
2882,2025-10-22,65.9,66.2,65.6,65.7,13493531
2882,2025-10-23,65.6,65.7,65.1,65.7,16916394
2882,2025-10-27,66.5,66.5,65.6,65.7,17268046
2882,2025-10-28,66.1,66.1,64.6,64.8,18582099
2882,2025-10-29,65.2,65.4,64.8,64.8,11855204
2882,2025-10-30,64.8,65.1,64.1,64.6,18310747
2882,2025-10-31,65.2,65.2,64.0,64.0,17218882
2882,2025-11-03,63.8,64.4,63.5,63.9,13598341
2882,2025-11-04,64.0,64.8,64.0,64.6,12238409
2882,2025-11-05,64.1,64.4,63.6,64.1,16292975
2882,2025-11-06,64.6,65.1,64.0,64.7,15378557
2882,2025-11-07,64.3,64.6,63.5,63.5,14897942
2882,2025-11-10,63.6,64.4,63.6,63.8,14091189
2882,2025-11-11,64.8,65.7,64.5,64.8,34181909
2882,2025-11-12,65.3,65.9,64.9,64.9,27636636
2882,2025-11-13,65.0,66.0,64.9,65.9,30904584
2882,2025-11-14,65.7,66.5,65.2,66.0,35787774
2882,2025-11-17,65.8,66.0,65.0,65.3,28342797
2882,2025-11-18,64.8,65.0,64.4,64.8,27400025
2882,2025-11-19,65.2,65.3,64.2,64.2,21462645
2882,2025-11-20,64.9,64.9,64.2,64.7,24362968
2882,2025-11-21,64.4,64.4,63.6,63.6,24742145
2882,2025-11-24,63.8,65.5,63.8,65.5,34836154
2882,2025-11-25,65.5,66.0,65.0,65.1,20977444
2882,2025-11-26,65.5,66.0,65.3,65.8,18552338
2882,2025-11-27,65.2,65.8,64.8,65.8,27479730
2882,2025-11-28,65.2,65.5,64.2,64.2,29237036
2882,2025-12-01,64.1,65.2,64.1,64.8,22445838
2882,2025-12-02,65.2,66.6,65.2,66.6,41243005
2882,2025-12-03,66.7,67.6,66.2,67.6,34055361
2882,2025-12-04,67.5,69.2,67.4,69.0,38707144
2882,2025-12-05,68.5,68.7,67.8,68.7,17806807
2882,2025-12-08,68.3,69.0,67.8,69.0,16708158
2882,2025-12-09,68.5,69.2,68.5,69.2,18450634
2882,2025-12-10,69.1,69.3,68.0,68.5,17923501
2882,2025-12-11,69.2,69.7,68.5,69.2,27376078
2882,2025-12-12,69.7,70.4,69.5,70.1,34117672
2882,2025-12-15,69.3,70.6,69.2,70.1,28704428
2882,2025-12-16,69.7,70.2,69.2,70.2,72835524
2882,2025-12-17,70.2,73.5,70.1,73.2,76687387
2882,2025-12-18,73.7,74.8,72.6,74.4,54993389
2882,2025-12-19,74.6,75.5,73.9,75.5,51669442
2882,2025-12-22,75.8,76.7,75.6,76.5,45489213
2882,2025-12-23,76.8,76.8,74.7,76.7,39539191
2882,2025-12-24,77.0,77.3,75.1,75.9,43705849
2882,2025-12-26,75.9,75.9,74.3,74.8,34727588
2882,2025-12-29,74.7,76.2,74.2,76.0,14334350
2882,2025-12-30,75.5,76.5,75.1,76.2,27395108
2882,2025-12-31,75.7,76.2,75.0,75.8,37258631
2882,2026-01-02,75.4,76.0,74.8,75.2,25677629
2882,2026-01-05,75.0,76.5,74.5,76.5,24877174
2882,2026-01-06,76.1,76.6,75.7,76.0,15671043
2882,2026-01-07,76.5,76.5,74.9,75.6,16372520
2882,2026-01-08,75.6,76.6,75.3,76.4,15645173
2882,2026-01-09,76.5,76.6,75.2,75.9,14951473
2882,2026-01-12,76.4,76.4,75.3,76.1,18236518
2882,2026-01-13,76.2,77.5,74.8,77.4,30273340
2882,2026-01-14,77.5,77.5,74.7,74.7,37155688
2882,2026-01-15,74.9,75.9,74.8,75.2,19373059
2882,2026-01-16,75.6,76.8,75.4,76.2,23074947
2882,2026-01-19,76.2,78.4,76.1,77.4,26557522
2882,2026-01-20,76.9,77.9,76.2,76.6,18532605
2882,2026-01-21,76.6,77.1,75.3,75.7,21720632
2882,2026-01-22,76.0,77.2,75.3,75.6,23087092
2882,2026-01-23,75.9,76.7,75.6,76.6,24142225
2882,2026-01-26,76.6,77.6,76.4,77.1,18575389
2882,2026-01-27,77.0,77.2,75.4,75.9,28311761
2882,2026-01-28,76.1,76.3,75.2,75.8,16667426
2882,2026-01-29,75.4,76.5,75.2,76.4,17778678
2882,2026-01-30,76.1,76.4,75.1,75.4,20281913
2882,2026-02-02,75.7,75.7,73.1,74.3,28898351
2882,2026-02-03,74.9,75.5,74.7,74.7,14012635
2882,2026-02-04,75.0,76.5,75.0,76.2,17910621
2882,2026-02-05,75.8,76.2,75.4,76.0,11206654
2882,2026-02-06,75.9,76.0,74.3,75.7,17967470
2882,2026-02-09,76.2,77.8,76.1,77.2,25114277
2882,2026-02-10,77.5,78.2,77.0,77.9,17709684
2882,2026-02-11,78.4,79.1,77.7,78.8,29213163
2882,2026-02-23,81.4,81.6,79.3,79.6,45166656
2882,2026-02-24,79.2,80.4,78.2,78.2,25323530
2882,2026-02-25,78.2,78.3,76.9,76.9,33594522
2882,2026-02-26,77.0,80.2,77.0,79.7,67154865
2882,2026-03-02,79.4,79.4,77.3,77.9,24711169
2882,2026-03-03,77.3,78.3,77.1,77.6,22150573
2882,2026-03-04,76.5,76.6,72.8,73.2,57067965
2882,2026-03-05,74.3,74.7,72.7,73.6,32150672
2882,2026-03-06,73.0,73.5,72.6,73.0,21677181
2882,2026-03-09,68.3,70.0,67.3,70.0,42252605
2882,2026-03-10,71.6,72.0,70.5,71.1,18047880
2882,2026-03-11,71.2,72.8,71.2,71.8,10251491
2882,2026-03-12,72.6,73.1,71.9,72.5,20179932
2882,2026-03-13,71.6,72.4,71.3,71.7,19590578
2882,2026-03-16,72.2,72.9,71.5,72.4,29914846
2882,2026-03-17,72.5,73.4,72.4,73.2,18121751
2882,2026-03-18,74.2,74.3,72.8,73.4,15804364
2882,2026-03-19,73.0,73.0,71.2,71.6,26333362
2882,2026-03-20,71.3,72.7,71.3,72.0,24877113
2882,2026-03-23,70.1,72.3,69.6,71.7,29422850
2882,2026-03-24,71.8,72.0,70.8,70.8,23196770
2882,2026-03-25,72.4,72.4,70.9,71.4,21219807
2882,2026-03-26,71.4,71.8,70.7,70.8,13700275
2882,2026-03-27,70.4,70.7,69.5,70.6,23980150
2882,2026-03-30,69.1,70.9,69.1,70.4,26828104
2882,2026-03-31,69.8,71.4,69.6,70.3,28747381
2882,2026-04-01,71.6,72.0,71.1,71.9,22215404
2882,2026-04-02,72.1,72.3,71.1,71.8,10928195
2882,2026-04-07,72.2,72.5,71.0,71.9,16428932
2882,2026-04-08,73.6,73.9,72.6,73.8,27939903
2882,2026-04-09,74.3,74.5,72.5,73.6,26322517
2882,2026-04-10,73.9,73.9,72.5,72.9,17943026
2882,2026-04-13,72.6,72.8,71.6,72.0,20620128
2882,2026-04-14,71.5,72.7,71.5,72.7,25056705
2882,2026-04-15,72.9,73.0,72.0,72.9,27238084
2882,2026-04-16,73.0,74.2,73.0,74.2,35144704
2882,2026-04-17,74.2,75.0,73.0,75.0,27931964
2882,2026-04-20,74.8,75.3,74.1,74.6,30692757
2882,2026-04-21,75.4,75.6,74.0,75.5,28876337
2882,2026-04-22,75.5,76.0,75.0,75.9,32027678
2882,2026-04-23,75.1,75.7,74.4,74.8,33764734
2882,2026-04-24,74.5,75.1,73.8,74.9,28868815
2882,2026-04-27,74.1,75.0,73.7,74.5,27783639
2882,2026-04-28,74.5,75.3,74.3,74.7,22636897
2882,2026-04-29,75.9,79.5,75.9,78.6,70919434
2882,2026-04-30,78.0,79.5,77.2,77.2,29306785
2882,2026-05-04,77.8,78.8,76.2,76.2,35195234
2882,2026-05-05,76.2,77.7,75.8,77.2,28252783
2882,2026-05-06,77.7,79.2,77.6,78.7,31155809
2882,2026-05-07,78.5,79.2,78.0,79.0,24074023
2882,2026-05-08,79.5,80.8,79.3,80.0,36525837
2882,2026-05-11,79.6,79.6,78.4,78.4,21853943
2882,2026-05-12,78.7,79.5,76.4,76.4,44508109
2882,2026-05-13,76.6,78.3,76.1,77.3,34340309
2882,2026-05-14,76.9,78.6,76.7,76.7,26704483
2882,2026-05-15,77.4,79.7,77.0,77.9,54587526
2882,2026-05-18,78.0,78.0,76.5,76.8,25972412
2882,2026-05-19,77.5,79.7,77.3,77.8,45890134
2882,2026-05-20,78.0,78.4,77.0,77.9,27663824
2882,2026-05-21,77.8,79.1,77.8,78.7,41744037
2882,2026-05-22,78.5,79.8,78.2,79.7,40668392
2882,2026-05-25,79.9,81.5,78.7,81.5,48760635
2882,2026-05-26,80.6,83.1,80.6,83.1,54387264
2882,2026-05-27,83.1,86.4,82.7,85.4,69625066
2882,2026-05-28,85.4,86.2,83.4,84.8,61783410
2882,2026-05-29,85.6,85.8,84.0,85.7,71290598
2882,2026-06-01,86.6,89.4,85.3,88.2,56414882
2882,2026-06-02,88.5,89.2,86.6,89.2,57669540
2882,2026-06-03,89.9,92.5,89.2,91.8,57052765
2882,2026-06-04,96.3,96.3,91.8,94.4,53704628
2882,2026-06-05,94.4,100.0,93.7,100.0,68728572
2882,2026-06-08,97.8,97.8,94.0,95.0,56623585
2882,2026-06-09,95.3,104.0,95.3,104.0,55455101
2882,2026-06-10,102.0,102.5,99.4,99.9,41895593
2882,2026-06-11,101.0,101.5,97.7,100.5,35856797
2882,2026-06-12,102.0,105.5,99.7,100.5,31979247
2882,2026-06-15,105.0,105.5,103.0,104.0,25204928
2882,2026-06-16,104.5,109.5,104.0,109.5,53990536
2882,2026-06-17,110.0,117.0,108.0,113.5,49230979
2882,2026-06-18,115.0,117.5,114.0,115.5,47963852
2308,2024-06-18,337.7,343.56,335.74,340.14,11058221
2308,2024-06-19,349.91,362.62,348.45,358.71,27262125
2308,2024-06-20,360.18,362.62,355.78,361.15,15658314
2308,2024-06-21,358.71,378.75,354.8,374.35,27328765
2308,2024-06-24,369.46,373.37,364.09,368.0,14788504
2308,2024-06-25,366.53,382.66,361.15,378.26,19342112
2308,2024-06-26,378.26,383.63,374.84,376.3,13606956
2308,2024-06-27,374.35,378.75,372.39,377.77,8110428
2308,2024-06-28,379.24,387.05,378.26,378.75,14517508
2308,2024-07-01,379.72,387.05,376.3,381.68,8171543
2308,2024-07-02,375.33,379.72,373.37,374.35,10480225
2308,2024-07-03,374.35,377.28,368.48,370.93,10079137
2308,2024-07-04,373.37,379.24,370.93,373.37,8370304
2308,2024-07-05,376.3,383.63,375.33,378.26,11011210
2308,2024-07-08,376.79,394.87,376.3,392.92,19276224
2308,2024-07-09,390.96,403.67,387.05,400.74,18394935
2308,2024-07-10,403.18,412.96,400.74,411.0,16984440
2308,2024-07-11,411.0,425.17,407.09,424.2,14686355
2308,2024-07-12,413.93,418.33,410.51,412.47,11593686
2308,2024-07-15,411.49,414.42,402.69,405.63,9957443
2308,2024-07-16,398.78,408.07,398.78,403.18,9149976
2308,2024-07-17,400.74,405.63,397.81,401.72,8138419
2308,2024-07-18,389.99,395.85,387.05,392.43,12596981
2308,2024-07-19,387.05,393.9,384.61,389.99,9753619
2308,2024-07-22,385.59,387.05,363.6,365.06,16977855
2308,2024-07-23,371.42,382.17,369.95,380.7,10284203
2308,2024-07-26,362.62,381.19,360.66,379.24,15418212
2308,2024-07-29,388.52,395.85,384.12,387.05,12455583
2308,2024-07-30,387.05,390.96,380.21,390.96,9070732
2308,2024-07-31,393.9,408.56,390.96,405.14,17954450
2308,2024-08-01,413.44,417.35,405.63,414.42,21610324
2308,2024-08-02,383.63,395.85,380.21,381.19,21524543
2308,2024-08-05,343.07,351.87,343.07,343.07,22193364
2308,2024-08-06,361.64,368.48,339.16,364.57,22656609
2308,2024-08-07,366.53,380.21,365.06,370.93,15060540
2308,2024-08-08,371.42,377.77,365.06,368.48,13918520
2308,2024-08-09,374.84,388.52,374.84,378.75,14785272
2308,2024-08-12,394.87,397.81,386.08,389.99,13303160
2308,2024-08-13,396.34,396.83,387.05,390.48,6194292
2308,2024-08-14,395.85,403.18,393.41,399.76,8988188
2308,2024-08-15,404.16,404.16,396.83,399.76,7223463
2308,2024-08-16,406.6,407.58,399.76,401.72,8601345
2308,2024-08-19,397.81,401.23,394.87,395.36,6549779
2308,2024-08-20,398.78,402.69,392.92,393.41,5535444
2308,2024-08-21,389.99,397.81,388.03,390.96,11392681
2308,2024-08-22,390.96,394.39,390.48,392.92,4367333
2308,2024-08-23,390.96,393.9,387.54,392.92,4590172
2308,2024-08-26,395.85,398.78,385.1,386.08,6359095
2308,2024-08-27,382.17,390.96,381.68,390.96,3095579
2308,2024-08-28,390.96,391.45,385.59,391.45,3109258
2308,2024-08-29,385.1,390.96,383.63,388.52,3811373
2308,2024-08-30,393.9,396.34,390.48,390.48,9353162
2308,2024-09-02,395.85,395.85,383.15,385.59,6586239
2308,2024-09-03,385.59,388.03,383.15,383.63,5984980
2308,2024-09-04,364.09,370.44,355.78,363.6,12529472
2308,2024-09-05,366.53,372.39,360.18,360.66,7722618
2308,2024-09-06,362.13,368.48,360.66,367.02,7390351
2308,2024-09-09,350.89,357.73,350.4,354.31,9215501
2308,2024-09-10,358.22,363.11,357.24,360.66,7282460
2308,2024-09-11,356.76,360.66,352.36,356.27,8409792
2308,2024-09-12,368.48,380.7,367.51,380.21,8894805
2308,2024-09-13,383.63,383.63,373.37,376.3,4663800
2308,2024-09-16,376.3,380.21,372.39,376.79,3624545
2308,2024-09-18,372.39,376.3,368.0,371.42,6556263
2308,2024-09-19,373.86,382.66,373.86,382.66,7207787
2308,2024-09-20,386.08,388.52,378.26,378.26,9136601
2308,2024-09-23,383.63,384.61,380.21,381.68,5020496
2308,2024-09-24,381.68,388.03,378.26,388.03,3850774
2308,2024-09-25,386.08,392.43,386.08,389.01,8606574
2308,2024-09-26,385.1,389.99,385.1,387.05,7370610
2308,2024-09-27,389.01,394.87,388.52,390.96,8232728
2308,2024-09-30,380.7,386.08,371.9,371.9,8344665
2308,2024-10-01,370.93,379.24,370.93,375.81,5868987
2308,2024-10-04,363.6,368.0,357.73,357.73,16627056
2308,2024-10-07,363.11,368.97,355.29,364.09,15414148
2308,2024-10-08,362.62,373.37,361.64,373.37,10171348
2308,2024-10-09,378.26,378.75,370.44,372.88,9331512
2308,2024-10-11,372.39,377.77,369.95,371.42,5817406
2308,2024-10-14,368.0,380.21,368.0,378.75,6546725
2308,2024-10-15,379.24,391.45,378.75,389.5,11524844
2308,2024-10-16,384.12,387.05,378.26,380.21,9403088
2308,2024-10-17,385.59,385.59,376.79,383.15,6769479
2308,2024-10-18,388.03,395.85,386.08,392.92,12959796
2308,2024-10-21,393.9,394.87,388.52,390.96,5116616
2308,2024-10-22,390.96,395.36,387.05,395.36,6272355
2308,2024-10-23,390.96,392.43,388.03,389.5,3487185
2308,2024-10-24,386.08,389.5,384.61,384.61,5396460
2308,2024-10-25,384.12,392.92,384.12,392.92,6453110
2308,2024-10-28,394.87,403.67,392.43,395.85,8652651
2308,2024-10-29,392.43,396.83,387.54,396.83,8256951
2308,2024-10-30,397.81,398.29,389.99,394.87,11943686
2308,2024-11-01,372.39,387.05,372.39,381.68,13189106
2308,2024-11-04,379.24,386.08,379.24,386.08,8698905
2308,2024-11-05,383.15,393.9,382.17,389.5,5569740
2308,2024-11-06,387.05,393.9,386.08,393.9,7211207
2308,2024-11-07,393.9,393.9,388.03,389.99,6116649
2308,2024-11-08,390.96,393.9,389.01,390.96,6679657
2308,2024-11-11,390.96,392.92,387.54,391.94,6098507
2308,2024-11-12,390.96,399.76,386.57,388.03,12544916
2308,2024-11-13,383.15,388.03,382.66,384.61,6205958
2308,2024-11-14,386.08,386.57,377.28,380.21,6985748
2308,2024-11-15,383.15,384.61,377.28,377.28,5062478
2308,2024-11-18,377.77,380.21,374.84,377.77,4209054
2308,2024-11-19,376.3,379.24,373.37,379.24,5048593
2308,2024-11-20,377.77,377.77,377.77,377.77,6252197
2308,2024-11-21,371.42,373.86,367.51,372.39,9970868
2308,2024-11-22,377.28,385.1,377.28,385.1,6811218
2308,2024-11-25,388.03,390.96,384.61,384.61,9755212
2308,2024-11-26,382.17,384.12,378.75,378.75,3536692
2308,2024-11-27,377.28,384.12,377.28,377.28,2711116
2308,2024-11-28,377.28,379.24,369.95,375.33,5038111
2308,2024-11-29,368.0,377.28,366.04,372.39,6334609
2308,2024-12-02,377.28,382.17,377.28,379.72,2840583
2308,2024-12-03,382.17,385.1,381.19,382.17,4794785
2308,2024-12-04,384.12,386.08,381.19,386.08,3312822
2308,2024-12-05,387.54,389.5,382.66,382.66,4924741
2308,2024-12-06,380.21,390.48,380.21,389.99,6341198
2308,2024-12-09,389.99,397.32,389.01,395.85,7631308
2308,2024-12-10,395.36,395.36,389.5,393.9,7292463
2308,2024-12-11,393.9,408.56,392.43,405.14,12553245
2308,2024-12-12,402.69,411.49,402.69,407.58,8575396
2308,2024-12-13,411.98,422.73,409.05,413.44,14190436
2308,2024-12-16,416.38,419.8,411.98,416.38,8747143
2308,2024-12-17,409.05,415.4,406.6,410.02,8338235
2308,2024-12-18,405.14,415.89,405.14,415.89,6226938
2308,2024-12-19,405.63,410.02,403.67,407.09,7012984
2308,2024-12-20,398.78,408.07,397.81,402.69,8318027
2308,2024-12-23,410.51,415.4,407.58,410.51,4464278
2308,2024-12-24,411.49,417.84,410.51,415.89,5490650
2308,2024-12-25,415.4,417.35,410.02,412.96,1990180
2308,2024-12-26,413.44,418.33,412.96,418.33,2472540
2308,2024-12-27,416.38,423.22,415.89,421.75,3045217
2308,2024-12-30,421.26,428.11,419.8,424.69,4956839
2308,2024-12-31,420.29,423.71,418.33,420.78,3638189
2308,2025-01-02,420.78,426.64,403.18,407.58,11192962
2308,2025-01-03,410.02,412.47,403.18,404.65,9296991
2308,2025-01-06,412.47,412.47,405.63,409.05,5850642
2308,2025-01-07,415.4,424.2,413.93,422.24,7409053
2308,2025-01-08,430.55,435.93,415.89,418.33,11336057
2308,2025-01-09,418.33,420.29,407.58,408.07,5111761
2308,2025-01-10,410.51,411.0,406.6,410.51,3864851
2308,2025-01-13,404.16,406.11,390.96,390.96,8744187
2308,2025-01-14,400.74,403.18,393.9,400.74,10130114
2308,2025-01-15,395.36,397.32,389.5,391.45,7451745
2308,2025-01-16,399.27,414.91,396.34,409.05,9382557
2308,2025-01-17,411.49,416.38,405.14,412.47,6489319
2308,2025-01-20,415.4,421.75,415.4,417.35,4669776
2308,2025-01-21,415.4,418.82,409.05,411.98,6449745
2308,2025-01-22,414.42,428.11,414.42,427.62,9474389
2308,2025-02-03,390.96,397.81,385.59,389.99,20139532
2308,2025-02-04,392.43,398.78,387.54,388.03,9534874
2308,2025-02-05,393.9,400.74,393.9,396.34,6548251
2308,2025-02-06,404.16,408.07,402.2,407.58,8811916
2308,2025-02-07,408.56,409.05,399.76,405.63,4812142
2308,2025-02-10,395.85,400.25,394.87,395.36,5268719
2308,2025-02-11,395.85,398.78,392.92,392.92,6778905
2308,2025-02-12,393.9,397.32,391.94,391.94,3916708
2308,2025-02-13,391.94,396.83,391.45,395.85,5636862
2308,2025-02-14,392.92,396.83,390.96,391.94,4860464
2308,2025-02-17,390.96,399.27,390.96,396.83,4526789
2308,2025-02-18,392.92,394.39,381.68,382.17,20018112
2308,2025-02-19,377.28,385.1,377.28,383.15,7986505
2308,2025-02-20,383.63,385.59,381.19,381.19,7510785
2308,2025-02-21,377.77,387.05,377.77,387.05,8569868
2308,2025-02-24,382.66,387.05,380.7,386.57,6950019
2308,2025-02-25,380.7,388.03,380.7,384.12,7103863
2308,2025-02-26,383.15,389.99,382.17,389.99,8789809
2308,2025-02-27,385.1,397.81,385.1,392.92,19590848
2308,2025-03-03,388.03,390.96,381.19,381.19,11721984
2308,2025-03-04,376.3,378.26,364.57,368.97,19452498
2308,2025-03-05,370.44,374.35,368.97,369.95,10116547
2308,2025-03-06,372.88,378.75,371.9,374.84,8270692
2308,2025-03-07,372.88,372.88,366.53,366.53,8921265
2308,2025-03-10,366.53,372.39,366.53,367.02,5451626
2308,2025-03-11,363.6,365.06,357.24,362.13,9403893
2308,2025-03-12,363.11,380.7,363.11,378.75,13031685
2308,2025-03-13,383.63,389.01,379.24,379.72,11384379
2308,2025-03-14,376.3,377.28,368.48,369.95,9108047
2308,2025-03-17,376.3,387.05,374.35,385.1,11902227
2308,2025-03-18,384.12,390.96,383.63,390.96,8162071
2308,2025-03-19,389.01,390.96,381.68,381.68,6964005
2308,2025-03-20,382.17,391.94,382.17,384.61,7133147
2308,2025-03-21,383.63,389.01,381.19,387.05,8097221
2308,2025-03-24,390.96,396.83,383.15,383.15,10078008
2308,2025-03-25,383.63,386.57,381.68,383.15,4649203
2308,2025-03-26,387.54,391.45,385.1,389.99,9411426
2308,2025-03-27,386.08,386.08,372.88,383.15,5016744
2308,2025-03-28,374.35,377.77,366.53,368.0,9435073
2308,2025-03-31,356.76,361.15,351.87,351.87,8691223
2308,2025-04-01,356.75,363.11,354.31,362.62,6160920
2308,2025-04-02,356.76,365.06,355.78,361.15,3389999
2308,2025-04-07,325.48,325.48,325.48,325.48,2196910
2308,2025-04-08,293.71,303.97,293.22,298.11,28156853
2308,2025-04-09,286.38,297.62,268.79,274.16,16901587
2308,2025-04-10,301.53,301.53,301.53,301.53,3270591
2308,2025-04-11,299.58,327.43,293.71,327.43,22014107
2308,2025-04-14,341.61,342.09,320.59,322.55,17476535
2308,2025-04-15,322.06,324.99,316.68,323.03,7198521
2308,2025-04-16,317.66,320.1,313.26,313.26,7262799
2308,2025-04-17,306.42,309.35,300.07,308.37,11970974
2308,2025-04-18,308.86,312.77,307.88,312.28,2443456
2308,2025-04-21,309.35,311.79,302.51,304.95,3215675
2308,2025-04-22,301.53,309.84,301.53,303.0,4505507
2308,2025-04-23,309.35,324.01,307.4,322.06,7128300
2308,2025-04-24,324.5,326.94,317.17,319.12,5268652
2308,2025-04-25,326.46,331.83,322.06,323.03,8015088
2308,2025-04-28,335.25,336.23,327.92,332.81,6256932
2308,2025-04-29,331.34,332.32,324.5,332.32,7308691
2308,2025-04-30,329.88,330.85,325.48,325.97,7771275
2308,2025-05-02,331.83,347.96,329.39,346.0,12799777
2308,2025-05-05,355.78,355.78,344.54,349.91,10719987
2308,2025-05-06,346.98,354.8,345.03,350.89,7370329
2308,2025-05-07,351.87,359.69,351.38,355.29,7607451
2308,2025-05-08,354.8,366.53,354.31,363.6,9611005
2308,2025-05-09,368.97,369.46,362.13,365.55,9755813
2308,2025-05-12,366.53,367.02,359.69,361.64,4638215
2308,2025-05-13,367.51,369.46,359.2,359.69,6316275
2308,2025-05-14,361.15,366.53,361.15,363.6,9096626
2308,2025-05-15,365.55,367.51,359.69,362.13,4578850
2308,2025-05-16,358.71,363.6,355.78,362.62,4282212
2308,2025-05-19,358.71,360.66,353.82,354.8,3935670
2308,2025-05-20,352.85,360.18,352.85,357.24,4213227
2308,2025-05-21,360.66,370.44,358.22,369.95,6185556
2308,2025-05-22,368.0,374.84,364.09,369.46,6923417
2308,2025-05-23,369.46,371.9,363.6,365.06,5281106
2308,2025-05-26,365.55,368.0,361.15,362.13,6179396
2308,2025-05-27,359.69,364.09,356.75,359.2,4513583
2308,2025-05-28,362.62,365.06,358.71,361.64,4201968
2308,2025-05-29,364.57,372.88,364.09,365.55,13005295
2308,2025-06-02,372.39,372.39,357.73,359.2,5906314
2308,2025-06-03,366.04,377.28,364.57,370.93,14118434
2308,2025-06-04,373.37,380.21,370.44,380.21,10651570
2308,2025-06-05,386.08,389.5,381.19,389.01,11147342
2308,2025-06-06,386.08,389.99,383.63,387.05,7562289
2308,2025-06-09,388.52,389.01,384.12,388.52,3767191
2308,2025-06-10,389.01,394.39,389.01,392.92,6805847
2308,2025-06-11,392.92,394.87,387.54,392.92,6391497
2308,2025-06-12,396.34,396.34,389.99,390.48,4715311
2308,2025-06-13,386.08,393.41,384.61,389.01,6256987
2308,2025-06-16,389.01,391.94,387.54,391.45,4977272
2308,2025-06-17,392.95,396.43,390.96,392.95,6977658
2308,2025-06-18,392.95,399.91,391.95,398.42,5519023
2308,2025-06-19,398.42,405.88,398.42,401.9,9073025
2308,2025-06-20,399.91,403.89,396.43,397.92,19669788
2308,2025-06-23,393.94,400.9,393.94,397.92,6099946
2308,2025-06-24,399.91,415.83,399.91,414.83,11116100
2308,2025-06-25,417.82,426.27,417.82,421.3,11108825
2308,2025-06-26,420.3,422.29,415.83,417.82,7336581
2308,2025-06-27,418.81,424.28,417.32,421.79,7345295
2308,2025-06-30,418.31,422.79,410.85,410.85,5198117
2308,2025-07-01,414.83,430.25,414.83,425.77,10078725
2308,2025-07-02,419.31,432.24,418.81,427.27,6626261
2308,2025-07-03,429.26,457.61,428.76,456.61,22317749
2308,2025-07-04,449.15,459.1,448.16,454.62,14577748
2308,2025-07-07,449.65,456.11,445.67,447.66,8986785
2308,2025-07-08,447.66,452.63,444.18,449.15,10717852
2308,2025-07-09,439.7,449.65,437.71,448.65,11825025
2308,2025-07-10,455.62,482.97,455.62,479.99,22619776
2308,2025-07-11,468.55,488.94,468.55,480.49,13587750
2308,2025-07-14,476.01,479.99,470.04,470.54,6912679
2308,2025-07-15,480.49,493.42,477.5,491.43,15644025
2308,2025-07-16,497.4,510.33,492.92,497.4,23245466
2308,2025-07-17,491.43,500.38,487.45,496.4,9166864
2308,2025-07-18,496.4,506.35,496.4,506.35,7238844
2308,2025-07-21,510.33,514.31,508.34,512.32,9627700
2308,2025-07-22,512.32,530.23,505.36,510.33,13326683
2308,2025-07-23,514.31,524.26,514.31,517.3,10567662
2308,2025-07-24,512.32,516.3,505.36,515.31,9134695
2308,2025-07-25,509.34,515.31,505.36,514.31,8134464
2308,2025-07-28,521.27,526.25,517.3,519.28,7048224
2308,2025-07-29,517.3,526.25,513.32,522.27,7290167
2308,2025-07-30,525.25,530.23,517.3,527.24,7441150
2308,2025-07-31,577.98,578.97,558.08,564.05,14290496
2308,2025-08-04,575.99,590.91,574.99,589.92,11241547
2308,2025-08-05,596.88,632.69,596.88,628.71,20244945
2308,2025-08-06,603.84,628.71,601.85,617.77,20094089
2308,2025-08-07,619.76,629.71,614.79,619.76,14701639
2308,2025-08-08,622.74,633.69,622.74,633.69,11940640
2308,2025-08-11,631.7,639.66,624.73,634.68,9087647
2308,2025-08-12,638.66,645.62,632.69,638.66,8669434
2308,2025-08-13,661.54,677.46,658.56,671.49,23398116
2308,2025-08-14,663.53,671.49,659.55,666.51,11571094
2308,2025-08-15,666.51,691.38,665.52,682.43,14052732
2308,2025-08-18,686.41,691.38,677.46,684.42,12090726
2308,2025-08-19,679.45,687.41,656.57,657.56,12791048
2308,2025-08-20,624.73,653.58,620.75,621.75,23360715
2308,2025-08-21,616.77,651.59,615.78,644.63,17291029
2308,2025-08-22,664.53,668.5,654.58,660.55,9862231
2308,2025-08-25,676.46,681.44,663.53,672.48,9498974
2308,2025-08-26,671.49,681.44,668.5,681.44,10083437
2308,2025-08-27,686.41,726.2,683.43,716.25,15231644
2308,2025-08-28,713.27,713.27,701.33,705.31,8589429
2308,2025-08-29,705.31,714.27,701.33,707.3,10833614
2308,2025-09-01,702.33,720.23,674.47,684.42,13704967
2308,2025-09-02,694.37,700.34,674.47,681.44,11127649
2308,2025-09-03,679.45,683.43,671.49,676.46,11506701
2308,2025-09-04,685.42,701.33,681.44,687.41,9965095
2308,2025-09-05,716.25,722.22,707.3,722.22,14205816
2308,2025-09-08,741.12,741.12,722.22,722.22,11029416
2308,2025-09-09,725.21,793.85,724.21,779.92,20739103
2308,2025-09-10,802.8,839.61,801.81,832.65,22858768
2308,2025-09-11,820.71,848.56,820.71,826.68,25892416
2308,2025-09-12,829.66,849.56,829.66,832.65,19279803
2308,2025-09-15,837.62,843.59,824.69,831.65,11977009
2308,2025-09-16,828.67,836.63,816.73,836.63,14964160
2308,2025-09-17,835.63,848.56,826.68,831.65,10046309
2308,2025-09-18,832.65,894.32,832.65,887.36,21414831
2308,2025-09-19,889.35,904.27,880.4,883.38,19564182
2308,2025-09-22,875.42,910.24,875.42,902.28,14261438
2308,2025-09-23,908.25,912.23,885.37,888.35,16298095
2308,2025-09-24,883.38,888.35,861.5,886.37,15633116
2308,2025-09-25,881.39,898.3,878.41,879.4,11493170
2308,2025-09-26,862.49,864.48,832.65,843.59,18652130
2308,2025-09-30,847.57,883.38,846.57,849.56,16138286
2308,2025-10-01,865.47,873.43,855.53,866.47,9681582
2308,2025-10-02,888.35,905.27,888.35,889.35,17801201
2308,2025-10-03,895.32,939.09,890.34,937.1,17752218
2308,2025-10-07,937.1,989.82,936.11,981.87,25013368
2308,2025-10-08,957.99,979.88,957.0,975.9,11682890
2308,2025-10-09,994.8,999.77,980.87,993.8,14545045
2308,2025-10-13,962.96,1039.56,962.96,1024.64,23036958
2308,2025-10-14,1044.54,1054.49,984.85,986.84,19658119
2308,2025-10-15,994.8,1009.72,981.87,1009.72,12815338
2308,2025-10-16,999.77,1019.67,994.8,1019.67,7584072
2308,2025-10-17,999.77,1044.54,990.82,993.8,12240453
2308,2025-10-20,992.81,1014.69,980.87,1009.72,11890513
2308,2025-10-21,1009.72,1024.64,994.8,1014.69,7639845
2308,2025-10-22,999.77,1014.69,994.8,1014.69,5599702
2308,2025-10-23,999.77,1014.69,994.8,1004.75,5140862
2308,2025-10-27,1029.62,1069.41,1029.62,1064.43,13894647
2308,2025-10-28,1054.49,1074.38,1049.51,1069.41,8604771
2308,2025-10-29,1069.41,1079.36,1029.62,1054.49,12152233
2308,2025-10-30,1064.43,1064.43,999.77,1004.75,21746938
2308,2025-10-31,994.8,1009.72,984.85,989.82,18521789
2308,2025-11-03,986.84,999.77,976.89,977.89,14781907
2308,2025-11-04,974.9,1004.75,969.93,969.93,17580080
2308,2025-11-05,925.16,966.94,925.16,961.97,16538385
2308,2025-11-06,974.9,988.83,971.92,972.91,9760798
2308,2025-11-07,955.01,966.94,951.03,959.98,9119881
2308,2025-11-10,974.9,988.83,962.96,976.89,10503689
2308,2025-11-11,987.83,992.81,966.94,966.94,10930686
2308,2025-11-12,959.98,975.9,949.04,961.97,13794867
2308,2025-11-13,959.98,967.94,953.02,953.02,10534466
2308,2025-11-14,933.12,940.08,917.2,917.2,17956984
2308,2025-11-17,926.16,941.08,911.24,911.24,10205990
2308,2025-11-18,901.29,925.16,893.33,893.33,12776058
2308,2025-11-19,885.37,906.26,884.38,889.35,11496641
2308,2025-11-20,934.12,959.98,929.14,949.04,15713499
2308,2025-11-21,902.28,908.25,890.34,890.34,16093630
2308,2025-11-24,899.3,904.27,888.35,888.35,18570764
2308,2025-11-25,908.25,921.18,894.32,905.27,10214403
2308,2025-11-26,923.17,945.06,911.24,940.08,11021726
2308,2025-11-27,950.03,954.01,933.12,937.1,8485835
2308,2025-11-28,941.08,941.08,923.17,927.15,7920998
2308,2025-12-01,931.13,972.91,927.15,967.94,16772623
2308,2025-12-02,982.86,992.81,968.93,983.86,19606844
2308,2025-12-03,991.81,999.77,978.88,991.81,12394746
2308,2025-12-04,993.8,999.77,985.85,993.8,6602493
2308,2025-12-05,992.81,999.77,967.94,973.91,9363660
2308,2025-12-08,979.88,987.83,964.95,973.91,5590132
2308,2025-12-09,970.92,974.9,960.98,965.95,7569165
2308,2025-12-10,967.94,972.91,959.98,962.96,6126655
2308,2025-12-11,964.95,970.92,940.08,940.08,11239205
2308,2025-12-12,940.08,943.07,924.17,933.12,9026719
2308,2025-12-15,912.23,928.15,911.24,917.2,6527359
2308,2025-12-16,903.28,910.24,894.32,896.31,10227812
2308,2025-12-17,895.32,902.28,885.37,885.37,12462736
2308,2025-12-18,884.38,891.34,881.39,886.37,6069232
2308,2025-12-19,894.32,918.2,890.34,906.26,12394315
2308,2025-12-22,906.26,952.02,904.27,948.04,13468014
2308,2025-12-23,957.0,959.98,938.09,938.09,5730016
2308,2025-12-24,947.05,955.01,943.07,950.03,4891620
2308,2025-12-26,955.01,957.0,947.05,951.03,3106463
2308,2025-12-29,955.01,968.93,955.01,957.0,6073574
2308,2025-12-30,958.99,964.95,952.02,956.0,4433797
2308,2025-12-31,954.01,968.93,945.06,957.99,8863603
2308,2026-01-02,964.95,992.81,963.96,989.82,13024209
2308,2026-01-05,1004.75,1019.67,994.8,1004.75,12466679
2308,2026-01-06,999.77,1044.54,977.89,1044.54,16032166
2308,2026-01-07,1074.38,1079.36,982.86,1024.64,18172207
2308,2026-01-08,1029.62,1034.59,1004.75,1004.75,9003951
2308,2026-01-09,994.8,1024.64,989.82,1009.72,7391100
2308,2026-01-12,1034.59,1059.46,1029.62,1049.51,11344658
2308,2026-01-13,1064.43,1074.38,1019.67,1024.64,11474459
2308,2026-01-14,1034.59,1064.43,1034.59,1054.49,8593128
2308,2026-01-15,1049.51,1054.49,1019.67,1039.56,8172566
2308,2026-01-16,1069.41,1129.1,1054.49,1119.15,22782095
2308,2026-01-19,1139.04,1153.97,1104.23,1114.17,12008197
2308,2026-01-20,1099.25,1134.07,1094.28,1124.12,7198430
2308,2026-01-21,1124.12,1178.84,1109.2,1129.1,18083264
2308,2026-01-22,1193.76,1238.52,1188.78,1238.52,19318986
2308,2026-01-23,1273.34,1278.32,1238.52,1253.45,17512693
2308,2026-01-26,1213.65,1233.55,1198.73,1223.6,11798393
2308,2026-01-27,1223.6,1253.45,1213.65,1243.5,8618449
2308,2026-01-28,1243.5,1273.34,1228.58,1273.34,10930051
2308,2026-01-29,1303.19,1308.16,1233.55,1248.47,12829784
2308,2026-01-30,1243.5,1248.47,1208.68,1213.65,10202205
2308,2026-02-02,1178.84,1193.76,1153.97,1168.89,12433041
2308,2026-02-03,1198.73,1213.65,1168.89,1208.68,11004255
2308,2026-02-04,1213.65,1213.65,1188.78,1203.71,7111184
2308,2026-02-05,1168.89,1173.86,1124.12,1144.02,14283127
2308,2026-02-06,1129.1,1163.91,1109.2,1153.97,10257879
2308,2026-02-09,1193.76,1203.71,1173.86,1173.86,8765470
2308,2026-02-10,1198.73,1203.71,1163.91,1178.84,7916235
2308,2026-02-11,1193.76,1258.42,1183.81,1253.45,14422679
2308,2026-02-23,1313.13,1372.82,1288.26,1298.21,21053140
2308,2026-02-24,1347.95,1377.8,1328.06,1377.8,13399510
2308,2026-02-25,1417.59,1472.3,1372.82,1427.54,13893910
2308,2026-02-26,1442.46,1447.43,1407.64,1422.56,16681606
2308,2026-03-02,1347.95,1437.48,1347.95,1417.59,14087742
2308,2026-03-03,1402.67,1427.54,1333.03,1333.03,16095323
2308,2026-03-04,1288.26,1313.13,1243.5,1248.47,16961184
2308,2026-03-05,1328.06,1357.9,1303.19,1328.06,13120905
2308,2026-03-06,1333.03,1338.0,1303.19,1313.13,10254707
2308,2026-03-09,1203.71,1223.6,1188.78,1213.65,21625496
2308,2026-03-10,1273.34,1318.11,1268.37,1283.29,11474848
2308,2026-03-11,1342.98,1407.64,1318.11,1392.72,13726816
2308,2026-03-12,1382.77,1402.67,1357.9,1362.87,7368490
2308,2026-03-13,1347.95,1397.69,1333.03,1377.8,7461038
2308,2026-03-16,1387.74,1387.74,1342.98,1352.93,5929443
2308,2026-03-17,1377.8,1462.35,1377.8,1432.51,12515796
2308,2026-03-18,1457.38,1482.25,1442.46,1457.38,10696722
2308,2026-03-19,1442.46,1472.3,1437.48,1447.43,7980699
2308,2026-03-20,1442.46,1522.04,1402.67,1467.33,15113545
2308,2026-03-23,1397.69,1417.59,1377.8,1402.67,12888516
2308,2026-03-24,1447.43,1462.35,1402.67,1407.64,12355449
2308,2026-03-25,1477.28,1546.91,1477.28,1541.94,15224832
2308,2026-03-26,1527.02,1556.86,1507.12,1507.12,12323637
2308,2026-03-27,1452.41,1512.09,1432.51,1502.15,10081583
2308,2026-03-30,1472.3,1487.22,1442.46,1477.28,11069480
2308,2026-03-31,1457.38,1462.35,1357.9,1372.82,18001261
2308,2026-04-01,1457.38,1487.22,1442.46,1467.33,11380012
2308,2026-04-02,1472.3,1502.15,1412.61,1422.56,9316602
2308,2026-04-07,1487.22,1507.12,1482.25,1507.12,9471155
2308,2026-04-08,1621.52,1656.34,1606.6,1656.34,11931374
2308,2026-04-09,1676.23,1696.13,1626.5,1636.44,14632032
2308,2026-04-10,1681.21,1740.9,1666.29,1725.97,10973678
2308,2026-04-13,1721.0,1750.84,1701.1,1730.95,6680545
2308,2026-04-14,1795.61,1810.53,1740.9,1740.9,9707370
2308,2026-04-15,1775.71,1825.45,1775.71,1775.71,9811750
2308,2026-04-16,1825.45,1835.4,1775.71,1835.4,9212364
2308,2026-04-17,1855.3,1860.27,1820.48,1830.43,8436351
2308,2026-04-20,1850.32,1969.7,1850.32,1890.12,9692483
2308,2026-04-21,1939.86,2024.41,1919.96,2004.52,8888821
2308,2026-04-22,2029.39,2034.36,1984.62,2004.52,10117948
2308,2026-04-23,2089.08,2104.0,1924.93,1969.7,15088821
2308,2026-04-24,1994.57,2079.13,1979.65,2064.21,10846873
2308,2026-04-27,2059.23,2069.18,1984.62,2009.49,13935817
2308,2026-04-28,2019.44,2148.76,2019.44,2113.95,13898931
2308,2026-04-29,2029.39,2158.71,2024.41,2153.74,11741236
2308,2026-04-30,2208.45,2268.14,2138.82,2153.74,13424815
2308,2026-05-04,2238.3,2248.24,2138.82,2208.45,11783423
2308,2026-05-05,2173.63,2183.58,2133.84,2153.74,9420938
2308,2026-05-06,2203.48,2258.19,2138.82,2198.5,14353798
2308,2026-05-07,2263.17,2357.67,2238.3,2268.14,14784421
2308,2026-05-08,2218.4,2238.3,2158.71,2188.56,10393004
2308,2026-05-11,2203.48,2258.19,2193.53,2233.32,8790271
2308,2026-05-12,2213.43,2248.24,2178.61,2183.58,11944561
2308,2026-05-13,2148.76,2173.63,2128.87,2153.74,6913371
2308,2026-05-14,2198.5,2238.3,2143.79,2143.79,6872103
2308,2026-05-15,2173.63,2183.58,2064.21,2064.21,10469059
2308,2026-05-18,1974.67,2029.39,1974.67,2009.49,8419378
2308,2026-05-19,2009.49,2014.47,1900.06,1905.04,13603182
2308,2026-05-20,1870.22,1949.8,1870.22,1905.04,9789768
2308,2026-05-21,2004.52,2049.28,1979.65,2019.44,10651255
2308,2026-05-22,2113.95,2113.95,2039.34,2084.1,7818792
2308,2026-05-25,2193.53,2288.04,2173.63,2278.09,10142736
2308,2026-05-26,2337.78,2397.46,2278.09,2337.78,10816822
2308,2026-05-27,2477.05,2571.55,2477.05,2506.89,12553894
2308,2026-05-28,2472.07,2506.89,2357.67,2377.57,10222545
2308,2026-05-29,2457.15,2511.87,2432.28,2432.28,16536758
2308,2026-06-01,2437.26,2506.89,2397.46,2407.41,8049328
2308,2026-06-02,2417.36,2442.23,2317.88,2347.72,10988523
2308,2026-06-03,2407.41,2447.2,2397.46,2442.23,9586099
2308,2026-06-04,2427.31,2452.18,2392.49,2412.39,7468543
2308,2026-06-05,2367.62,2367.62,2263.17,2288.04,10553680
2308,2026-06-08,2079.13,2248.24,2079.13,2243.27,13577277
2308,2026-06-09,2253.22,2422.33,2203.48,2402.44,14588560
2308,2026-06-10,2357.67,2397.46,2178.61,2188.56,15899110
2308,2026-06-11,2158.71,2218.4,2069.18,2148.76,13885654
2308,2026-06-12,2248.24,2268.14,2158.71,2203.48,9226158
2308,2026-06-15,2297.98,2307.93,2188.56,2198.5,8753968
2308,2026-06-16,2253.22,2258.19,2208.45,2218.4,8686389
2308,2026-06-17,2220.0,2220.0,2140.0,2155.0,9738528
2308,2026-06-18,2190.0,2210.0,2150.0,2150.0,10417286
2303,2024-06-18,50.45,50.72,50.01,50.54,47601340
2303,2024-06-19,50.72,50.81,50.36,50.54,53101867
2303,2024-06-20,50.63,51.17,50.1,51.17,58585544
2303,2024-06-21,50.99,51.61,50.81,51.34,78368326
2303,2024-06-24,51.17,51.17,50.36,50.54,68248302
2303,2024-06-25,50.45,50.45,49.56,50.19,69308998
2303,2024-06-26,50.28,50.45,49.92,50.36,40739678
2303,2024-06-27,49.92,50.19,49.39,50.19,63763167
2303,2024-06-28,49.92,50.01,49.47,49.56,86163793
2303,2024-07-01,49.74,50.99,49.74,50.63,145350617
2303,2024-07-02,50.26,50.26,48.75,49.5,237140005
2303,2024-07-03,49.88,50.07,49.41,49.5,111388367
2303,2024-07-04,50.07,51.1,49.97,50.73,110272226
2303,2024-07-05,50.73,50.82,50.16,50.26,55145519
2303,2024-07-08,50.73,52.13,50.35,51.95,120367805
2303,2024-07-09,52.42,52.89,51.66,51.95,83403492
2303,2024-07-10,51.85,52.04,50.91,51.38,56944184
2303,2024-07-11,51.85,51.85,50.91,51.38,60341856
2303,2024-07-12,50.44,50.44,49.6,49.79,96626512
2303,2024-07-15,49.88,50.35,49.79,50.16,46152642
2303,2024-07-16,50.44,50.54,49.69,49.79,52856418
2303,2024-07-17,49.88,50.07,49.6,49.79,73601733
2303,2024-07-18,49.32,49.69,48.66,49.5,80358251
2303,2024-07-19,49.03,49.22,48.56,48.75,50035050
2303,2024-07-22,48.38,48.47,46.83,47.16,86789525
2303,2024-07-23,47.91,48.19,47.44,48.19,53903192
2303,2024-07-26,46.45,47.63,46.17,47.63,89137435
2303,2024-07-29,48.0,48.28,46.92,47.16,53032472
2303,2024-07-30,46.92,46.97,46.22,46.97,55622666
2303,2024-07-31,46.59,47.44,46.36,47.34,48317966
2303,2024-08-01,50.44,50.73,49.41,50.63,176556343
2303,2024-08-02,49.5,49.69,48.85,49.69,91788925
2303,2024-08-05,48.38,48.38,46.4,46.92,114534832
2303,2024-08-06,48.28,48.75,46.5,48.56,90813027
2303,2024-08-07,49.03,49.79,48.56,49.79,66218876
2303,2024-08-08,48.85,49.69,48.47,49.6,41796886
2303,2024-08-09,50.91,51.1,50.26,50.63,91761372
2303,2024-08-12,51.01,51.38,50.91,51.38,60391286
2303,2024-08-13,51.48,51.57,51.01,51.48,40170440
2303,2024-08-14,52.13,52.42,51.85,52.32,95516407
2303,2024-08-15,52.32,52.32,51.2,51.38,36115991
2303,2024-08-16,52.6,52.6,52.04,52.42,67870375
2303,2024-08-19,52.51,52.6,52.04,52.6,42620464
2303,2024-08-20,52.89,52.98,52.23,52.6,47491724
2303,2024-08-21,52.51,52.6,51.95,52.6,34792241
2303,2024-08-22,52.6,52.79,52.13,52.51,29967598
2303,2024-08-23,51.85,52.23,51.48,52.23,31061518
2303,2024-08-26,52.42,52.42,51.57,51.76,27550397
2303,2024-08-27,51.2,51.29,50.54,50.73,38731939
2303,2024-08-28,50.91,51.85,50.82,51.85,29669537
2303,2024-08-29,51.38,51.48,51.01,51.29,23179361
2303,2024-08-30,51.29,52.13,51.29,52.13,57216020
2303,2024-09-02,52.23,52.23,51.48,52.04,35025097
2303,2024-09-03,51.85,52.23,51.66,51.76,27823655
2303,2024-09-04,49.79,50.82,49.13,50.07,85540468
2303,2024-09-05,50.63,51.29,50.35,50.63,37686250
2303,2024-09-06,51.01,51.2,50.35,51.2,24238268
2303,2024-09-09,49.69,50.54,49.41,50.54,46344513
2303,2024-09-10,50.54,50.54,49.69,50.07,34164771
2303,2024-09-11,50.07,50.73,49.97,50.73,24058349
2303,2024-09-12,51.76,52.04,51.57,51.85,35093409
2303,2024-09-13,51.85,51.95,51.01,51.29,28598424
2303,2024-09-16,51.29,51.48,51.01,51.2,24412438
2303,2024-09-18,50.82,50.91,50.07,50.54,57624338
2303,2024-09-19,50.44,50.91,50.26,50.44,44892168
2303,2024-09-20,50.82,51.1,49.88,50.54,71046769
2303,2024-09-23,50.54,50.73,50.16,50.73,30850375
2303,2024-09-24,50.73,50.82,50.35,50.63,39787466
2303,2024-09-25,51.01,51.48,50.82,51.2,49877625
2303,2024-09-26,51.57,51.76,51.38,51.57,47416602
2303,2024-09-27,52.04,52.04,51.66,51.66,39870008
2303,2024-09-30,51.48,51.85,50.54,50.54,41080330
2303,2024-10-01,50.35,50.91,50.35,50.44,24924409
2303,2024-10-04,49.41,49.69,49.03,49.41,62671266
2303,2024-10-07,49.79,50.07,49.13,49.69,43226644
2303,2024-10-08,48.94,49.41,48.94,49.41,39630364
2303,2024-10-09,49.13,49.32,48.56,48.75,42242680
2303,2024-10-11,48.66,49.13,48.56,48.66,32068791
2303,2024-10-14,48.94,49.41,48.85,49.32,27022971
2303,2024-10-15,49.41,49.6,49.22,49.41,25228714
2303,2024-10-16,48.28,48.75,48.19,48.56,58352616
2303,2024-10-17,48.47,48.75,48.47,48.56,32312054
2303,2024-10-18,48.38,48.56,47.44,47.44,78495841
2303,2024-10-21,47.25,47.81,46.97,47.81,54363083
2303,2024-10-22,47.34,47.81,47.34,47.63,50216365
2303,2024-10-23,47.63,47.63,47.16,47.16,44712063
2303,2024-10-24,46.92,47.06,46.83,46.87,49698655
2303,2024-10-25,46.92,47.16,46.78,46.78,41806000
2303,2024-10-28,46.78,46.97,46.26,46.26,49172879
2303,2024-10-29,45.89,45.93,45.23,45.46,81420494
2303,2024-10-30,45.56,45.7,45.09,45.23,54094334
2303,2024-11-01,42.98,44.15,42.88,43.77,140986463
2303,2024-11-04,43.77,43.87,43.21,43.21,59867354
2303,2024-11-05,42.74,42.88,42.32,42.6,84205496
2303,2024-11-06,42.27,43.63,42.27,43.07,78477326
2303,2024-11-07,43.16,45.04,43.12,44.29,92748740
2303,2024-11-08,44.53,44.9,43.82,43.82,62605606
2303,2024-11-11,43.63,43.82,42.93,43.73,46286282
2303,2024-11-12,43.16,44.1,42.98,43.3,70044482
2303,2024-11-13,43.12,43.54,42.93,43.02,52919260
2303,2024-11-14,42.83,42.83,42.27,42.27,78360986
2303,2024-11-15,42.27,42.65,41.9,42.27,52740993
2303,2024-11-18,42.18,43.02,42.13,42.37,69203736
2303,2024-11-19,42.46,43.21,42.46,42.46,60137722
2303,2024-11-20,42.18,42.18,42.18,42.18,61462099
2303,2024-11-21,41.85,42.04,41.71,41.71,66276938
2303,2024-11-22,42.04,42.46,41.75,41.75,50700692
2303,2024-11-25,42.37,42.69,42.18,42.18,76975045
2303,2024-11-26,42.08,42.93,41.9,42.65,41939444
2303,2024-11-27,42.13,42.18,41.28,41.71,88688066
2303,2024-11-28,41.28,41.43,40.39,41.24,83899732
2303,2024-11-29,41.24,41.43,40.63,40.91,66068692
2303,2024-12-02,41.28,41.9,41.14,41.9,38672952
2303,2024-12-03,42.37,42.41,41.61,42.08,50530088
2303,2024-12-04,41.57,41.75,41.33,41.75,51615273
2303,2024-12-05,41.38,41.52,40.96,40.96,57277792
2303,2024-12-06,40.53,41.28,40.53,40.86,43696126
2303,2024-12-09,40.86,41.38,40.86,41.38,33159157
2303,2024-12-10,41.14,41.28,40.86,41.05,32858676
2303,2024-12-11,40.63,40.82,40.39,40.39,44150960
2303,2024-12-12,40.53,40.67,39.59,39.92,71174029
2303,2024-12-13,39.45,39.55,38.14,38.94,115254375
2303,2024-12-16,38.8,39.08,38.23,38.94,85569382
2303,2024-12-17,39.45,40.77,39.41,39.97,102163693
2303,2024-12-18,40.49,41.19,40.39,41.05,88411619
2303,2024-12-19,40.39,40.96,40.11,40.39,65229584
2303,2024-12-20,40.02,40.39,39.59,39.78,67542850
2303,2024-12-23,40.16,40.67,40.16,40.3,35330418
2303,2024-12-24,41.71,42.22,41.05,41.33,133324087
2303,2024-12-25,41.8,41.99,41.38,41.38,52528974
2303,2024-12-26,41.61,41.61,40.86,41.05,26686974
2303,2024-12-27,40.91,41.38,40.82,40.96,22648295
2303,2024-12-30,40.58,40.96,40.49,40.49,25586120
2303,2024-12-31,40.11,40.82,39.64,40.44,43445308
2303,2025-01-02,40.3,41.05,40.25,41.05,65305876
2303,2025-01-03,41.28,41.47,40.49,40.49,42345224
2303,2025-01-06,40.96,41.1,40.72,40.77,30917178
2303,2025-01-07,41.0,41.14,39.78,39.78,58823388
2303,2025-01-08,39.83,40.3,39.78,40.11,37912494
2303,2025-01-09,40.11,40.35,39.08,39.08,46690991
2303,2025-01-10,38.75,39.08,38.33,38.8,40822034
2303,2025-01-13,38.51,39.17,38.33,38.42,48487516
2303,2025-01-14,38.7,39.69,38.56,39.69,37074886
2303,2025-01-15,39.5,39.92,38.94,38.94,35977056
2303,2025-01-16,39.36,39.69,39.03,39.03,37293479
2303,2025-01-17,38.89,39.22,38.7,38.7,44131855
2303,2025-01-20,39.03,40.16,38.98,40.16,47283878
2303,2025-01-21,40.16,40.67,39.83,40.35,42221204
2303,2025-01-22,37.29,38.09,37.29,37.76,147906733
2303,2025-02-03,37.76,39.12,37.57,38.04,112180567
2303,2025-02-04,38.47,38.47,37.67,37.67,58040732
2303,2025-02-05,37.95,38.18,37.67,37.67,33884048
2303,2025-02-06,37.86,37.9,37.53,37.67,32609083
2303,2025-02-07,37.67,37.86,37.67,37.72,23131801
2303,2025-02-10,37.72,37.86,37.48,37.76,30946715
2303,2025-02-11,37.86,38.04,37.72,37.95,29858425
2303,2025-02-12,37.95,38.04,37.62,37.67,27984906
2303,2025-02-13,37.81,39.22,37.76,38.89,63852185
2303,2025-02-14,38.98,39.22,38.56,38.89,28541805
2303,2025-02-17,38.98,39.64,38.94,39.45,32974664
2303,2025-02-18,39.5,39.73,39.17,39.41,35961690
2303,2025-02-19,39.64,40.35,39.59,39.97,54652494
2303,2025-02-20,40.39,40.67,40.25,40.39,40006471
2303,2025-02-21,40.72,40.96,40.58,40.96,34296687
2303,2025-02-24,40.44,41.0,40.2,40.91,30194703
2303,2025-02-25,40.44,40.86,40.3,40.67,35619504
2303,2025-02-26,40.49,41.14,40.44,40.96,35139939
2303,2025-02-27,41.33,41.47,40.77,41.05,69299467
2303,2025-03-03,40.49,40.96,40.25,40.96,53120564
2303,2025-03-04,40.35,41.19,40.3,40.96,44284021
2303,2025-03-05,41.43,41.8,41.05,41.33,46383229
2303,2025-03-06,41.61,41.75,41.24,41.33,30376684
2303,2025-03-07,41.33,41.9,41.14,41.47,31779134
2303,2025-03-10,41.85,42.55,41.71,42.32,58815717
2303,2025-03-11,41.61,42.27,41.52,42.13,68052418
2303,2025-03-12,41.99,42.22,41.43,42.08,43316994
2303,2025-03-13,41.99,41.99,40.96,41.05,57573005
2303,2025-03-14,40.91,42.32,40.86,42.18,68441495
2303,2025-03-17,42.27,42.41,41.43,41.43,44201092
2303,2025-03-18,41.52,42.27,41.47,41.8,42180476
2303,2025-03-19,41.8,42.18,41.61,41.61,37314811
2303,2025-03-20,41.99,42.41,41.99,42.41,43291329
2303,2025-03-21,42.27,42.27,41.8,42.27,39145180
2303,2025-03-24,42.27,42.55,41.9,42.13,36059208
2303,2025-03-25,42.27,42.46,41.75,42.13,36461286
2303,2025-03-26,42.04,42.08,41.61,41.85,28156495
2303,2025-03-27,41.43,42.08,41.33,42.08,43278476
2303,2025-03-28,41.9,41.9,41.43,41.85,37954776
2303,2025-03-31,40.91,41.94,40.67,41.94,61875919
2303,2025-04-01,44.34,45.09,42.51,43.16,143290199
2303,2025-04-02,43.02,43.02,42.41,42.51,50515462
2303,2025-04-07,38.28,38.28,38.28,38.28,13988062
2303,2025-04-08,37.15,39.45,37.1,39.17,120858432
2303,2025-04-09,38.09,38.98,37.29,37.48,84824195
2303,2025-04-10,41.19,41.19,40.86,41.19,49531081
2303,2025-04-11,40.11,41.61,39.55,41.43,69373050
2303,2025-04-14,42.08,42.6,41.61,41.61,56357316
2303,2025-04-15,41.8,42.22,41.71,41.99,31216544
2303,2025-04-16,41.52,42.27,41.52,42.22,35850779
2303,2025-04-17,42.13,42.13,41.38,41.43,20580050
2303,2025-04-18,41.75,41.75,41.43,41.61,16088207
2303,2025-04-21,41.66,41.66,41.0,41.0,14669270
2303,2025-04-22,40.96,41.85,40.91,41.61,27738319
2303,2025-04-23,42.22,42.55,41.9,42.37,33676880
2303,2025-04-24,42.04,42.22,40.77,40.77,42017291
2303,2025-04-25,41.43,41.99,41.28,41.94,54399065
2303,2025-04-28,41.85,42.18,41.52,42.18,22973317
2303,2025-04-29,41.99,42.37,41.94,42.22,27807473
2303,2025-04-30,42.04,42.55,42.04,42.46,30303702
2303,2025-05-02,42.46,43.07,42.41,42.88,31142562
2303,2025-05-05,42.98,43.02,41.9,42.32,35331097
2303,2025-05-06,42.27,43.02,41.9,42.65,43359102
2303,2025-05-07,42.83,43.12,42.65,42.98,31781212
2303,2025-05-08,42.65,42.98,42.55,42.55,20575779
2303,2025-05-09,42.46,42.93,42.41,42.79,16829589
2303,2025-05-12,42.98,43.63,42.83,43.63,33950716
2303,2025-05-13,43.82,44.01,43.54,43.73,31348875
2303,2025-05-14,44.06,44.2,43.96,44.15,27429275
2303,2025-05-15,44.1,44.62,44.01,44.62,41621426
2303,2025-05-16,44.71,44.9,44.43,44.9,28845625
2303,2025-05-19,44.71,45.04,44.62,44.85,36863531
2303,2025-05-20,45.04,45.09,44.38,44.95,28130117
2303,2025-05-21,45.09,46.69,45.0,46.55,93231386
2303,2025-05-22,46.45,46.78,45.93,46.45,70843171
2303,2025-05-23,45.18,46.45,45.14,45.14,71578900
2303,2025-05-26,44.9,45.84,44.24,44.24,78899680
2303,2025-05-27,44.24,44.71,43.21,43.21,99624798
2303,2025-05-28,43.59,44.57,43.35,44.2,98074934
2303,2025-05-29,44.53,45.18,43.91,43.91,149032843
2303,2025-06-02,43.96,44.1,43.12,44.1,77681104
2303,2025-06-03,43.87,44.43,43.77,44.38,77951822
2303,2025-06-04,44.24,44.38,43.02,43.16,85197919
2303,2025-06-05,42.88,43.26,42.37,42.55,74581058
2303,2025-06-06,42.55,42.98,42.27,42.27,55682096
2303,2025-06-09,42.27,42.98,42.13,42.88,39208994
2303,2025-06-10,43.07,43.68,43.02,43.59,47063212
2303,2025-06-11,43.73,44.38,43.73,44.38,56558714
2303,2025-06-12,44.38,44.53,44.06,44.43,32543331
2303,2025-06-13,43.96,44.85,43.96,44.57,44771416
2303,2025-06-16,44.48,45.09,44.48,45.09,41131108
2303,2025-06-17,45.32,45.84,44.62,44.62,71150250
2303,2025-06-18,44.81,45.37,44.71,45.37,41498670
2303,2025-06-19,45.46,45.51,44.71,44.85,51252856
2303,2025-06-20,44.43,45.04,43.96,44.76,65459193
2303,2025-06-23,43.68,44.34,43.4,44.15,74736166
2303,2025-06-24,42.5,45.35,42.5,45.35,132396029
2303,2025-06-25,45.45,45.45,43.8,43.8,95756039
2303,2025-06-26,43.8,44.35,43.15,43.25,81421425
2303,2025-06-27,43.85,44.3,43.6,44.3,49281090
2303,2025-06-30,44.1,44.4,43.95,44.2,27543017
2303,2025-07-01,44.25,44.6,43.55,43.95,48470565
2303,2025-07-02,43.85,44.45,43.8,44.45,41467173
2303,2025-07-03,44.55,44.95,44.25,44.4,37104217
2303,2025-07-04,44.7,44.75,43.55,43.75,44258347
2303,2025-07-07,44.05,44.05,43.1,43.45,39017710
2303,2025-07-08,43.6,43.8,43.15,43.7,29366672
2303,2025-07-09,43.5,43.95,43.45,43.9,23882092
2303,2025-07-10,43.8,44.0,43.2,43.7,31645312
2303,2025-07-11,43.7,43.7,43.2,43.25,20013050
2303,2025-07-14,43.25,43.35,42.8,43.15,23205753
2303,2025-07-15,43.0,43.55,42.9,43.55,21138204
2303,2025-07-16,43.55,43.6,43.2,43.45,28319729
2303,2025-07-17,43.5,43.6,43.15,43.55,24082595
2303,2025-07-18,43.75,44.05,43.35,43.45,25754314
2303,2025-07-21,43.6,43.7,43.35,43.5,16417888
2303,2025-07-22,43.8,43.8,43.0,43.0,26349840
2303,2025-07-23,43.4,43.9,43.3,43.9,24567877
2303,2025-07-24,43.95,44.0,43.45,43.5,14994808
2303,2025-07-25,43.4,43.75,43.3,43.5,17661776
2303,2025-07-28,43.5,43.6,43.0,43.5,35776877
2303,2025-07-29,43.3,43.35,42.8,42.8,35741812
2303,2025-07-30,42.8,42.9,42.1,42.55,45900200
2303,2025-07-31,42.25,42.25,41.55,41.55,42952609
2303,2025-08-04,40.9,41.55,40.5,41.2,35962931
2303,2025-08-05,41.35,41.65,41.3,41.4,27774547
2303,2025-08-06,40.95,41.0,40.35,40.7,42323182
2303,2025-08-07,40.5,40.8,40.4,40.4,52613355
2303,2025-08-08,40.4,40.6,40.2,40.5,34741791
2303,2025-08-11,40.4,40.65,40.3,40.4,24697504
2303,2025-08-12,40.6,40.85,40.35,40.65,24073607
2303,2025-08-13,40.8,41.0,40.4,40.75,29479379
2303,2025-08-14,40.85,41.0,40.75,40.8,25526067
2303,2025-08-15,41.1,41.6,41.0,41.2,33021625
2303,2025-08-18,40.9,40.9,40.2,40.4,50417766
2303,2025-08-19,40.3,41.05,40.1,41.05,32207923
2303,2025-08-20,41.5,42.5,41.5,41.9,109360639
2303,2025-08-21,42.0,42.05,41.4,41.4,46125182
2303,2025-08-22,41.15,41.2,40.6,40.6,24604317
2303,2025-08-25,40.85,40.9,40.55,40.55,21425973
2303,2025-08-26,40.5,41.8,40.35,41.8,64111108
2303,2025-08-27,41.2,41.3,40.9,40.95,30264987
2303,2025-08-28,40.95,41.2,40.6,40.6,23816343
2303,2025-08-29,40.85,40.9,40.45,40.5,23815284
2303,2025-09-01,40.6,40.8,40.4,40.75,20806971
2303,2025-09-02,40.9,41.0,40.65,40.9,20379773
2303,2025-09-03,40.95,40.95,40.7,40.9,11803934
2303,2025-09-04,41.15,42.7,41.15,42.0,67960253
2303,2025-09-05,41.85,41.9,41.05,41.2,36383751
2303,2025-09-08,41.6,41.65,41.25,41.6,16875937
2303,2025-09-09,41.6,41.75,41.4,41.45,17589011
2303,2025-09-10,41.45,41.5,41.1,41.25,22594413
2303,2025-09-11,41.25,41.4,40.9,40.9,22260883
2303,2025-09-12,41.0,41.3,40.9,41.15,25369434
2303,2025-09-15,41.2,41.45,41.1,41.1,27414854
2303,2025-09-16,41.2,41.5,41.05,41.05,20338285
2303,2025-09-17,41.1,41.5,41.1,41.45,21981283
2303,2025-09-18,41.7,42.1,41.65,41.8,38555370
2303,2025-09-19,42.45,43.4,42.2,43.25,107771839
2303,2025-09-22,43.9,43.95,43.0,43.05,64904449
2303,2025-09-23,43.55,44.45,43.35,43.9,84234256
2303,2025-09-24,44.4,45.3,44.1,44.85,86102820
2303,2025-09-25,44.85,45.25,44.05,44.3,58873725
2303,2025-09-26,44.85,45.3,44.15,44.85,47396933
2303,2025-09-30,45.55,47.3,45.25,45.55,132135580
2303,2025-10-01,45.8,45.9,44.0,44.25,80189193
2303,2025-10-02,44.45,44.55,43.35,43.8,61988144
2303,2025-10-03,43.35,43.85,43.2,43.85,40817851
2303,2025-10-07,43.85,44.35,43.5,44.3,29753422
2303,2025-10-08,44.5,44.95,44.3,44.95,39893979
2303,2025-10-09,45.6,46.3,45.5,45.65,71854411
2303,2025-10-13,44.5,45.5,44.25,45.45,59392456
2303,2025-10-14,46.0,46.35,44.85,44.85,46400125
2303,2025-10-15,45.0,45.1,44.3,44.5,35642582
2303,2025-10-16,44.9,45.3,44.65,44.9,31492824
2303,2025-10-17,45.3,45.9,45.1,45.75,45710984
2303,2025-10-20,46.05,46.25,45.85,46.1,32982073
2303,2025-10-21,46.2,46.3,45.45,45.45,25934845
2303,2025-10-22,45.4,45.7,45.1,45.5,23685066
2303,2025-10-23,45.5,45.5,45.05,45.4,15560798
2303,2025-10-27,46.05,46.45,45.6,45.6,44433603
2303,2025-10-28,46.0,46.25,45.8,46.0,44730201
2303,2025-10-29,46.25,46.25,45.6,45.6,28686171
2303,2025-10-30,45.6,46.2,44.8,45.85,55662596
2303,2025-10-31,46.2,46.85,46.0,46.4,50233207
2303,2025-11-03,47.0,48.5,46.8,47.6,96165770
2303,2025-11-04,48.75,48.75,47.15,47.4,65151205
2303,2025-11-05,47.1,47.1,45.75,47.1,48037302
2303,2025-11-06,47.75,47.75,45.8,45.8,60365518
2303,2025-11-07,45.5,45.6,44.9,45.0,33263691
2303,2025-11-10,45.5,45.65,45.05,45.2,22981297
2303,2025-11-11,45.6,46.0,45.2,45.25,28811087
2303,2025-11-12,45.2,45.55,44.9,45.0,32938632
2303,2025-11-13,45.0,45.15,44.45,44.45,39585981
2303,2025-11-14,44.35,44.85,44.15,44.15,32870053
2303,2025-11-17,44.05,44.35,43.8,43.85,24761430
2303,2025-11-18,44.3,44.4,43.8,44.2,36974090
2303,2025-11-19,44.3,45.2,44.0,44.35,36173559
2303,2025-11-20,44.9,45.0,44.25,44.65,33997431
2303,2025-11-21,44.2,45.0,44.2,45.0,35889116
2303,2025-11-24,45.45,46.55,45.0,46.55,96809729
2303,2025-11-25,46.05,46.1,45.05,45.1,48603850
2303,2025-11-26,45.5,45.85,44.85,45.45,37353483
2303,2025-11-27,45.3,45.95,45.2,45.95,31875985
2303,2025-11-28,45.5,46.0,45.2,45.8,24598918
2303,2025-12-01,45.8,46.6,45.8,46.5,40046416
2303,2025-12-02,46.55,47.6,46.5,47.2,45599924
2303,2025-12-03,47.65,48.3,47.35,47.5,48477991
2303,2025-12-04,48.0,48.25,47.85,48.0,45884116
2303,2025-12-05,48.05,49.3,48.0,48.9,82641984
2303,2025-12-08,49.75,50.0,48.45,49.3,66401289
2303,2025-12-09,49.7,49.9,48.7,49.6,43073174
2303,2025-12-10,49.75,49.75,49.0,49.35,42078886
2303,2025-12-11,49.55,49.6,48.0,48.65,41866258
2303,2025-12-12,48.65,48.9,48.3,48.8,41253059
2303,2025-12-15,48.4,48.85,48.2,48.85,43233765
2303,2025-12-16,48.75,49.2,47.9,49.2,82993384
2303,2025-12-17,49.45,50.9,49.3,50.4,121255998
2303,2025-12-18,50.2,50.7,49.7,50.3,62599569
2303,2025-12-19,50.3,50.7,50.1,50.7,68014965
2303,2025-12-22,51.0,51.1,50.4,50.9,65719784
2303,2025-12-23,51.0,51.0,49.65,50.0,45790969
2303,2025-12-24,49.9,50.0,49.3,49.65,47697812
2303,2025-12-26,49.85,50.1,49.55,49.95,40760795
2303,2025-12-29,49.95,49.95,49.4,49.65,21458772
2303,2025-12-30,49.5,50.0,49.35,49.5,26366450
2303,2025-12-31,49.6,49.7,49.05,49.25,25770824
2303,2026-01-02,49.35,49.4,48.4,48.7,29250355
2303,2026-01-05,48.5,49.0,48.1,48.5,44471888
2303,2026-01-06,48.85,49.2,48.35,49.2,48390300
2303,2026-01-07,50.8,54.1,50.7,54.1,230965277
2303,2026-01-08,57.0,58.4,52.1,52.8,644884888
2303,2026-01-09,54.4,56.5,53.6,55.1,306881896
2303,2026-01-12,57.0,57.4,54.8,55.3,187151237
2303,2026-01-13,55.5,56.6,53.8,54.9,128953631
2303,2026-01-14,55.1,55.4,53.7,54.0,154811585
2303,2026-01-15,54.7,55.0,53.7,54.7,98309216
2303,2026-01-16,54.8,59.0,53.8,58.5,304570619
2303,2026-01-19,60.3,63.5,58.8,62.5,338651958
2303,2026-01-20,62.4,68.7,61.0,67.8,469623641
2303,2026-01-21,70.9,71.9,67.1,68.4,438361845
2303,2026-01-22,71.5,71.9,67.5,67.6,268253929
2303,2026-01-23,68.0,69.4,62.9,64.8,268830260
2303,2026-01-26,66.0,69.5,65.3,69.3,223044536
2303,2026-01-27,71.1,76.2,69.6,76.2,499434330
2303,2026-01-28,79.6,79.7,75.3,75.9,525499756
2303,2026-01-29,70.3,71.9,68.4,68.4,277417422
2303,2026-01-30,65.0,65.4,61.6,62.4,369865203
2303,2026-02-02,62.3,62.4,58.8,60.7,192416866
2303,2026-02-03,62.5,62.6,58.8,60.8,183445997
2303,2026-02-04,60.6,61.9,59.8,61.8,102061867
2303,2026-02-05,61.8,61.8,60.1,61.5,92170463
2303,2026-02-06,61.1,62.6,59.9,61.9,120535637
2303,2026-02-09,63.6,64.3,61.8,62.4,139921949
2303,2026-02-10,62.8,63.6,61.8,62.4,91242137
2303,2026-02-11,62.9,63.4,62.1,62.8,87219731
2303,2026-02-23,65.2,65.2,63.1,63.9,140691976
2303,2026-02-24,64.3,69.5,64.0,67.5,182119009
2303,2026-02-25,69.3,69.3,65.3,65.5,148725670
2303,2026-02-26,66.0,67.4,65.0,65.4,174910983
2303,2026-03-02,64.1,65.6,63.5,64.5,96568472
2303,2026-03-03,64.5,65.1,62.1,62.6,114479134
2303,2026-03-04,61.0,62.0,60.0,60.0,114266906
2303,2026-03-05,62.5,64.0,61.3,62.1,75570495
2303,2026-03-06,62.1,62.3,61.0,62.0,54687401
2303,2026-03-09,58.3,59.7,57.2,59.7,111723835
2303,2026-03-10,60.8,61.2,59.0,60.4,75467464
2303,2026-03-11,62.2,62.8,61.3,62.2,55747854
2303,2026-03-12,62.2,62.2,60.2,60.6,64444916
2303,2026-03-13,59.8,60.2,59.0,59.5,64162838
2303,2026-03-16,60.5,61.0,60.1,60.5,58677753
2303,2026-03-17,60.9,61.5,60.2,60.7,46464259
2303,2026-03-18,61.3,61.5,60.4,61.1,65532503
2303,2026-03-19,60.4,60.4,58.6,58.7,84931746
2303,2026-03-20,58.5,59.0,57.7,57.8,80718669
2303,2026-03-23,56.0,57.0,55.7,56.7,62921550
2303,2026-03-24,57.5,57.5,55.7,56.5,52694700
2303,2026-03-25,58.0,59.4,57.6,59.1,53911720
2303,2026-03-26,59.4,59.5,58.1,58.2,34931899
2303,2026-03-27,57.1,58.5,57.1,57.8,41464196
2303,2026-03-30,56.3,57.5,55.8,57.0,60495316
2303,2026-03-31,55.9,56.9,55.8,56.5,71434250
2303,2026-04-01,57.5,58.5,56.8,57.4,61710505
2303,2026-04-02,57.5,57.8,52.8,53.6,112129472
2303,2026-04-07,54.7,58.9,54.7,58.3,163823438
2303,2026-04-08,59.8,61.7,59.5,60.3,161175374
2303,2026-04-09,60.6,60.6,58.8,60.0,76399426
2303,2026-04-10,59.7,63.5,59.3,62.0,150810786
2303,2026-04-13,61.5,61.5,58.6,60.1,123412684
2303,2026-04-14,60.1,60.4,59.1,59.7,72941136
2303,2026-04-15,60.1,63.4,60.1,62.1,143871383
2303,2026-04-16,66.5,68.3,65.6,68.3,280417097
2303,2026-04-17,68.3,74.8,67.6,73.0,494806022
2303,2026-04-20,78.0,80.2,76.3,76.9,348790257
2303,2026-04-21,78.0,78.5,74.0,76.2,315361026
2303,2026-04-22,76.5,79.8,75.8,78.6,231383599
2303,2026-04-23,79.5,79.5,71.6,73.6,230028648
2303,2026-04-24,77.0,78.3,73.3,74.5,178977116
2303,2026-04-27,76.0,76.4,70.7,72.7,185496761
2303,2026-04-28,72.3,77.7,71.3,75.1,162722456
2303,2026-04-29,75.3,75.3,72.4,74.5,119808582
2303,2026-04-30,80.5,80.9,76.3,77.3,331616948
2303,2026-05-04,80.0,82.4,79.4,81.2,240260266
2303,2026-05-05,80.8,85.2,80.1,83.1,171549816
2303,2026-05-06,88.5,91.4,87.8,91.4,253983202
2303,2026-05-07,97.4,98.8,93.0,96.5,323781992
2303,2026-05-08,96.5,98.8,89.9,91.3,216239801
2303,2026-05-11,94.7,96.3,92.0,95.0,177668192
2303,2026-05-12,96.7,104.5,94.3,104.5,379946290
2303,2026-05-13,102.0,102.0,94.5,98.4,349701662
2303,2026-05-14,102.0,108.0,98.8,108.0,330599652
2303,2026-05-15,112.0,118.0,108.0,110.0,408587830
2303,2026-05-18,108.5,114.0,103.5,111.0,262569269
2303,2026-05-19,112.5,120.5,111.5,113.0,272066263
2303,2026-05-20,114.0,115.5,107.0,108.0,226050768
2303,2026-05-21,112.5,118.0,111.5,116.0,197547226
2303,2026-05-22,119.5,119.5,113.0,114.0,201475124
2303,2026-05-25,115.0,125.0,113.0,125.0,338107213
2303,2026-05-26,129.0,133.5,128.0,130.5,289873300
2303,2026-05-27,139.5,143.5,138.5,143.5,278317004
2303,2026-05-28,145.0,151.0,137.0,142.0,413829506
2303,2026-05-29,149.0,149.0,138.0,144.5,359633947
2303,2026-06-01,143.0,155.5,140.0,146.0,285766307
2303,2026-06-02,147.0,150.0,133.5,141.5,376100203
2303,2026-06-03,141.5,141.5,130.5,130.5,373068043
2303,2026-06-04,126.5,131.5,122.5,125.0,374384907
2303,2026-06-05,127.0,133.0,125.0,131.5,374878386
2303,2026-06-08,121.0,125.0,119.0,121.0,315497867
2303,2026-06-09,124.5,131.5,118.5,127.5,372028410
2303,2026-06-10,126.5,130.5,117.5,118.5,329115708
2303,2026-06-11,119.0,126.0,116.5,125.0,348102661
2303,2026-06-12,134.0,137.5,132.5,133.5,388715812
2303,2026-06-15,139.5,143.5,137.0,141.5,325943462
2303,2026-06-16,144.0,144.5,138.5,141.0,233154458
2303,2026-06-17,138.5,142.0,136.0,140.0,169558863
2303,2026-06-18,141.0,146.0,138.5,145.5,293666572
2881,2024-06-18,65.83,66.17,65.48,66.17,13293657
2881,2024-06-19,66.17,67.03,65.83,66.86,20162991
2881,2024-06-20,67.03,67.03,66.17,67.03,16864631
2881,2024-06-21,66.77,67.46,66.68,67.29,26372096
2881,2024-06-24,67.46,67.72,66.6,67.11,21066656
2881,2024-06-25,67.46,67.54,66.86,67.46,13426870
2881,2024-06-26,67.2,67.63,66.68,66.86,17473621
2881,2024-06-27,66.25,67.37,66.0,67.37,14220602
2881,2024-06-28,67.37,68.58,67.11,68.15,30006636
2881,2024-07-01,68.58,69.35,68.32,69.09,20144312
2881,2024-07-02,69.09,69.78,68.58,69.61,25370512
2881,2024-07-03,69.86,71.67,69.86,71.58,33755230
2881,2024-07-04,72.01,72.53,71.41,71.93,20229198
2881,2024-07-05,71.93,73.04,71.93,72.96,23240624
2881,2024-07-08,73.13,73.99,72.61,73.9,24947429
2881,2024-07-09,73.9,74.33,73.04,73.9,21384062
2881,2024-07-10,75.36,77.77,75.28,76.57,42366980
2881,2024-07-11,77.25,80.43,76.91,79.4,53127322
2881,2024-07-12,79.92,80.09,78.2,78.97,38084328
2881,2024-07-15,79.66,79.66,77.17,78.11,33654887
2881,2024-07-16,78.63,79.06,77.94,78.8,27902964
2881,2024-07-17,79.83,79.83,77.86,78.2,34842776
2881,2024-07-18,77.68,77.77,76.05,77.25,50238368
2881,2024-07-19,77.17,78.05,75.13,76.11,57372754
2881,2024-07-22,75.75,75.84,72.92,73.01,46979178
2881,2024-07-23,74.16,75.58,74.16,75.58,21946199
2881,2024-07-26,74.07,75.49,72.92,75.04,18471394
2881,2024-07-29,76.02,77.52,76.02,77.08,27645282
2881,2024-07-30,76.64,76.72,75.58,76.46,15032800
2881,2024-07-31,75.93,78.85,75.84,77.96,23435088
2881,2024-08-01,78.67,79.29,77.61,77.96,22870754
2881,2024-08-02,76.11,77.08,74.78,76.81,22575212
2881,2024-08-05,74.78,74.78,69.74,69.83,48900905
2881,2024-08-06,72.48,72.92,68.24,71.33,34795076
2881,2024-08-07,71.51,73.54,71.51,73.01,20654905
2881,2024-08-08,72.04,74.6,71.95,73.45,20983307
2881,2024-08-09,75.31,77.17,74.69,76.02,30464294
2881,2024-08-12,77.78,78.49,76.37,76.72,20981077
2881,2024-08-13,77.34,77.78,76.72,77.34,12262261
2881,2024-08-14,78.4,79.29,77.96,78.93,28605895
2881,2024-08-15,79.99,80.08,78.67,78.67,17897921
2881,2024-08-16,79.99,81.76,79.46,81.67,53773654
2881,2024-08-19,81.67,81.67,79.55,79.55,29026405
2881,2024-08-20,80.26,80.26,78.05,78.49,21277930
2881,2024-08-21,78.76,79.2,78.32,78.85,11336392
2881,2024-08-22,78.93,78.93,77.25,77.87,17752519
2881,2024-08-23,77.52,78.93,77.08,78.67,11728310
2881,2024-08-26,79.55,81.5,79.38,81.23,33486947
2881,2024-08-27,80.79,81.59,80.35,81.5,20802799
2881,2024-08-28,81.5,82.03,80.79,81.32,11992286
2881,2024-08-29,80.88,81.67,80.44,80.7,13572511
2881,2024-08-30,80.97,81.76,80.97,81.23,29830612
2881,2024-09-02,82.2,83.97,81.76,83.09,33412642
2881,2024-09-03,83.27,83.35,82.2,82.82,14331757
2881,2024-09-04,79.55,80.88,79.11,79.99,38489555
2881,2024-09-05,80.97,82.38,80.61,81.59,26674504
2881,2024-09-06,81.5,82.2,80.44,81.76,16606806
2881,2024-09-09,80.28,80.93,79.35,79.82,37805048
2881,2024-09-10,80.56,81.86,79.73,80.19,25460719
2881,2024-09-11,80.28,80.28,79.08,79.35,19281518
2881,2024-09-12,80.84,80.84,79.54,79.63,16512575
2881,2024-09-13,80.37,80.65,79.63,80.47,11585622
2881,2024-09-16,80.65,80.65,80.1,80.56,9847246
2881,2024-09-18,80.65,81.67,80.47,80.84,20104747
2881,2024-09-19,81.02,83.44,80.84,82.88,25566699
2881,2024-09-20,83.81,84.37,82.79,84.27,38283491
2881,2024-09-23,84.37,85.29,83.53,85.29,27709556
2881,2024-09-24,85.29,85.94,84.83,85.94,21069019
2881,2024-09-25,86.31,86.59,85.48,86.59,27637053
2881,2024-09-26,86.87,87.06,86.13,86.31,15931604
2881,2024-09-27,87.15,87.15,84.55,84.74,24031869
2881,2024-09-30,84.83,85.02,83.9,83.9,25231545
2881,2024-10-01,84.27,84.55,83.25,84.18,16641180
2881,2024-10-04,82.88,84.18,82.88,83.62,16084612
2881,2024-10-07,83.81,85.29,83.81,84.55,14815532
2881,2024-10-08,83.81,84.83,83.16,84.83,16739418
2881,2024-10-09,84.92,85.48,84.09,84.09,14767732
2881,2024-10-11,84.55,84.64,83.72,84.18,8654538
2881,2024-10-14,84.27,84.46,83.53,83.99,7722755
2881,2024-10-15,84.37,85.29,83.9,85.29,17730281
2881,2024-10-16,84.27,84.83,83.25,83.81,22279812
2881,2024-10-17,83.72,85.02,83.72,85.02,12951048
2881,2024-10-18,85.57,86.69,85.2,86.5,39539996
2881,2024-10-21,86.5,86.5,84.27,84.37,29264028
2881,2024-10-22,84.74,86.59,84.37,86.59,29852474
2881,2024-10-23,85.94,86.31,85.39,85.48,10845061
2881,2024-10-24,85.39,85.76,84.74,84.74,11471369
2881,2024-10-25,85.48,85.85,85.11,85.57,7151657
2881,2024-10-28,85.57,85.76,85.02,85.29,10477028
2881,2024-10-29,85.29,85.29,83.99,85.02,14187321
2881,2024-10-30,85.2,85.2,84.09,84.27,12682717
2881,2024-11-01,81.21,84.27,81.12,83.9,28091377
2881,2024-11-04,83.99,85.66,83.9,85.66,18625577
2881,2024-11-05,85.02,85.76,84.74,85.66,9929921
2881,2024-11-06,85.66,85.76,84.83,84.83,8293589
2881,2024-11-07,85.2,86.31,85.02,85.57,15413449
2881,2024-11-08,85.85,86.22,85.57,86.22,11625271
2881,2024-11-11,85.85,86.13,84.92,85.11,12186928
2881,2024-11-12,85.48,85.76,85.02,85.11,21646530
2881,2024-11-13,85.11,85.48,83.81,84.46,23669891
2881,2024-11-14,84.09,84.83,83.53,83.81,18360762
2881,2024-11-15,84.46,85.76,84.27,84.46,22784411
2881,2024-11-18,85.11,85.29,83.07,83.34,32923353
2881,2024-11-19,83.72,84.83,82.79,84.83,31637183
2881,2024-11-20,84.37,84.83,83.72,83.99,30286038
2881,2024-11-21,83.53,83.62,82.88,82.88,34046625
2881,2024-11-22,83.72,84.18,82.88,82.88,24981964
2881,2024-11-25,83.81,84.64,83.44,83.99,38572637
2881,2024-11-26,83.9,83.99,83.07,83.62,16823752
2881,2024-11-27,83.9,84.27,82.42,82.42,21630196
2881,2024-11-28,82.6,82.97,82.32,82.51,11144700
2881,2024-11-29,81.67,82.14,81.02,81.67,20451864
2881,2024-12-02,82.14,83.62,81.86,83.16,18013136
2881,2024-12-03,83.62,84.37,83.44,84.37,17063391
2881,2024-12-04,84.55,84.74,83.72,84.09,10591108
2881,2024-12-05,84.18,84.74,84.18,84.74,14864790
2881,2024-12-06,84.55,85.39,84.55,85.39,19056782
2881,2024-12-09,85.29,85.48,84.74,84.92,9479136
2881,2024-12-10,84.92,85.39,84.64,85.39,11058025
2881,2024-12-11,85.39,85.66,84.83,85.02,12701573
2881,2024-12-12,85.39,87.43,85.29,87.15,41095665
2881,2024-12-13,86.78,87.34,86.31,86.87,11706966
2881,2024-12-16,86.59,88.08,86.59,86.96,19334662
2881,2024-12-17,86.78,87.15,85.57,85.85,20676184
2881,2024-12-18,85.57,86.5,85.2,85.29,13648521
2881,2024-12-19,84.37,84.46,83.53,84.37,27065528
2881,2024-12-20,83.72,84.55,83.44,83.9,23263735
2881,2024-12-23,84.55,85.39,84.37,84.83,11071985
2881,2024-12-24,85.39,85.57,84.83,85.2,7265215
2881,2024-12-25,85.57,85.57,84.55,84.92,5417264
2881,2024-12-26,85.11,85.29,84.46,84.74,5839566
2881,2024-12-27,84.92,85.2,84.27,85.2,5754132
2881,2024-12-30,84.92,85.29,84.55,84.74,6597823
2881,2024-12-31,84.18,84.46,83.72,83.81,16365009
2881,2025-01-02,83.53,84.18,83.53,84.18,11419959
2881,2025-01-03,84.37,84.74,84.18,84.55,6017222
2881,2025-01-06,84.74,85.39,84.64,85.29,11199318
2881,2025-01-07,85.48,85.57,84.64,85.29,10673404
2881,2025-01-08,85.2,85.2,84.55,84.55,7332579
2881,2025-01-09,84.74,85.66,84.37,84.55,12940844
2881,2025-01-10,84.55,84.55,82.88,83.44,25773883
2881,2025-01-13,83.72,84.55,82.79,83.34,22189494
2881,2025-01-14,83.62,84.83,83.53,84.27,14357987
2881,2025-01-15,84.46,85.02,83.72,83.9,9204170
2881,2025-01-16,84.92,85.29,84.74,85.02,13292143
2881,2025-01-17,85.02,85.02,84.18,84.46,6889663
2881,2025-01-20,84.64,85.02,83.99,83.99,6896181
2881,2025-01-21,84.27,85.48,84.09,84.92,13825051
2881,2025-01-22,85.57,86.5,85.48,86.13,25513290
2881,2025-02-03,84.92,85.11,83.9,84.83,18879589
2881,2025-02-04,85.39,85.66,83.81,83.81,14675935
2881,2025-02-05,84.92,85.39,84.55,85.2,11391483
2881,2025-02-06,85.39,86.31,85.02,86.31,16945612
2881,2025-02-07,85.94,86.31,85.48,85.66,8460216
2881,2025-02-10,85.39,86.69,85.39,86.69,17919261
2881,2025-02-11,86.87,87.71,86.69,87.06,14559218
2881,2025-02-12,86.59,87.15,86.59,86.69,8565960
2881,2025-02-13,86.31,87.06,85.85,86.69,11368940
2881,2025-02-14,86.5,86.87,86.31,86.41,8603003
2881,2025-02-17,86.78,87.52,86.78,87.24,10309652
2881,2025-02-18,86.96,87.52,86.96,87.52,8684798
2881,2025-02-19,87.15,87.34,85.76,85.76,26323793
2881,2025-02-20,85.66,86.22,85.39,85.39,14451990
2881,2025-02-21,85.39,85.94,85.29,85.94,8346159
2881,2025-02-24,85.29,85.66,84.92,85.02,16902630
2881,2025-02-25,84.74,85.39,84.64,85.11,8628272
2881,2025-02-26,84.74,86.22,84.74,86.13,14149894
2881,2025-02-27,85.94,86.22,85.66,85.66,30296790
2881,2025-03-03,85.39,86.13,85.11,86.13,15193666
2881,2025-03-04,84.92,85.29,84.27,84.64,22142291
2881,2025-03-05,84.64,85.66,84.64,85.2,10925291
2881,2025-03-06,84.92,85.85,84.92,85.85,6541923
2881,2025-03-07,85.2,85.29,84.37,84.37,20692089
2881,2025-03-10,84.74,84.74,84.09,84.18,13546516
2881,2025-03-11,83.34,83.81,82.23,83.25,36157572
2881,2025-03-12,83.34,83.72,83.07,83.07,18365942
2881,2025-03-13,83.62,83.62,82.6,82.6,15008829
2881,2025-03-14,82.6,83.25,81.86,81.86,23525414
2881,2025-03-17,82.42,83.81,82.32,83.53,20222953
2881,2025-03-18,83.9,84.46,83.16,83.9,21755551
2881,2025-03-19,83.72,83.9,82.6,82.6,16066481
2881,2025-03-20,83.25,83.99,83.16,83.44,10011507
2881,2025-03-21,83.44,83.62,82.6,82.6,14902536
2881,2025-03-24,82.79,83.34,82.6,82.6,7419196
2881,2025-03-25,83.07,83.72,82.88,83.25,8196560
2881,2025-03-26,83.25,83.62,83.07,83.44,6134402
2881,2025-03-27,83.07,83.44,82.69,83.44,10790323
2881,2025-03-28,82.88,83.07,81.67,81.86,17154027
2881,2025-03-31,80.28,80.75,79.17,79.17,31274570
2881,2025-04-01,79.63,81.21,79.45,81.12,16777372
2881,2025-04-02,80.65,81.58,80.65,81.3,9215130
2881,2025-04-07,73.23,73.23,73.23,73.23,10017815
2881,2025-04-08,68.68,72.86,68.68,72.3,58594267
2881,2025-04-09,73.32,74.06,66.92,66.92,46905604
2881,2025-04-10,73.6,73.6,73.6,73.6,10085273
2881,2025-04-11,71.93,74.99,71.84,74.62,29588503
2881,2025-04-14,74.99,76.57,74.81,75.08,24613575
2881,2025-04-15,75.46,77.22,75.36,76.57,14851886
2881,2025-04-16,75.64,76.01,74.25,74.34,24111401
2881,2025-04-17,74.34,74.53,73.69,73.88,12823378
2881,2025-04-18,74.25,74.53,73.79,73.79,8946997
2881,2025-04-21,73.79,74.06,72.67,73.32,7962101
2881,2025-04-22,72.02,72.49,71.46,71.74,14921332
2881,2025-04-23,72.67,73.6,72.11,73.6,15609173
2881,2025-04-24,73.51,73.97,72.39,72.67,15770256
2881,2025-04-25,73.6,73.88,73.14,73.69,12886787
2881,2025-04-28,74.16,74.34,73.51,73.51,17347642
2881,2025-04-29,73.79,75.64,73.79,75.55,20275646
2881,2025-04-30,76.57,79.35,76.57,78.24,40724623
2881,2025-05-02,78.61,78.89,77.96,78.89,23383114
2881,2025-05-05,74.25,74.99,73.14,74.25,70933278
2881,2025-05-06,72.67,73.6,72.21,73.32,60901380
2881,2025-05-07,73.51,73.51,72.02,72.39,53509146
2881,2025-05-08,72.39,73.04,72.39,72.49,24956425
2881,2025-05-09,71.65,72.21,71.19,71.84,43243548
2881,2025-05-12,72.02,72.86,72.02,72.49,20875282
2881,2025-05-13,73.14,73.97,73.04,73.32,33117533
2881,2025-05-14,73.88,74.34,73.51,74.25,37041765
2881,2025-05-15,74.62,74.71,73.69,74.71,37118669
2881,2025-05-16,74.43,76.11,74.43,76.01,33450813
2881,2025-05-19,75.27,75.36,74.06,74.06,29969907
2881,2025-05-20,74.9,75.27,74.34,74.9,15871145
2881,2025-05-21,74.71,75.92,74.62,75.64,31505121
2881,2025-05-22,74.71,76.2,74.43,76.01,26699547
2881,2025-05-23,75.83,76.94,75.64,75.64,22013511
2881,2025-05-26,75.46,76.11,74.99,75.08,19508519
2881,2025-05-27,74.9,75.55,74.53,74.53,18071099
2881,2025-05-28,74.9,75.08,73.79,73.79,20492637
2881,2025-05-29,74.25,75.18,73.88,73.88,53969439
2881,2025-06-02,73.88,76.29,73.51,75.92,70003075
2881,2025-06-03,75.92,77.59,74.99,77.59,67520560
2881,2025-06-04,77.87,82.97,77.22,80.84,134970279
2881,2025-06-05,80.19,82.23,79.54,80.84,99075568
2881,2025-06-06,80.75,82.69,80.1,81.49,103270914
2881,2025-06-09,81.49,82.42,81.12,82.14,92768457
2881,2025-06-10,81.86,82.51,80.19,81.4,95414344
2881,2025-06-11,80.84,83.62,78.43,83.62,140738469
2881,2025-06-12,81.49,82.05,80.93,81.21,51328971
2881,2025-06-13,80.28,80.84,79.35,80.28,46761784
2881,2025-06-16,80.28,81.4,79.45,79.82,44466648
2881,2025-06-17,80.1,81.12,79.63,79.63,42752065
2881,2025-06-18,80.0,81.12,79.82,81.12,31051111
2881,2025-06-19,80.37,80.65,79.35,80.47,29730119
2881,2025-06-20,79.91,80.1,78.8,78.8,32057686
2881,2025-06-23,78.15,78.61,77.59,78.61,22342697
2881,2025-06-24,79.08,80.28,78.98,79.91,21266050
2881,2025-06-25,80.28,80.28,79.54,79.54,27627366
2881,2025-06-26,79.82,80.19,79.45,79.91,31674170
2881,2025-06-27,79.73,80.1,78.98,79.91,34892230
2881,2025-06-30,79.73,81.67,78.98,81.02,124005846
2881,2025-07-01,80.98,82.83,80.78,81.17,42600586
2881,2025-07-02,81.27,81.85,80.78,80.88,23863192
2881,2025-07-03,80.98,81.66,80.59,80.98,20003333
2881,2025-07-04,80.88,81.07,79.02,79.02,30918442
2881,2025-07-07,79.32,80.2,78.93,80.0,19938244
2881,2025-07-08,79.9,80.49,79.12,79.22,15582669
2881,2025-07-09,79.02,80.0,78.34,78.34,21266845
2881,2025-07-10,78.24,80.39,78.15,80.29,18629970
2881,2025-07-11,80.49,81.85,80.29,80.59,21676631
2881,2025-07-14,80.59,81.37,80.39,80.59,20734773
2881,2025-07-15,80.29,81.46,80.29,81.46,11388006
2881,2025-07-16,80.78,82.34,80.78,82.34,20258371
2881,2025-07-17,82.15,83.02,81.76,82.05,13852428
2881,2025-07-18,82.05,82.63,80.98,81.66,20317312
2881,2025-07-21,81.46,82.05,81.07,81.07,12585397
2881,2025-07-22,81.46,81.66,80.29,80.49,12098861
2881,2025-07-23,81.17,81.76,80.59,81.76,15463753
2881,2025-07-24,81.56,81.76,81.17,81.56,8541648
2881,2025-07-25,80.98,81.46,80.98,81.37,8362418
2881,2025-07-28,81.37,81.66,80.78,80.78,11667829
2881,2025-07-29,80.78,81.17,80.0,80.0,14784551
2881,2025-07-30,80.59,80.98,80.29,80.59,10709066
2881,2025-07-31,80.1,80.78,79.61,80.39,16271112
2881,2025-08-04,79.9,81.95,79.9,81.95,14627824
2881,2025-08-05,81.66,82.24,81.37,81.95,12745128
2881,2025-08-06,81.95,82.54,81.46,82.34,14236582
2881,2025-08-07,82.44,83.32,82.44,82.73,12866124
2881,2025-08-08,82.44,83.12,82.24,83.12,9864942
2881,2025-08-11,83.12,84.2,82.93,84.1,11254629
2881,2025-08-12,84.39,84.88,84.1,84.59,13278295
2881,2025-08-13,85.07,85.37,84.68,85.27,14730325
2881,2025-08-14,85.27,86.63,85.17,86.63,21710143
2881,2025-08-15,86.54,86.73,85.85,86.63,10901881
2881,2025-08-18,86.05,86.83,85.95,86.83,16074345
2881,2025-08-19,86.05,86.44,85.95,85.95,14738780
2881,2025-08-20,85.95,86.05,84.59,84.78,22355494
2881,2025-08-21,85.37,86.34,85.27,86.15,13859902
2881,2025-08-22,85.46,86.24,85.46,85.76,12046524
2881,2025-08-25,86.44,87.41,86.05,87.41,21783256
2881,2025-08-26,86.83,87.12,84.98,84.98,34652554
2881,2025-08-27,84.98,85.56,83.61,83.61,27101535
2881,2025-08-28,83.41,84.0,82.93,83.12,19734457
2881,2025-08-29,83.12,83.51,81.85,81.85,24533596
2881,2025-09-01,81.95,83.12,81.95,82.44,11308307
2881,2025-09-02,82.83,84.68,82.83,84.68,19202424
2881,2025-09-03,84.68,84.68,83.71,83.9,11967270
2881,2025-09-04,84.0,84.68,83.9,84.39,9726351
2881,2025-09-05,84.29,84.88,84.1,84.88,8803908
2881,2025-09-08,84.68,84.68,83.9,83.9,10327138
2881,2025-09-09,83.9,84.78,83.8,84.29,12486965
2881,2025-09-10,84.29,85.46,84.29,85.46,14851590
2881,2025-09-11,85.37,85.66,84.39,84.78,17290018
2881,2025-09-12,85.27,86.34,85.27,86.34,18765421
2881,2025-09-15,86.34,87.61,86.34,86.63,17502235
2881,2025-09-16,87.12,87.41,86.63,86.63,16306674
2881,2025-09-17,86.44,87.02,85.95,86.54,15795883
2881,2025-09-18,86.83,87.02,85.66,86.15,14854715
2881,2025-09-19,85.95,86.05,85.17,85.66,23796367
2881,2025-09-22,85.66,87.02,85.66,86.44,16451950
2881,2025-09-23,86.34,86.93,86.15,86.24,13862324
2881,2025-09-24,86.54,87.71,86.44,86.83,21059759
2881,2025-09-25,87.1,87.4,86.0,86.0,19800000
2881,2025-09-26,86.1,86.9,85.5,86.5,13615025
2881,2025-09-30,86.9,88.3,86.8,88.3,16940183
2881,2025-10-01,88.0,88.9,87.4,87.4,14402041
2881,2025-10-02,88.1,88.4,87.4,87.4,6641344
2881,2025-10-03,88.0,88.0,86.5,86.5,10819380
2881,2025-10-07,86.4,88.2,86.2,86.9,14244498
2881,2025-10-08,87.3,88.4,87.3,87.9,9245149
2881,2025-10-09,88.2,90.0,88.1,89.8,31821900
2881,2025-10-13,88.7,89.0,87.5,87.8,20414839
2881,2025-10-14,88.8,90.2,88.2,88.2,25665887
2881,2025-10-15,88.9,89.6,88.3,89.6,21913603
2881,2025-10-16,89.8,90.8,89.6,89.8,26224622
2881,2025-10-17,89.5,90.2,89.3,89.5,16687565
2881,2025-10-20,90.1,90.1,88.9,89.1,9505840
2881,2025-10-21,89.6,91.7,89.6,90.6,24112315
2881,2025-10-22,91.2,91.6,90.8,91.6,15334894
2881,2025-10-23,91.1,92.0,90.8,91.9,12913213
2881,2025-10-27,92.8,92.8,91.8,92.1,17647711
2881,2025-10-28,91.8,91.9,90.8,90.9,14698652
2881,2025-10-29,91.1,92.0,91.1,91.8,8401255
2881,2025-10-30,92.8,92.8,91.1,92.4,12939012
2881,2025-10-31,92.5,92.5,91.2,91.2,11353559
2881,2025-11-03,91.2,92.1,90.9,92.0,14020243
2881,2025-11-04,92.4,93.0,92.0,92.5,16158095
2881,2025-11-05,91.5,91.6,90.6,90.6,15806574
2881,2025-11-06,91.8,92.0,90.9,91.8,12043354
2881,2025-11-07,91.1,91.2,90.4,90.5,8839832
2881,2025-11-10,90.5,91.4,90.2,90.6,8264347
2881,2025-11-11,91.4,92.5,91.0,91.0,18138379
2881,2025-11-12,91.5,92.3,91.5,91.7,14133157
2881,2025-11-13,92.5,94.4,92.2,94.0,53925925
2881,2025-11-14,93.4,94.2,93.0,93.3,35126754
2881,2025-11-17,93.6,93.6,91.5,91.8,48868496
2881,2025-11-18,91.2,92.8,89.5,89.5,61683580
2881,2025-11-19,89.6,90.7,88.1,88.1,73782341
2881,2025-11-20,89.1,90.6,89.1,89.3,66153807
2881,2025-11-21,88.4,90.3,88.4,88.7,75740896
2881,2025-11-24,89.5,93.0,89.0,92.0,99751696
2881,2025-11-25,91.8,94.0,91.0,92.9,76645843
2881,2025-11-26,93.9,94.6,92.9,93.2,57765893
2881,2025-11-27,92.7,94.5,92.1,93.9,50459875
2881,2025-11-28,93.2,94.1,92.5,92.6,21062593
2881,2025-12-01,92.5,93.7,91.8,91.8,13982099
2881,2025-12-02,92.7,92.7,91.4,92.1,26165233
2881,2025-12-03,92.2,93.1,91.7,93.1,16906159
2881,2025-12-04,93.1,94.9,93.0,94.7,25047691
2881,2025-12-05,94.9,94.9,93.6,94.9,11645056
2881,2025-12-08,94.6,95.5,94.0,95.5,15405104
2881,2025-12-09,95.3,96.3,95.2,96.3,16379762
2881,2025-12-10,96.3,96.8,94.7,95.2,11820012
2881,2025-12-11,95.7,96.0,94.4,95.1,11458753
2881,2025-12-12,95.8,97.2,95.5,96.8,21210920
2881,2025-12-15,96.0,96.6,95.3,95.6,14966774
2881,2025-12-16,95.0,96.2,94.8,96.0,27531043
2881,2025-12-17,96.0,97.9,96.0,97.3,33469185
2881,2025-12-18,97.6,97.6,95.8,96.8,23959532
2881,2025-12-19,96.6,97.6,96.3,97.3,21259861
2881,2025-12-22,97.9,98.5,97.8,98.2,20486074
2881,2025-12-23,98.5,98.6,96.7,98.1,15892606
2881,2025-12-24,98.4,98.8,97.9,98.0,15559947
2881,2025-12-26,98.1,98.3,97.0,97.0,12368531
2881,2025-12-29,96.9,98.3,96.8,98.2,6456976
2881,2025-12-30,97.6,97.8,96.8,97.0,8845021
2881,2025-12-31,97.0,97.4,96.1,96.1,12410141
2881,2026-01-02,96.2,97.0,95.5,95.6,12895790
2881,2026-01-05,95.6,97.3,95.3,97.2,13275454
2881,2026-01-06,97.3,97.7,96.3,96.4,12413897
2881,2026-01-07,96.5,96.7,95.7,96.1,12862538
2881,2026-01-08,96.3,97.1,96.1,97.0,9502984
2881,2026-01-09,97.0,97.0,95.2,95.5,15227135
2881,2026-01-12,95.6,95.8,95.0,95.0,13337196
2881,2026-01-13,95.2,95.2,94.0,94.2,19031878
2881,2026-01-14,94.5,95.1,93.8,93.8,19721352
2881,2026-01-15,94.6,95.5,94.1,94.1,17215083
2881,2026-01-16,94.6,95.8,94.4,95.0,18788635
2881,2026-01-19,94.4,96.2,94.4,95.0,15533367
2881,2026-01-20,94.9,95.2,94.0,94.0,16512621
2881,2026-01-21,93.7,94.0,92.8,93.0,20236476
2881,2026-01-22,93.7,94.2,92.8,93.0,18724433
2881,2026-01-23,93.7,93.7,92.6,93.5,13570465
2881,2026-01-26,93.5,93.9,93.1,93.2,14020739
2881,2026-01-27,93.5,94.3,92.4,92.4,22045386
2881,2026-01-28,92.9,93.1,91.8,92.5,17352554
2881,2026-01-29,92.1,93.3,91.8,92.3,15269465
2881,2026-01-30,92.2,92.5,90.9,90.9,23111432
2881,2026-02-02,91.5,91.6,89.8,90.5,21614236
2881,2026-02-03,91.6,92.6,91.3,91.8,13641415
2881,2026-02-04,91.7,93.5,91.7,92.7,17626098
2881,2026-02-05,92.8,93.7,92.1,93.5,14212576
2881,2026-02-06,92.7,92.9,91.4,92.4,12719419
2881,2026-02-09,93.0,94.2,92.9,93.8,13844743
2881,2026-02-10,94.2,95.0,93.5,94.5,13827542
2881,2026-02-11,95.0,95.7,94.7,95.2,16919103
2881,2026-02-23,96.5,96.5,95.2,95.7,36505199
2881,2026-02-24,95.8,96.2,94.1,94.1,22251014
2881,2026-02-25,94.0,94.0,92.8,92.9,28096823
2881,2026-02-26,92.9,95.1,92.9,94.2,34668062
2881,2026-03-02,94.2,94.2,92.8,93.0,21906784
2881,2026-03-03,92.7,93.5,92.6,93.1,12454755
2881,2026-03-04,92.2,92.3,89.8,89.8,36239727
2881,2026-03-05,90.8,91.3,89.8,90.5,19193816
2881,2026-03-06,89.8,90.0,88.6,88.8,34932982
2881,2026-03-09,84.0,87.2,83.5,87.2,40799520
2881,2026-03-10,88.7,88.7,87.3,88.3,17562979
2881,2026-03-11,88.0,90.1,87.8,89.2,14551338
2881,2026-03-12,88.0,89.4,88.0,89.4,20668142
2881,2026-03-13,88.5,88.7,88.0,88.1,19665172
2881,2026-03-16,89.1,89.6,88.4,88.8,12979111
2881,2026-03-17,89.5,90.9,89.4,89.8,24791907
2881,2026-03-18,90.9,90.9,89.1,89.5,14458299
2881,2026-03-19,89.0,89.2,87.5,88.2,25440528
2881,2026-03-20,87.5,89.4,87.2,88.6,34642529
2881,2026-03-23,85.8,87.5,85.3,86.8,24642620
2881,2026-03-24,87.3,87.9,86.6,87.1,12087520
2881,2026-03-25,89.2,89.2,87.9,88.8,13456623
2881,2026-03-26,89.2,89.2,88.0,88.6,13705757
2881,2026-03-27,87.8,88.3,87.1,87.7,13245107
2881,2026-03-30,86.2,87.4,86.2,86.4,19983515
2881,2026-03-31,85.8,87.2,85.8,86.0,16077941
2881,2026-04-01,87.6,88.0,87.0,87.8,13379610
2881,2026-04-02,88.1,88.4,87.2,87.8,10025173
2881,2026-04-07,87.9,88.3,86.5,87.7,13830105
2881,2026-04-08,89.2,89.2,87.9,89.2,17377591
2881,2026-04-09,89.2,89.2,87.6,88.5,21189428
2881,2026-04-10,87.5,88.2,87.3,87.6,20351718
2881,2026-04-13,87.5,87.6,86.7,86.7,17099835
2881,2026-04-14,86.7,88.4,86.7,87.6,18050038
2881,2026-04-15,88.0,88.4,87.1,87.5,21034630
2881,2026-04-16,87.3,88.4,87.2,87.9,20729379
2881,2026-04-17,88.0,88.0,86.8,88.0,24078612
2881,2026-04-20,87.9,88.0,87.2,87.2,21759071
2881,2026-04-21,88.1,88.1,87.2,87.7,18209986
2881,2026-04-22,87.8,88.8,87.7,88.3,23316872
2881,2026-04-23,88.2,89.2,88.1,88.3,26193198
2881,2026-04-24,88.2,88.7,87.8,87.8,16615830
2881,2026-04-27,87.5,88.5,87.2,87.9,24035589
2881,2026-04-28,88.5,89.2,88.1,88.6,20879110
2881,2026-04-29,89.4,91.3,89.1,91.3,37091754
2881,2026-04-30,90.4,91.8,90.0,90.0,30824103
2881,2026-05-04,91.8,94.0,91.0,91.0,49138608
2881,2026-05-05,91.5,92.3,90.4,92.2,24529764
2881,2026-05-06,93.0,94.0,92.4,92.8,24089561
2881,2026-05-07,93.3,94.8,92.5,94.5,34939336
2881,2026-05-08,94.5,96.9,94.1,96.7,57391289
2881,2026-05-11,96.7,96.7,95.5,95.5,21973651
2881,2026-05-12,96.0,96.0,93.7,93.7,35914987
2881,2026-05-13,93.5,95.2,93.3,94.7,18212137
2881,2026-05-14,93.9,96.0,93.9,94.6,19873965
2881,2026-05-15,96.5,98.6,95.0,96.1,99740538
2881,2026-05-18,96.3,96.6,94.5,95.2,25612782
2881,2026-05-19,95.7,98.1,95.5,97.2,35452336
2881,2026-05-20,97.1,97.2,95.6,95.8,29383031
2881,2026-05-21,96.5,96.8,95.3,96.1,32015568
2881,2026-05-22,95.4,96.0,94.3,95.1,41582008
2881,2026-05-25,95.4,97.7,94.7,97.7,46786568
2881,2026-05-26,97.8,103.5,97.8,103.5,102121967
2881,2026-05-27,104.5,110.0,103.0,110.0,92282492
2881,2026-05-28,110.0,112.0,107.0,110.0,82132672
2881,2026-05-29,110.5,111.0,107.0,110.0,138784787
2881,2026-06-01,109.5,112.0,107.0,110.5,87169374
2881,2026-06-02,110.5,113.5,109.0,113.5,97053866
2881,2026-06-03,115.5,116.0,111.0,113.0,71704539
2881,2026-06-04,113.5,114.0,112.0,114.0,55185284
2881,2026-06-05,114.0,119.0,112.0,118.0,61138437
2881,2026-06-08,112.0,117.5,112.0,116.0,104388292
2881,2026-06-09,115.0,126.5,115.0,125.0,87597811
2881,2026-06-10,124.0,126.0,122.5,122.5,68093778
2881,2026-06-11,125.0,127.5,121.5,125.5,61634852
2881,2026-06-12,127.0,129.0,120.5,122.0,42253395
2881,2026-06-15,126.0,128.0,124.5,127.5,25609258
2881,2026-06-16,128.5,132.5,127.5,132.0,39847023
2881,2026-06-17,133.0,139.0,131.5,135.5,40305106
2881,2026-06-18,137.0,141.0,135.5,138.0,44276004
1301,2024-06-18,58.47,58.86,57.98,58.66,19990541
1301,2024-06-19,58.66,58.76,58.18,58.18,16456218
1301,2024-06-20,58.37,58.76,58.18,58.66,17602607
1301,2024-06-21,59.15,59.73,58.37,58.37,49293035
1301,2024-06-24,58.56,58.66,57.69,57.69,25952567
1301,2024-06-25,57.98,57.98,56.53,56.63,26841394
1301,2024-06-26,56.63,56.82,55.27,55.46,30890348
1301,2024-06-27,55.07,55.85,54.69,55.27,24714037
1301,2024-06-28,55.37,56.63,55.27,55.75,14057865
1301,2024-07-01,56.24,56.24,55.27,55.46,7680299
1301,2024-07-02,55.27,55.27,54.1,54.2,18152511
1301,2024-07-03,54.3,54.88,54.01,54.78,7672293
1301,2024-07-04,55.17,56.14,55.17,55.85,10696203
1301,2024-07-05,56.24,56.24,55.46,55.56,5574806
1301,2024-07-08,55.66,56.63,55.56,56.24,9884934
1301,2024-07-09,56.33,56.43,55.17,55.27,8909885
1301,2024-07-10,55.27,55.27,54.59,54.78,7413737
1301,2024-07-11,55.27,55.27,54.59,55.27,10442432
1301,2024-07-12,55.17,56.82,54.88,56.14,17997898
1301,2024-07-15,56.53,56.53,55.46,55.56,11830843
1301,2024-07-16,55.75,55.75,55.27,55.46,7705147
1301,2024-07-17,55.75,58.66,55.66,58.27,32001276
1301,2024-07-18,58.66,59.83,58.27,58.95,32886294
1301,2024-07-19,58.95,59.34,57.98,58.27,19012186
1301,2024-07-22,58.27,58.47,57.3,58.37,16441321
1301,2024-07-23,58.86,59.06,57.68,57.98,14015176
1301,2024-07-26,57.98,58.37,57.38,57.98,9320746
1301,2024-07-29,58.17,58.37,57.68,57.98,7928622
1301,2024-07-30,58.08,58.08,56.79,57.09,7364181
1301,2024-07-31,56.99,57.38,56.69,57.09,7569627
1301,2024-08-01,57.48,57.88,56.79,57.68,8691725
1301,2024-08-02,56.99,57.19,56.3,56.5,9662792
1301,2024-08-05,55.31,55.31,52.85,54.03,26461708
1301,2024-08-06,54.23,55.02,52.36,54.43,15546577
1301,2024-08-07,53.74,54.72,53.74,54.23,8582489
1301,2024-08-08,53.54,53.64,52.45,52.55,16230280
1301,2024-08-09,52.85,54.43,52.85,54.03,13844058
1301,2024-08-12,53.44,53.84,53.05,53.24,8923906
1301,2024-08-13,53.15,53.15,51.96,52.06,15697002
1301,2024-08-14,52.06,53.34,52.06,52.65,15254388
1301,2024-08-15,53.15,53.15,51.76,51.76,11312450
1301,2024-08-16,52.36,52.55,51.57,51.67,13115080
1301,2024-08-19,51.86,51.96,51.37,51.47,7785905
1301,2024-08-20,51.76,51.86,50.48,50.98,16597435
1301,2024-08-21,50.98,51.47,50.58,51.27,8489584
1301,2024-08-22,51.27,52.16,50.88,51.57,8612334
1301,2024-08-23,51.37,51.57,50.58,51.17,7978763
1301,2024-08-26,51.07,51.86,50.98,51.57,8524481
1301,2024-08-27,51.27,51.37,50.68,51.17,6054806
1301,2024-08-28,50.98,51.17,50.58,50.98,7291536
1301,2024-08-29,50.78,51.17,50.58,50.78,4609990
1301,2024-08-30,50.88,51.47,50.68,50.88,10964090
1301,2024-09-02,51.17,51.17,49.79,49.79,11161075
1301,2024-09-03,49.79,49.89,49.1,49.1,14705298
1301,2024-09-04,47.67,47.67,46.34,46.34,28243808
1301,2024-09-05,46.59,46.93,45.55,45.55,16943387
1301,2024-09-06,45.55,46.1,44.96,45.6,15097824
1301,2024-09-09,44.47,44.57,44.02,44.37,17464291
1301,2024-09-10,44.37,44.47,43.53,43.58,16455914
1301,2024-09-11,43.58,44.37,43.53,43.78,11568708
1301,2024-09-12,44.67,44.76,43.78,44.37,13085719
1301,2024-09-13,44.42,46.74,44.27,46.29,19815552
1301,2024-09-16,46.54,48.56,45.85,47.57,26182142
1301,2024-09-18,47.62,49.0,47.23,47.57,19571961
1301,2024-09-19,47.52,48.07,46.69,47.87,16015943
1301,2024-09-20,48.02,48.81,47.72,48.07,15470496
1301,2024-09-23,48.41,48.76,47.82,48.07,8673852
1301,2024-09-24,48.02,48.02,47.23,47.82,10469409
1301,2024-09-25,48.56,49.89,48.31,49.89,24363551
1301,2024-09-26,50.29,50.38,49.3,49.4,10182032
1301,2024-09-27,49.69,52.95,49.5,52.75,32720001
1301,2024-09-30,52.45,53.93,51.47,52.75,36901435
1301,2024-10-01,52.75,52.95,51.96,52.26,13472484
1301,2024-10-04,52.26,54.33,52.06,52.26,21184436
1301,2024-10-07,52.36,52.65,50.58,51.47,16527108
1301,2024-10-08,50.98,51.37,49.89,50.09,13039958
1301,2024-10-09,50.38,50.48,48.71,48.86,12458863
1301,2024-10-11,49.25,49.69,48.76,48.91,7733542
1301,2024-10-14,48.91,49.69,47.77,49.3,13044986
1301,2024-10-15,49.5,49.5,47.67,47.67,16756242
1301,2024-10-16,47.33,47.77,46.93,47.28,19318992
1301,2024-10-17,47.33,48.51,47.28,47.72,9235307
1301,2024-10-18,48.07,48.36,47.43,47.52,8477259
1301,2024-10-21,47.92,47.97,46.64,46.64,11318112
1301,2024-10-22,46.83,46.83,45.75,46.05,13608917
1301,2024-10-23,46.1,46.49,45.55,45.55,9599022
1301,2024-10-24,45.65,46.19,45.16,45.55,11764545
1301,2024-10-25,45.65,46.34,45.65,46.19,7670729
1301,2024-10-28,46.34,48.22,46.05,47.87,17189394
1301,2024-10-29,47.77,47.97,46.49,47.03,11856501
1301,2024-10-30,47.23,47.28,46.59,46.64,8568578
1301,2024-11-01,46.1,46.59,45.5,46.44,13066316
1301,2024-11-04,46.44,46.64,45.9,46.14,5880715
1301,2024-11-05,46.0,46.64,45.8,46.54,7875755
1301,2024-11-06,46.29,47.08,46.14,46.54,8693677
1301,2024-11-07,46.93,48.76,46.88,48.07,19310796
1301,2024-11-08,48.22,48.56,46.93,47.03,12633730
1301,2024-11-11,46.05,46.54,45.21,45.85,13315559
1301,2024-11-12,45.26,45.5,44.37,44.37,17302391
1301,2024-11-13,44.22,44.57,43.78,44.17,13773148
1301,2024-11-14,43.98,44.07,42.59,42.69,20930774
1301,2024-11-15,42.74,44.71,42.74,43.73,15396209
1301,2024-11-18,44.86,46.54,44.67,46.34,33183419
1301,2024-11-19,46.64,46.69,44.76,45.11,20293199
1301,2024-11-20,44.67,44.67,44.67,44.67,9813177
1301,2024-11-21,44.37,44.37,43.43,43.48,15455826
1301,2024-11-22,43.78,43.93,43.19,43.33,13127993
1301,2024-11-25,43.68,43.73,43.19,43.33,20102131
1301,2024-11-26,43.43,44.42,42.94,43.24,11956986
1301,2024-11-27,43.43,43.43,42.69,42.69,11505314
1301,2024-11-28,42.99,43.09,41.81,42.1,12907156
1301,2024-11-29,41.9,41.9,40.67,40.77,30605164
1301,2024-12-02,40.87,41.51,40.23,40.62,21685756
1301,2024-12-03,40.92,41.41,40.67,41.21,14207478
1301,2024-12-04,41.56,41.66,40.48,40.82,14197551
1301,2024-12-05,40.82,40.92,39.93,39.93,13028827
1301,2024-12-06,39.83,40.13,39.44,39.59,17645196
1301,2024-12-09,40.23,40.72,39.24,39.64,22087230
1301,2024-12-10,40.18,41.31,39.83,40.13,21246134
1301,2024-12-11,40.18,40.18,39.34,39.44,15786489
1301,2024-12-12,39.49,39.59,38.31,38.31,27981068
1301,2024-12-13,38.16,38.16,37.47,37.47,20633479
1301,2024-12-16,37.22,37.86,36.48,36.58,26031860
1301,2024-12-17,36.83,37.47,36.28,36.28,23520340
1301,2024-12-18,36.48,38.11,36.28,37.62,35309995
1301,2024-12-19,37.27,38.16,36.93,37.71,28350224
1301,2024-12-20,37.57,37.66,36.09,36.19,30331638
1301,2024-12-23,36.43,37.32,36.43,36.73,18949611
1301,2024-12-24,36.93,37.57,36.83,37.02,15495208
1301,2024-12-25,37.57,37.71,36.68,36.88,12885521
1301,2024-12-26,37.02,37.37,36.38,36.38,10904571
1301,2024-12-27,36.48,36.53,35.74,36.48,15332455
1301,2024-12-30,36.48,36.48,35.0,35.0,18864999
1301,2024-12-31,35.1,35.5,34.61,35.0,20174734
1301,2025-01-02,34.81,34.95,34.21,34.41,20592141
1301,2025-01-03,34.71,35.5,34.02,34.02,18199398
1301,2025-01-06,34.21,36.19,33.97,35.74,27879488
1301,2025-01-07,35.74,35.74,34.07,34.07,22191063
1301,2025-01-08,34.02,34.02,32.54,32.78,29986295
1301,2025-01-09,32.34,32.54,31.55,31.55,32452964
1301,2025-01-10,31.35,32.0,30.91,31.01,35658992
1301,2025-01-13,31.26,32.14,30.81,31.9,40014854
1301,2025-01-14,31.95,34.76,31.95,34.46,58288137
1301,2025-01-15,34.31,36.09,34.07,35.05,70071764
1301,2025-01-16,35.0,35.99,34.41,34.9,50061293
1301,2025-01-17,34.9,37.27,34.36,36.68,50040206
1301,2025-01-20,36.14,36.97,35.5,36.38,40858798
1301,2025-01-21,36.09,36.53,35.5,35.5,26477493
1301,2025-01-22,35.5,35.84,34.95,35.74,19802469
1301,2025-02-03,35.55,36.63,33.82,33.97,41983300
1301,2025-02-04,34.07,34.41,33.33,33.52,19966181
1301,2025-02-05,33.62,34.46,33.33,33.47,19861698
1301,2025-02-06,33.43,34.12,33.28,34.02,11162982
1301,2025-02-07,33.87,34.02,32.88,33.03,20835430
1301,2025-02-10,32.98,33.87,32.98,33.08,19164816
1301,2025-02-11,33.28,34.02,33.28,33.52,15908653
1301,2025-02-12,33.72,35.99,33.62,35.15,44948890
1301,2025-02-13,35.3,36.97,34.9,36.93,48227945
1301,2025-02-14,37.07,37.91,36.43,37.86,46376042
1301,2025-02-17,38.11,39.14,37.37,38.9,52266108
1301,2025-02-18,38.9,38.9,37.47,37.81,38190853
1301,2025-02-19,37.76,39.05,37.76,38.45,25629074
1301,2025-02-20,38.65,38.95,37.96,38.31,15436276
1301,2025-02-21,38.45,38.85,37.96,38.65,16637596
1301,2025-02-24,38.45,39.19,38.16,39.14,19852110
1301,2025-02-25,39.05,40.23,38.85,39.78,43597446
1301,2025-02-26,39.83,40.03,38.65,39.09,26413207
1301,2025-02-27,38.75,39.34,37.91,38.26,51707077
1301,2025-03-03,37.57,38.06,36.88,37.27,27247684
1301,2025-03-04,36.73,37.27,36.38,36.83,20343161
1301,2025-03-05,37.12,38.95,37.07,38.55,35194194
1301,2025-03-06,38.65,38.75,37.96,38.06,20960574
1301,2025-03-07,38.06,38.55,37.66,38.11,15392608
1301,2025-03-10,38.36,39.05,37.81,38.5,20839354
1301,2025-03-11,37.86,38.5,36.48,38.45,29370530
1301,2025-03-12,38.36,38.4,37.47,37.66,25008504
1301,2025-03-13,37.86,38.01,36.63,36.73,17943234
1301,2025-03-14,37.17,39.49,37.17,39.39,54651099
1301,2025-03-17,39.64,40.43,38.95,39.93,37276860
1301,2025-03-18,40.23,40.97,39.69,40.18,29694498
1301,2025-03-19,40.08,40.28,39.39,39.59,17676111
1301,2025-03-20,39.59,40.97,39.59,40.23,19707930
1301,2025-03-21,39.93,39.98,38.45,38.5,40682273
1301,2025-03-24,38.7,38.85,37.96,38.11,18480184
1301,2025-03-25,38.45,38.95,37.66,37.71,15844968
1301,2025-03-26,37.96,38.21,37.62,38.01,9270504
1301,2025-03-27,37.66,38.4,37.27,38.4,15003696
1301,2025-03-28,38.16,38.21,36.88,36.97,23800248
1301,2025-03-31,36.48,36.93,35.79,36.09,22528692
1301,2025-04-01,36.33,37.66,36.33,37.32,13366122
1301,2025-04-02,37.47,37.66,36.63,37.66,11500081
1301,2025-04-07,33.92,33.92,33.92,33.92,5501245
1301,2025-04-08,33.33,34.95,33.23,34.56,32518037
1301,2025-04-09,34.07,34.46,31.11,31.21,34068874
1301,2025-04-10,34.31,34.31,33.92,34.31,8528762
1301,2025-04-11,33.87,34.81,33.28,34.31,19506912
1301,2025-04-14,34.31,35.45,33.97,34.85,18095482
1301,2025-04-15,35.05,36.04,34.95,36.04,14174051
1301,2025-04-16,35.79,35.94,34.56,35.3,14839128
1301,2025-04-17,35.4,35.5,34.56,35.0,10168006
1301,2025-04-18,35.1,35.15,34.71,34.95,5545658
1301,2025-04-21,35.2,35.2,34.12,34.12,7778450
1301,2025-04-22,33.92,34.31,33.52,34.16,7083820
1301,2025-04-23,34.66,35.35,34.61,35.15,9774923
1301,2025-04-24,35.1,35.15,33.57,33.57,20754577
1301,2025-04-25,34.07,34.31,33.62,33.62,13350187
1301,2025-04-28,33.72,33.87,33.23,33.38,10365013
1301,2025-04-29,33.52,34.21,33.23,34.07,9096346
1301,2025-04-30,33.97,33.97,33.43,33.52,7606647
1301,2025-05-02,33.87,34.36,33.43,34.31,11504591
1301,2025-05-05,34.36,35.84,34.31,35.59,27152215
1301,2025-05-06,35.79,36.38,35.15,35.69,17754701
1301,2025-05-07,35.99,36.63,35.64,36.19,20179066
1301,2025-05-08,35.74,35.84,35.1,35.15,15554296
1301,2025-05-09,35.3,35.89,34.9,35.84,11778643
1301,2025-05-12,36.19,36.73,36.09,36.19,10137327
1301,2025-05-13,36.58,36.58,35.3,35.5,15583073
1301,2025-05-14,35.74,36.68,35.69,36.38,15994376
1301,2025-05-15,36.38,36.43,35.94,36.19,7114826
1301,2025-05-16,36.28,36.68,36.04,36.48,9454179
1301,2025-05-19,36.63,36.73,35.89,36.33,8843817
1301,2025-05-20,36.53,36.58,36.09,36.38,5692087
1301,2025-05-21,36.48,36.58,35.94,36.33,7491757
1301,2025-05-22,36.09,36.09,35.45,35.5,8918865
1301,2025-05-23,35.5,36.09,35.5,35.84,6776791
1301,2025-05-26,35.99,36.33,35.45,35.55,9264666
1301,2025-05-27,35.55,36.14,35.0,35.0,11649305
1301,2025-05-28,35.4,35.55,34.85,35.15,8998057
1301,2025-05-29,35.4,35.4,34.21,34.21,17711249
1301,2025-06-02,34.02,34.02,32.49,32.74,22526924
1301,2025-06-03,33.03,33.47,32.74,32.88,8601450
1301,2025-06-04,33.13,33.62,33.08,33.18,9295764
1301,2025-06-05,33.18,33.97,32.88,33.82,8840359
1301,2025-06-06,33.82,34.9,33.62,34.81,10639630
1301,2025-06-09,35.1,35.1,34.26,34.81,6067175
1301,2025-06-10,34.56,35.99,34.56,35.25,14589180
1301,2025-06-11,35.4,35.64,34.9,35.45,6098863
1301,2025-06-12,35.45,36.19,35.4,35.84,10349370
1301,2025-06-13,36.14,36.38,35.25,36.24,19017994
1301,2025-06-16,36.48,37.81,35.55,36.97,35071589
1301,2025-06-17,37.02,37.07,35.4,35.5,23830738
1301,2025-06-18,35.74,35.84,34.9,35.05,12554401
1301,2025-06-19,35.0,35.2,33.92,33.92,14953957
1301,2025-06-20,33.97,34.51,33.67,33.72,35444140
1301,2025-06-23,34.02,34.31,33.08,34.26,15602614
1301,2025-06-24,34.12,34.85,33.87,34.71,15023427
1301,2025-06-25,34.81,35.1,34.36,34.56,8839047
1301,2025-06-26,34.61,35.79,34.61,35.0,15433087
1301,2025-06-27,35.25,35.5,34.36,34.76,13572319
1301,2025-06-30,34.51,34.71,33.87,34.36,11742017
1301,2025-07-01,34.36,35.5,34.36,35.1,12397760
1301,2025-07-02,34.85,35.55,34.85,35.5,7364013
1301,2025-07-03,35.4,36.04,35.4,35.79,10246955
1301,2025-07-04,35.79,36.04,35.55,35.79,5297052
1301,2025-07-07,35.64,35.69,34.51,34.71,10403247
1301,2025-07-08,34.9,35.2,34.07,34.12,8293320
1301,2025-07-09,34.07,34.21,33.72,33.72,8416459
1301,2025-07-10,34.07,34.31,33.72,34.02,5721054
1301,2025-07-11,33.62,33.82,32.93,33.52,13131830
1301,2025-07-14,33.72,35.5,33.72,35.2,25771438
1301,2025-07-15,35.75,37.2,35.6,35.95,39899145
1301,2025-07-16,36.0,36.35,35.3,35.4,20833731
1301,2025-07-17,35.7,37.9,35.55,37.75,46356769
1301,2025-07-18,38.0,39.45,37.85,38.8,57726932
1301,2025-07-21,38.5,39.5,38.45,38.9,29810506
1301,2025-07-22,39.1,39.8,38.5,38.95,29116354
1301,2025-07-23,39.0,40.4,38.8,40.2,34083461
1301,2025-07-24,40.6,40.6,38.65,39.3,37132477
1301,2025-07-25,39.3,39.75,38.85,39.25,19990045
1301,2025-07-28,39.3,40.9,38.75,40.05,42130631
1301,2025-07-29,40.15,40.15,38.75,38.8,26692854
1301,2025-07-30,39.05,42.65,39.05,42.65,64209578
1301,2025-07-31,43.15,43.2,41.95,42.65,73565264
1301,2025-08-04,39.55,39.55,37.05,37.85,64074156
1301,2025-08-05,38.25,38.4,37.25,37.45,32940583
1301,2025-08-06,37.45,39.1,37.3,38.4,38863893
1301,2025-08-07,38.4,38.95,38.05,38.2,18567827
1301,2025-08-08,38.15,38.25,37.4,37.55,18479942
1301,2025-08-11,36.95,38.5,36.4,38.45,27669422
1301,2025-08-12,39.0,40.85,38.8,39.7,50809191
1301,2025-08-13,39.9,40.75,39.15,39.3,31769643
1301,2025-08-14,39.7,40.2,39.25,39.3,19482112
1301,2025-08-15,39.5,40.0,38.5,39.75,20629950
1301,2025-08-18,39.9,40.95,39.75,40.4,28491895
1301,2025-08-19,40.8,41.1,39.15,39.2,22542216
1301,2025-08-20,39.05,39.65,38.1,38.1,24323913
1301,2025-08-21,38.55,41.2,38.5,40.55,50645680
1301,2025-08-22,40.9,41.15,40.3,40.3,23632271
1301,2025-08-25,40.8,40.9,39.9,40.0,17915304
1301,2025-08-26,40.3,41.15,39.95,40.75,43826960
1301,2025-08-27,40.45,40.95,40.0,40.0,22230786
1301,2025-08-28,40.2,40.2,39.05,39.1,19012309
1301,2025-08-29,39.2,39.6,38.55,38.95,18947981
1301,2025-09-01,38.55,38.9,38.1,38.8,17720143
1301,2025-09-02,38.9,39.25,38.0,38.05,15670167
1301,2025-09-03,38.05,38.4,37.7,37.75,12623564
1301,2025-09-04,38.1,38.65,37.8,38.25,9410321
1301,2025-09-05,38.25,38.7,37.4,37.8,15171919
1301,2025-09-08,38.0,38.5,37.8,38.15,8464637
1301,2025-09-09,38.0,38.7,37.85,38.15,11988261
1301,2025-09-10,38.4,38.4,37.8,38.15,10059075
1301,2025-09-11,38.05,38.1,37.45,37.45,13958908
1301,2025-09-12,37.45,37.95,37.45,37.7,8167504
1301,2025-09-15,38.2,38.3,37.7,37.75,6349252
1301,2025-09-16,38.35,38.45,37.5,37.5,10452147
1301,2025-09-17,37.5,38.2,37.4,37.4,10311004
1301,2025-09-18,37.45,37.65,37.35,37.35,7425989
1301,2025-09-19,37.5,38.5,37.45,38.4,17016897
1301,2025-09-22,38.6,38.7,38.05,38.65,10513517
1301,2025-09-23,38.75,39.2,38.5,38.6,11509298
1301,2025-09-24,38.85,38.85,37.9,38.05,8773101
1301,2025-09-25,38.05,39.0,38.0,38.9,15577500
1301,2025-09-26,38.9,38.95,38.0,38.4,8295192
1301,2025-09-30,38.85,39.2,38.5,38.55,10012699
1301,2025-10-01,38.6,38.95,38.25,38.25,6331142
1301,2025-10-02,38.55,38.55,37.5,37.5,12138965
1301,2025-10-03,37.55,37.55,36.4,36.65,19850558
1301,2025-10-07,36.55,38.15,36.25,37.5,22707500
1301,2025-10-08,37.6,38.75,37.6,38.75,17565561
1301,2025-10-09,38.75,39.4,38.55,39.15,24070827
1301,2025-10-13,38.4,38.45,37.55,38.2,16739422
1301,2025-10-14,38.3,38.65,37.35,37.35,17188078
1301,2025-10-15,37.5,37.6,36.7,37.0,13327739
1301,2025-10-16,37.0,37.85,37.0,37.45,8495448
1301,2025-10-17,37.4,39.65,37.35,38.9,28929163
1301,2025-10-20,39.05,39.7,38.6,38.85,12563945
1301,2025-10-21,39.1,39.35,38.35,38.45,9275177
1301,2025-10-22,38.45,39.45,38.45,38.95,11133302
1301,2025-10-23,39.25,40.8,38.85,40.2,38661398
1301,2025-10-27,40.8,41.25,39.9,40.0,22746510
1301,2025-10-28,40.0,40.2,39.15,39.7,17040874
1301,2025-10-29,39.8,39.85,39.15,39.15,9215578
1301,2025-10-30,39.5,39.65,38.7,39.2,10877558
1301,2025-10-31,39.3,39.3,38.05,38.1,19164572
1301,2025-11-03,38.1,38.35,37.65,37.7,14300610
1301,2025-11-04,38.05,38.5,37.6,37.65,15317545
1301,2025-11-05,37.4,37.45,36.5,36.85,32496357
1301,2025-11-06,36.95,37.55,36.7,37.35,17318508
1301,2025-11-07,37.35,39.1,37.1,38.6,25303848
1301,2025-11-10,38.6,39.25,38.0,39.0,16496751
1301,2025-11-11,39.25,41.0,39.05,39.9,41932308
1301,2025-11-12,40.2,41.9,39.6,41.35,55564352
1301,2025-11-13,41.4,44.1,41.1,42.65,87350192
1301,2025-11-14,42.0,43.1,41.6,42.55,38821497
1301,2025-11-17,42.5,43.95,42.0,43.1,41898180
1301,2025-11-18,42.7,43.1,41.3,41.5,37711396
1301,2025-11-19,41.0,41.25,40.05,40.05,31721098
1301,2025-11-20,40.85,42.25,40.4,41.3,22570110
1301,2025-11-21,40.6,41.15,39.8,40.0,20451407
1301,2025-11-24,40.35,40.85,39.6,40.5,18749000
1301,2025-11-25,41.0,41.0,38.4,38.9,30094624
1301,2025-11-26,39.05,39.7,38.9,39.5,12774080
1301,2025-11-27,39.45,41.75,39.45,41.55,29781864
1301,2025-11-28,41.6,42.25,41.15,41.65,22444793
1301,2025-12-01,41.65,42.6,41.65,41.9,22925888
1301,2025-12-02,42.2,44.4,42.05,43.45,45595117
1301,2025-12-03,43.8,44.6,43.05,43.85,42925203
1301,2025-12-04,44.5,44.8,42.25,42.8,32683731
1301,2025-12-05,42.6,42.6,41.6,42.15,17821176
1301,2025-12-08,42.15,42.3,41.5,41.9,11637777
1301,2025-12-09,41.45,41.5,40.25,40.3,25941604
1301,2025-12-10,40.3,40.6,39.8,39.8,15903142
1301,2025-12-11,40.0,40.2,39.45,39.85,14728322
1301,2025-12-12,40.25,40.4,39.7,39.9,14038789
1301,2025-12-15,39.75,41.4,39.55,40.9,23121033
1301,2025-12-16,40.75,41.15,40.1,40.15,16754621
1301,2025-12-17,40.8,41.15,39.7,39.9,16852246
1301,2025-12-18,40.35,40.65,39.65,39.65,12537245
1301,2025-12-19,40.0,40.25,39.8,40.0,9987990
1301,2025-12-22,40.2,40.55,40.1,40.15,8313591
1301,2025-12-23,40.3,40.5,39.65,40.1,9373883
1301,2025-12-24,40.35,40.45,39.7,39.75,9200149
1301,2025-12-26,40.05,40.05,39.65,39.75,5276149
1301,2025-12-29,39.85,40.35,39.4,39.5,14551550
1301,2025-12-30,39.6,39.65,38.7,39.1,15851514
1301,2025-12-31,39.2,39.4,38.8,39.0,10541113
1301,2026-01-02,39.3,39.3,38.2,38.45,20186529
1301,2026-01-05,38.45,38.65,37.9,38.0,16596635
1301,2026-01-06,38.0,38.8,38.0,38.2,18526842
1301,2026-01-07,38.55,41.1,38.55,40.65,53686914
1301,2026-01-08,41.4,43.5,41.3,41.7,64787162
1301,2026-01-09,42.55,43.7,40.5,41.0,48130373
1301,2026-01-12,41.85,42.45,40.95,41.5,26761436
1301,2026-01-13,40.75,40.8,39.65,40.2,41156243
1301,2026-01-14,40.2,41.15,40.05,41.05,24449573
1301,2026-01-15,40.95,42.8,40.9,42.6,57631904
1301,2026-01-16,42.9,43.4,42.6,43.0,42626066
1301,2026-01-19,43.0,43.95,42.35,43.7,34107182
1301,2026-01-20,43.0,43.6,42.25,42.4,25769422
1301,2026-01-21,42.0,42.7,41.6,41.85,16086196
1301,2026-01-22,42.3,43.7,42.25,43.6,35959685
1301,2026-01-23,43.8,45.0,43.5,44.4,46030319
1301,2026-01-26,44.9,48.8,44.85,48.8,88903464
1301,2026-01-27,51.2,52.1,48.85,51.0,190828298
1301,2026-01-28,51.3,52.8,50.5,51.3,94528372
1301,2026-01-29,51.7,52.4,49.1,49.3,65221018
1301,2026-01-30,49.6,50.1,47.15,47.3,48473195
1301,2026-02-02,46.55,46.9,43.7,44.3,47071195
1301,2026-02-03,45.0,45.85,44.7,44.95,27649813
1301,2026-02-04,44.95,47.45,44.85,46.85,27336111
1301,2026-02-05,47.2,47.95,46.8,47.2,25503022
1301,2026-02-06,46.95,47.55,45.3,45.75,37334688
1301,2026-02-09,46.2,47.4,45.65,46.65,27488086
1301,2026-02-10,46.9,46.95,45.0,45.4,22621808
1301,2026-02-11,45.55,46.9,45.4,46.5,22588689
1301,2026-02-23,47.1,47.4,46.4,47.05,25724076
1301,2026-02-24,47.65,48.95,46.9,48.6,33916823
1301,2026-02-25,49.25,53.4,49.0,53.4,105201859
1301,2026-02-26,53.0,53.2,50.9,51.6,68478784
1301,2026-03-02,53.7,54.5,50.6,50.7,87362057
1301,2026-03-03,51.0,52.5,49.3,49.95,37291767
1301,2026-03-04,49.25,49.95,46.7,46.95,39003862
1301,2026-03-05,48.4,48.4,46.3,47.4,30729842
1301,2026-03-06,46.75,50.3,46.75,50.2,38588191
1301,2026-03-09,53.4,54.8,46.1,47.35,151359438
1301,2026-03-10,47.2,48.3,46.2,46.5,42654840
1301,2026-03-11,47.0,47.3,46.0,47.15,22500244
1301,2026-03-12,47.7,48.0,45.05,46.25,45918551
1301,2026-03-13,45.2,46.6,45.1,45.5,26397657
1301,2026-03-16,46.1,47.4,45.85,46.85,36589871
1301,2026-03-17,47.05,47.65,46.4,46.45,23413055
1301,2026-03-18,46.7,47.85,46.65,47.3,30486133
1301,2026-03-19,47.95,50.5,46.9,48.6,66611958
1301,2026-03-20,49.0,49.7,47.35,47.6,43312732
1301,2026-03-23,47.25,48.0,44.75,44.75,47182243
1301,2026-03-24,45.35,45.65,44.65,45.05,15330808
1301,2026-03-25,45.95,46.4,45.0,45.65,16668883
1301,2026-03-26,46.0,48.75,46.0,47.45,39713774
1301,2026-03-27,48.0,48.15,46.75,46.9,19650252
1301,2026-03-30,46.6,49.3,46.5,48.25,58985551
1301,2026-03-31,48.3,48.8,45.5,45.9,45083426
1301,2026-04-01,46.5,47.2,46.2,46.65,21805146
1301,2026-04-02,46.6,46.85,45.75,45.9,17233360
1301,2026-04-07,46.6,48.4,46.35,47.5,30370993
1301,2026-04-08,47.2,47.25,46.05,47.2,29665051
1301,2026-04-09,47.1,47.95,46.8,47.4,21025076
1301,2026-04-10,47.9,47.9,46.4,46.95,15631075
1301,2026-04-13,47.5,51.6,47.15,51.4,89341438
1301,2026-04-14,51.2,55.5,50.6,54.3,112897938
1301,2026-04-15,54.3,54.4,51.9,52.3,45672581
1301,2026-04-16,53.0,54.5,51.7,54.5,40305153
1301,2026-04-17,54.8,56.3,52.8,53.4,34122434
1301,2026-04-20,54.0,54.5,51.9,52.6,22114986
1301,2026-04-21,52.7,53.0,51.6,51.8,20994130
1301,2026-04-22,52.0,52.5,51.2,51.9,15142188
1301,2026-04-23,51.9,52.1,49.85,51.0,28700439
1301,2026-04-24,51.0,51.3,49.2,50.2,25838310
1301,2026-04-27,49.7,51.1,49.45,50.3,16059635
1301,2026-04-28,50.5,52.2,50.5,51.1,17495122
1301,2026-04-29,51.7,52.4,51.0,51.0,19975676
1301,2026-04-30,51.2,52.1,50.6,51.5,20595698
1301,2026-05-04,51.8,52.2,50.8,50.8,12652936
1301,2026-05-05,50.8,51.9,50.5,51.3,17120574
1301,2026-05-06,51.8,52.0,50.6,50.7,20648556
1301,2026-05-07,50.7,50.8,49.35,49.55,27459450
1301,2026-05-08,51.0,51.3,48.15,48.55,38163997
1301,2026-05-11,48.0,51.0,47.95,49.25,18657955
1301,2026-05-12,49.55,49.55,47.6,47.65,25676256
1301,2026-05-13,47.65,47.7,46.85,46.9,15603122
1301,2026-05-14,46.85,47.1,46.0,46.1,18320813
1301,2026-05-15,46.2,46.5,45.35,45.7,17001006
1301,2026-05-18,45.7,46.2,45.5,45.9,11927356
1301,2026-05-19,46.2,46.7,45.9,45.95,12389007
1301,2026-05-20,45.95,46.1,45.0,45.4,18767752
1301,2026-05-21,45.75,46.3,45.35,45.75,14563232
1301,2026-05-22,45.85,45.95,45.2,45.25,12192417
1301,2026-05-25,45.45,45.5,44.2,44.8,21242482
1301,2026-05-26,44.7,45.7,44.2,44.75,21964926
1301,2026-05-27,44.95,46.1,44.9,45.45,21602376
1301,2026-05-28,45.8,45.85,44.8,45.05,16712131
1301,2026-05-29,45.45,47.9,45.45,47.45,45600737
1301,2026-06-01,47.9,50.3,46.4,50.0,65520183
1301,2026-06-02,49.75,51.1,49.15,50.9,51940132
1301,2026-06-03,51.4,53.4,50.7,52.0,49641367
1301,2026-06-04,52.0,53.1,50.6,50.8,50271050
1301,2026-06-05,51.0,51.0,48.6,48.9,27113652
1301,2026-06-08,45.5,46.1,45.15,45.85,32543971
1301,2026-06-09,45.5,45.95,45.15,45.55,24690481
1301,2026-06-10,45.3,45.5,44.4,44.4,31995639
1301,2026-06-11,44.4,44.85,43.1,43.8,30303951
1301,2026-06-12,44.55,45.45,44.55,45.25,21404748
1301,2026-06-15,45.8,47.35,45.45,47.25,36007074
1301,2026-06-16,47.3,48.65,46.65,46.75,25959539
1301,2026-06-17,46.7,48.0,46.35,47.95,18564168
1301,2026-06-18,48.4,51.8,48.4,51.7,188065545
2002,2024-06-18,22.71,22.81,22.62,22.67,20998113
2002,2024-06-19,22.76,22.86,22.67,22.76,22013937
2002,2024-06-20,22.86,23.0,22.86,22.96,27199094
2002,2024-06-21,23.05,23.1,22.86,22.86,73101591
2002,2024-06-24,22.86,22.86,22.62,22.67,23798792
2002,2024-06-25,22.71,22.76,22.52,22.57,25613862
2002,2024-06-26,22.57,22.57,22.33,22.33,42058481
2002,2024-06-27,22.28,22.42,22.28,22.33,24330051
2002,2024-06-28,22.33,22.47,22.33,22.38,20433024
2002,2024-07-01,22.42,22.42,22.33,22.33,15491542
2002,2024-07-02,22.33,22.38,22.28,22.28,27698954
2002,2024-07-03,22.33,22.42,22.28,22.38,18559951
2002,2024-07-04,22.47,22.76,22.42,22.76,22464780
2002,2024-07-05,22.81,22.86,22.67,22.81,13081563
2002,2024-07-08,22.81,22.81,22.62,22.76,17590997
2002,2024-07-09,22.67,22.71,22.47,22.47,18318869
2002,2024-07-10,22.38,22.42,22.28,22.33,30401460
2002,2024-07-11,22.33,22.38,22.28,22.33,20032212
2002,2024-07-12,22.28,22.57,22.28,22.38,20452160
2002,2024-07-15,22.42,22.67,22.42,22.67,16421055
2002,2024-07-16,22.67,22.67,22.38,22.38,19770869
2002,2024-07-17,22.42,22.62,22.42,22.62,13450152
2002,2024-07-18,22.71,22.86,22.57,22.76,28548483
2002,2024-07-19,22.71,22.76,22.38,22.62,22809555
2002,2024-07-22,22.52,22.57,22.28,22.38,26506583
2002,2024-07-23,22.38,22.52,22.38,22.42,15851825
2002,2024-07-26,22.67,22.67,22.42,22.52,36089954
2002,2024-07-29,22.62,22.62,22.47,22.52,13744725
2002,2024-07-30,22.57,22.72,22.52,22.72,18623653
2002,2024-07-31,22.72,22.82,22.57,22.82,17539925
2002,2024-08-01,22.82,22.92,22.72,22.77,14739581
2002,2024-08-02,22.72,22.72,22.47,22.62,25396767
2002,2024-08-05,22.33,22.37,21.24,21.59,52881462
2002,2024-08-06,21.59,21.78,21.0,21.74,45363301
2002,2024-08-07,21.64,22.03,21.64,21.93,19761273
2002,2024-08-08,21.64,21.88,21.59,21.74,16642939
2002,2024-08-09,21.83,22.23,21.83,21.93,36733403
2002,2024-08-12,21.93,22.23,21.88,21.88,15328307
2002,2024-08-13,21.93,21.93,21.69,21.74,14890056
2002,2024-08-14,22.03,22.82,21.98,22.33,46985458
2002,2024-08-15,22.62,22.72,21.88,21.93,32030892
2002,2024-08-16,22.13,22.13,21.83,21.93,28270064
2002,2024-08-19,21.93,21.93,21.64,21.64,30746799
2002,2024-08-20,21.69,21.69,21.54,21.59,17553125
2002,2024-08-21,21.64,21.74,21.54,21.59,13965649
2002,2024-08-22,21.69,22.08,21.64,21.93,18339991
2002,2024-08-23,21.83,21.88,21.69,21.78,8288892
2002,2024-08-26,21.83,21.98,21.78,21.98,10719343
2002,2024-08-27,21.88,22.03,21.78,22.03,12244387
2002,2024-08-28,22.03,22.08,21.88,21.98,11047355
2002,2024-08-29,21.98,21.98,21.83,21.93,9940891
2002,2024-08-30,21.93,22.08,21.88,21.88,34082081
2002,2024-09-02,21.98,22.03,21.74,21.74,9825238
2002,2024-09-03,21.78,21.78,21.54,21.54,20712106
2002,2024-09-04,21.05,21.15,20.65,20.85,43822474
2002,2024-09-05,20.85,20.9,20.7,20.75,20106391
2002,2024-09-06,20.75,20.75,20.41,20.7,20839298
2002,2024-09-09,20.26,20.36,20.01,20.21,25854930
2002,2024-09-10,20.21,20.26,20.06,20.06,17927808
2002,2024-09-11,20.06,20.06,19.77,19.87,26669010
2002,2024-09-12,19.97,20.36,19.92,20.31,20063625
2002,2024-09-13,20.31,20.75,20.26,20.7,16974538
2002,2024-09-16,20.75,21.24,20.65,21.05,20504441
2002,2024-09-18,21.05,21.29,21.0,21.24,19962141
2002,2024-09-19,20.95,21.05,20.75,20.95,20435020
2002,2024-09-20,20.95,21.19,20.8,20.8,73952724
2002,2024-09-23,20.85,21.0,20.75,20.9,18151380
2002,2024-09-24,20.8,21.0,20.65,20.95,19331513
2002,2024-09-25,21.15,21.54,21.15,21.49,39736092
2002,2024-09-26,21.59,21.59,21.34,21.39,19038283
2002,2024-09-27,21.59,23.06,21.49,22.72,99192277
2002,2024-09-30,23.06,23.41,22.67,22.77,82548478
2002,2024-10-01,23.11,23.11,22.67,22.96,28623128
2002,2024-10-04,23.41,23.51,23.21,23.31,74666724
2002,2024-10-07,23.31,23.41,23.21,23.41,44566283
2002,2024-10-08,23.31,23.55,23.21,23.31,47282616
2002,2024-10-09,23.31,23.41,22.33,22.33,42538757
2002,2024-10-11,22.47,22.62,22.33,22.33,11101852
2002,2024-10-14,22.42,22.42,21.88,21.98,17073546
2002,2024-10-15,22.03,22.08,21.74,21.98,21110388
2002,2024-10-16,22.03,22.28,21.78,21.78,26016065
2002,2024-10-17,21.83,22.28,21.83,22.08,18745319
2002,2024-10-18,22.23,22.62,22.08,22.57,25719516
2002,2024-10-21,22.82,22.82,22.23,22.23,19611948
2002,2024-10-22,22.23,22.23,21.93,22.03,16432974
2002,2024-10-23,22.03,22.18,21.93,21.93,9317428
2002,2024-10-24,21.88,22.03,21.74,21.88,9143453
2002,2024-10-25,21.93,22.18,21.93,22.18,9539323
2002,2024-10-28,22.18,22.42,22.03,22.37,12019987
2002,2024-10-29,22.33,22.33,21.98,22.23,15164068
2002,2024-10-30,22.23,22.28,21.98,22.13,13025155
2002,2024-11-01,21.93,22.47,21.78,22.33,30859324
2002,2024-11-04,22.18,22.42,22.13,22.33,11997895
2002,2024-11-05,22.33,22.52,22.33,22.52,15793925
2002,2024-11-06,22.47,22.72,22.28,22.72,19837656
2002,2024-11-07,22.77,23.21,22.72,22.77,27834021
2002,2024-11-08,22.87,23.01,22.72,22.87,20621204
2002,2024-11-11,22.82,22.82,22.42,22.82,17155975
2002,2024-11-12,22.37,22.42,21.93,21.93,33607262
2002,2024-11-13,21.83,22.13,21.78,22.08,16126972
2002,2024-11-14,21.98,22.03,21.74,21.88,14751280
2002,2024-11-15,21.83,22.08,21.69,21.69,20532127
2002,2024-11-18,21.78,22.18,21.69,22.08,17811510
2002,2024-11-19,21.98,22.13,21.88,21.98,13666414
2002,2024-11-20,21.93,21.93,21.93,21.93,13951434
2002,2024-11-21,21.78,21.83,21.69,21.69,11522761
2002,2024-11-22,21.83,21.93,21.74,21.74,7558649
2002,2024-11-25,22.03,22.18,21.78,21.93,31000315
2002,2024-11-26,21.83,21.98,21.74,21.74,8380227
2002,2024-11-27,21.74,21.78,21.39,21.39,19844379
2002,2024-11-28,21.49,21.54,21.15,21.39,12814177
2002,2024-11-29,21.19,21.19,20.85,20.85,24337048
2002,2024-12-02,20.85,21.1,20.85,20.85,14963847
2002,2024-12-03,20.95,21.19,20.9,21.19,15231884
2002,2024-12-04,21.19,21.29,21.05,21.29,13481864
2002,2024-12-05,21.29,21.29,20.85,20.85,12928639
2002,2024-12-06,21.0,21.0,20.75,20.8,11656615
2002,2024-12-09,20.75,20.85,20.65,20.65,16072001
2002,2024-12-10,20.7,20.95,20.65,20.65,14568712
2002,2024-12-11,20.65,20.65,20.31,20.46,20463300
2002,2024-12-12,20.46,20.51,20.16,20.16,21568977
2002,2024-12-13,20.16,20.16,19.87,19.92,23750762
2002,2024-12-16,19.92,19.97,19.67,19.92,32687754
2002,2024-12-17,19.82,19.82,19.67,19.67,22777945
2002,2024-12-18,19.67,19.82,19.67,19.72,19840178
2002,2024-12-19,19.67,19.72,19.47,19.62,20156774
2002,2024-12-20,19.57,19.62,19.47,19.57,29358134
2002,2024-12-23,19.62,19.77,19.57,19.67,18084801
2002,2024-12-24,19.72,19.82,19.62,19.62,14353814
2002,2024-12-25,19.67,19.72,19.57,19.62,12808113
2002,2024-12-26,19.67,19.77,19.62,19.67,10925306
2002,2024-12-27,19.67,19.67,19.57,19.67,12400622
2002,2024-12-30,19.67,19.67,19.52,19.52,14853640
2002,2024-12-31,19.47,19.52,19.23,19.33,20484271
2002,2025-01-02,19.28,19.28,18.83,18.93,29982286
2002,2025-01-03,18.93,18.93,18.69,18.69,26769768
2002,2025-01-06,18.69,19.13,18.59,18.98,29000988
2002,2025-01-07,18.93,18.93,18.64,18.64,31897887
2002,2025-01-08,18.64,18.69,18.39,18.59,27768413
2002,2025-01-09,18.54,18.54,18.29,18.29,26603670
2002,2025-01-10,18.24,18.29,17.95,18.0,33212820
2002,2025-01-13,17.95,17.95,17.56,17.8,47882933
2002,2025-01-14,17.8,18.19,17.8,18.05,28039025
2002,2025-01-15,18.05,18.74,18.05,18.39,36850268
2002,2025-01-16,18.69,18.74,18.49,18.59,24772020
2002,2025-01-17,18.78,19.42,18.74,19.23,51845650
2002,2025-01-20,19.28,19.33,18.98,19.23,27092634
2002,2025-01-21,19.37,19.97,19.28,19.77,44743573
2002,2025-01-22,19.97,20.01,19.67,19.82,26602155
2002,2025-02-03,19.62,19.92,19.47,19.67,30898467
2002,2025-02-04,19.82,19.82,19.28,19.28,22707520
2002,2025-02-05,19.47,19.67,19.28,19.28,18486161
2002,2025-02-06,19.57,19.67,19.37,19.57,12761054
2002,2025-02-07,19.57,19.57,19.23,19.33,13201339
2002,2025-02-10,19.33,19.97,19.33,19.72,36066438
2002,2025-02-11,19.82,19.87,19.47,19.57,23362366
2002,2025-02-12,19.67,19.87,19.57,19.77,18503496
2002,2025-02-13,19.87,21.74,19.77,21.54,119595595
2002,2025-02-14,21.64,23.11,21.34,22.87,253034762
2002,2025-02-17,23.01,23.06,22.23,22.47,91729878
2002,2025-02-18,22.28,22.37,21.83,22.03,54531539
2002,2025-02-19,22.08,22.42,21.98,21.98,36575774
2002,2025-02-20,22.23,22.72,22.18,22.28,38025520
2002,2025-02-21,22.42,22.72,22.28,22.62,41150889
2002,2025-02-24,22.57,23.01,22.37,22.82,49971882
2002,2025-02-25,22.72,23.51,22.62,23.51,106905382
2002,2025-02-26,23.55,23.6,23.21,23.41,60750115
2002,2025-02-27,23.51,23.95,23.41,23.95,119756768
2002,2025-03-03,23.21,23.7,22.96,23.6,77102239
2002,2025-03-04,23.36,23.41,22.92,23.21,53062588
2002,2025-03-05,23.21,23.8,23.06,23.7,59479308
2002,2025-03-06,23.8,24.19,23.6,23.85,74512701
2002,2025-03-07,23.75,24.1,23.6,23.85,35819298
2002,2025-03-10,23.95,24.49,23.8,24.29,91427684
2002,2025-03-11,24.05,24.14,23.46,23.9,54721556
2002,2025-03-12,24.0,24.19,23.46,23.75,38900145
2002,2025-03-13,23.75,23.75,23.16,23.31,35858175
2002,2025-03-14,23.41,23.9,23.36,23.9,43648906
2002,2025-03-17,23.8,23.85,23.51,23.7,25190438
2002,2025-03-18,23.75,23.85,23.6,23.75,23698389
2002,2025-03-19,23.6,23.8,23.51,23.7,25448054
2002,2025-03-20,23.9,23.95,23.65,23.95,40438710
2002,2025-03-21,23.95,23.95,23.21,23.41,61489340
2002,2025-03-24,23.41,23.55,23.21,23.31,24386085
2002,2025-03-25,23.51,23.55,22.67,22.72,37870508
2002,2025-03-26,22.72,22.96,22.47,22.82,28161129
2002,2025-03-27,22.72,23.06,22.62,23.06,19019040
2002,2025-03-28,23.16,23.16,22.42,22.62,29464935
2002,2025-03-31,22.28,22.57,22.03,22.03,34412583
2002,2025-04-01,22.13,22.72,22.13,22.57,21369739
2002,2025-04-02,22.62,22.67,22.28,22.47,18698067
2002,2025-04-07,20.26,20.26,20.26,20.26,13710207
2002,2025-04-08,20.75,20.75,19.77,20.11,61498054
2002,2025-04-09,19.57,19.77,18.49,18.69,94051266
2002,2025-04-10,20.56,20.56,20.56,20.56,14773219
2002,2025-04-11,20.46,20.46,19.92,20.11,51700756
2002,2025-04-14,20.56,21.24,20.46,20.8,40042484
2002,2025-04-15,20.85,21.15,20.85,21.0,14913585
2002,2025-04-16,20.7,20.85,20.31,20.56,23407071
2002,2025-04-17,20.56,20.56,20.16,20.16,14189286
2002,2025-04-18,20.21,20.26,19.97,20.06,12815724
2002,2025-04-21,20.06,20.06,19.67,19.67,15333739
2002,2025-04-22,19.62,19.97,19.47,19.87,12858651
2002,2025-04-23,20.06,20.31,19.97,20.31,14413916
2002,2025-04-24,20.26,20.36,20.11,20.16,10084926
2002,2025-04-25,20.21,20.36,19.97,19.97,16507567
2002,2025-04-28,20.06,20.31,19.97,20.11,15140803
2002,2025-04-29,20.16,20.36,19.92,20.31,16489059
2002,2025-04-30,20.11,20.31,20.06,20.31,15292724
2002,2025-05-02,20.31,20.36,20.11,20.36,11857308
2002,2025-05-05,20.56,21.0,20.51,20.8,33151076
2002,2025-05-06,21.15,21.88,21.1,21.54,48074567
2002,2025-05-07,21.59,21.74,21.15,21.19,22903143
2002,2025-05-08,21.19,21.24,20.9,20.9,18052313
2002,2025-05-09,20.85,21.05,20.56,20.95,20941472
2002,2025-05-12,21.05,21.19,20.9,21.0,14150023
2002,2025-05-13,21.1,21.15,20.8,21.05,17367714
2002,2025-05-14,21.15,21.19,20.95,21.15,14573770
2002,2025-05-15,21.05,21.1,20.65,20.95,22666842
2002,2025-05-16,20.65,20.75,20.6,20.65,20084376
2002,2025-05-19,20.65,20.9,20.51,20.75,25806692
2002,2025-05-20,20.85,21.29,20.8,21.29,26630960
2002,2025-05-21,21.19,21.19,20.6,20.7,36377676
2002,2025-05-22,20.7,20.7,20.06,20.11,33539283
2002,2025-05-23,20.16,20.21,19.72,19.97,38070842
2002,2025-05-26,19.97,20.11,19.72,19.87,24429322
2002,2025-05-27,19.77,20.01,19.67,19.67,21667511
2002,2025-05-28,19.87,19.92,19.62,19.72,26380464
2002,2025-05-29,19.82,19.82,19.42,19.42,76189029
2002,2025-06-02,19.37,19.37,18.74,18.88,46588463
2002,2025-06-03,18.88,19.18,18.88,18.93,20604048
2002,2025-06-04,19.03,19.18,18.88,18.88,26505374
2002,2025-06-05,18.98,19.33,18.88,19.08,14960352
2002,2025-06-06,19.13,19.33,19.08,19.23,15950798
2002,2025-06-09,19.42,19.42,18.93,19.03,15860026
2002,2025-06-10,19.08,19.28,19.03,19.08,19929216
2002,2025-06-11,19.13,19.18,18.98,19.18,15130214
2002,2025-06-12,19.18,19.28,19.03,19.13,14262742
2002,2025-06-13,18.93,18.98,18.74,18.88,25928196
2002,2025-06-16,18.88,18.93,18.69,18.88,15142280
2002,2025-06-17,18.88,18.98,18.78,18.78,13740567
2002,2025-06-18,18.78,18.93,18.78,18.78,16181131
2002,2025-06-19,18.78,18.88,18.59,18.64,25795720
2002,2025-06-20,18.64,18.69,18.29,18.34,42375611
2002,2025-06-23,18.19,18.24,17.95,18.15,24299391
2002,2025-06-24,18.39,18.64,18.34,18.59,19065994
2002,2025-06-25,18.69,18.74,18.44,18.44,16806412
2002,2025-06-26,18.54,18.78,18.49,18.69,23617710
2002,2025-06-27,18.69,18.88,18.69,18.78,18295735
2002,2025-06-30,18.64,18.69,18.44,18.49,17042060
2002,2025-07-01,18.49,18.83,18.44,18.69,18213531
2002,2025-07-02,18.44,18.59,18.39,18.49,14053809
2002,2025-07-03,18.54,19.08,18.54,19.08,30960857
2002,2025-07-04,19.18,19.28,18.88,18.93,12790396
2002,2025-07-07,18.93,18.93,18.54,18.69,14554573
2002,2025-07-08,18.64,18.64,18.34,18.49,21575719
2002,2025-07-09,18.49,18.64,18.39,18.59,17904105
2002,2025-07-10,18.49,18.64,18.44,18.64,13122931
2002,2025-07-11,18.64,18.64,18.49,18.49,14344028
2002,2025-07-14,18.49,18.64,18.44,18.54,14072125
2002,2025-07-15,18.49,18.64,18.44,18.59,22430995
2002,2025-07-16,18.49,18.64,18.44,18.49,15436708
2002,2025-07-17,18.54,18.93,18.54,18.93,22078548
2002,2025-07-18,18.98,19.03,18.69,18.69,17238957
2002,2025-07-21,18.74,18.98,18.74,18.88,14714242
2002,2025-07-22,18.93,19.23,18.83,18.93,21630277
2002,2025-07-23,19.08,19.67,19.03,19.67,52835743
2002,2025-07-24,19.75,19.8,19.45,19.65,20036213
2002,2025-07-25,19.65,20.0,19.55,19.65,19815902
2002,2025-07-28,19.65,19.7,19.25,19.4,21966921
2002,2025-07-29,19.4,19.6,19.2,19.2,14874681
2002,2025-07-30,19.35,19.8,19.25,19.8,26892754
2002,2025-07-31,19.9,19.9,19.35,19.45,23637205
2002,2025-08-04,19.15,19.2,18.75,19.15,19864340
2002,2025-08-05,19.15,19.35,19.1,19.25,14000210
2002,2025-08-06,19.3,19.35,19.15,19.2,14307883
2002,2025-08-07,19.25,19.35,19.2,19.2,12988309
2002,2025-08-08,19.2,19.35,19.1,19.15,15855596
2002,2025-08-11,19.15,19.4,19.05,19.35,18634082
2002,2025-08-12,19.35,19.6,19.35,19.5,20331635
2002,2025-08-13,19.55,19.8,19.45,19.65,34824034
2002,2025-08-14,19.7,19.85,19.6,19.85,27668496
2002,2025-08-15,20.0,20.6,19.8,20.5,65742256
2002,2025-08-18,20.5,20.65,20.2,20.4,38173020
2002,2025-08-19,20.3,20.4,20.05,20.2,23268161
2002,2025-08-20,20.15,20.2,19.85,20.15,28184237
2002,2025-08-21,20.3,20.6,20.25,20.35,23819706
2002,2025-08-22,20.35,20.35,20.05,20.15,19539340
2002,2025-08-25,20.3,20.6,20.25,20.4,24007496
2002,2025-08-26,20.3,20.4,20.0,20.1,43705958
2002,2025-08-27,20.25,20.65,20.25,20.3,31981817
2002,2025-08-28,20.3,20.35,20.1,20.15,20673223
2002,2025-08-29,20.35,20.55,20.05,20.1,26936445
2002,2025-09-01,20.1,20.1,19.8,19.95,25410283
2002,2025-09-02,20.0,20.0,19.7,19.75,17516159
2002,2025-09-03,19.75,20.0,19.4,19.7,43081555
2002,2025-09-04,20.25,20.65,19.7,19.85,73338994
2002,2025-09-05,19.9,20.0,19.5,19.55,34091602
2002,2025-09-08,19.55,19.7,19.4,19.55,21580915
2002,2025-09-09,19.6,19.7,19.4,19.5,25055258
2002,2025-09-10,19.5,19.6,19.3,19.45,27622327
2002,2025-09-11,19.45,19.5,19.15,19.15,36761958
2002,2025-09-12,19.25,19.45,19.25,19.35,20566070
2002,2025-09-15,19.35,19.5,19.2,19.25,20269167
2002,2025-09-16,19.25,19.35,19.2,19.2,18730245
2002,2025-09-17,19.2,19.5,19.2,19.2,25635910
2002,2025-09-18,19.4,19.55,19.35,19.35,25463744
2002,2025-09-19,19.4,19.45,19.25,19.4,31384210
2002,2025-09-22,19.45,19.5,19.35,19.45,19063727
2002,2025-09-23,19.55,19.7,19.45,19.45,21048706
2002,2025-09-24,19.4,19.5,19.3,19.35,14034091
2002,2025-09-25,19.4,19.9,19.35,19.65,35929504
2002,2025-09-26,19.7,19.7,19.45,19.55,16221497
2002,2025-09-30,19.6,19.75,19.4,19.4,25207408
2002,2025-10-01,19.5,19.5,19.3,19.3,17186591
2002,2025-10-02,19.4,19.4,19.2,19.2,26714801
2002,2025-10-03,19.2,19.25,19.0,19.0,28086030
2002,2025-10-07,19.0,19.1,18.9,18.95,31720201
2002,2025-10-08,19.0,19.05,18.9,19.0,20160924
2002,2025-10-09,19.05,19.1,18.9,19.0,28735483
2002,2025-10-13,18.8,19.0,18.5,19.0,36482334
2002,2025-10-14,19.0,19.05,18.85,18.85,35799752
2002,2025-10-15,18.9,19.0,18.7,18.7,27851689
2002,2025-10-16,18.75,18.95,18.75,18.8,14691617
2002,2025-10-17,18.85,19.3,18.8,19.05,28534330
2002,2025-10-20,19.1,19.1,18.85,18.9,19318143
2002,2025-10-21,19.05,19.1,18.75,18.75,25518967
2002,2025-10-22,18.8,18.9,18.7,18.8,13092344
2002,2025-10-23,18.8,18.95,18.7,18.9,11891405
2002,2025-10-27,18.95,19.1,18.85,18.95,19411726
2002,2025-10-28,19.0,19.1,18.85,18.95,20211029
2002,2025-10-29,18.95,18.95,18.7,18.75,18859889
2002,2025-10-30,18.85,18.9,18.7,18.75,16878165
2002,2025-10-31,18.75,18.75,18.6,18.6,23698344
2002,2025-11-03,18.55,18.6,18.3,18.35,30048754
2002,2025-11-04,18.35,18.45,18.15,18.15,35725645
2002,2025-11-05,18.05,18.15,17.9,18.1,30708427
2002,2025-11-06,18.25,18.35,18.15,18.25,23895239
2002,2025-11-07,18.25,18.35,18.2,18.2,19336857
2002,2025-11-10,18.25,18.3,18.1,18.15,23600992
2002,2025-11-11,18.2,18.3,18.1,18.15,20878625
2002,2025-11-12,18.2,18.25,18.1,18.15,23230056
2002,2025-11-13,18.15,18.25,18.05,18.05,29764348
2002,2025-11-14,18.0,18.1,17.85,18.0,29647043
2002,2025-11-17,18.05,18.15,17.9,17.95,32897054
2002,2025-11-18,17.85,17.85,17.6,17.75,29853696
2002,2025-11-19,17.85,17.85,17.65,17.7,26182112
2002,2025-11-20,17.7,17.85,17.6,17.75,21576618
2002,2025-11-21,17.75,17.9,17.65,17.65,30100993
2002,2025-11-24,17.7,18.05,17.7,18.05,59177602
2002,2025-11-25,18.0,18.1,17.8,17.8,23404901
2002,2025-11-26,18.0,18.35,18.0,18.15,30414931
2002,2025-11-27,18.1,18.25,18.05,18.2,17527034
2002,2025-11-28,18.2,18.35,18.1,18.25,20516073
2002,2025-12-01,18.25,18.8,18.25,18.6,34768297
2002,2025-12-02,18.55,18.85,18.5,18.85,27445209
2002,2025-12-03,18.85,19.05,18.7,19.05,42249552
2002,2025-12-04,19.05,19.05,18.75,18.9,22129814
2002,2025-12-05,18.8,18.85,18.6,18.7,16703215
2002,2025-12-08,18.6,18.7,18.45,18.6,20321419
2002,2025-12-09,18.55,18.6,18.4,18.45,15200310
2002,2025-12-10,18.4,18.45,18.3,18.3,14002015
2002,2025-12-11,18.45,18.45,18.2,18.35,22209542
2002,2025-12-12,18.45,18.8,18.45,18.75,27569618
2002,2025-12-15,18.9,19.15,18.75,18.95,52182327
2002,2025-12-16,18.7,18.75,18.5,18.55,34567959
2002,2025-12-17,18.55,18.65,18.4,18.4,27688779
2002,2025-12-18,18.4,18.5,18.2,18.25,23649458
2002,2025-12-19,18.35,18.85,18.3,18.85,48680900
2002,2025-12-22,18.75,18.8,18.5,18.8,25692375
2002,2025-12-23,18.8,18.8,18.6,18.6,17014398
2002,2025-12-24,18.6,18.75,18.55,18.55,12042974
2002,2025-12-26,18.6,18.85,18.6,18.85,18454990
2002,2025-12-29,18.9,19.4,18.9,19.1,59925973
2002,2025-12-30,19.15,19.4,19.05,19.25,46160248
2002,2025-12-31,19.3,19.35,19.0,19.0,23894834
2002,2026-01-02,19.0,19.05,18.7,18.75,34666225
2002,2026-01-05,18.8,18.9,18.55,18.6,37362283
2002,2026-01-06,18.7,18.9,18.45,18.5,35177222
2002,2026-01-07,18.65,19.45,18.6,19.45,101262794
2002,2026-01-08,19.7,19.8,19.1,19.15,66125959
2002,2026-01-09,19.15,19.2,18.9,19.0,37601603
2002,2026-01-12,19.0,19.8,18.95,19.55,78205179
2002,2026-01-13,19.75,19.8,19.35,19.45,49047852
2002,2026-01-14,19.5,19.65,19.35,19.4,32135771
2002,2026-01-15,19.5,19.75,19.35,19.45,52191105
2002,2026-01-16,19.55,19.55,19.2,19.25,35282486
2002,2026-01-19,19.25,19.7,19.05,19.65,76644582
2002,2026-01-20,19.65,19.65,19.15,19.15,59792051
2002,2026-01-21,19.1,19.15,18.9,18.95,45459823
2002,2026-01-22,19.15,19.25,18.9,19.0,26695714
2002,2026-01-23,19.1,19.25,18.95,19.15,31224150
2002,2026-01-26,19.2,19.7,19.15,19.65,83755998
2002,2026-01-27,19.75,19.95,19.35,19.35,55089374
2002,2026-01-28,19.35,19.6,19.25,19.6,49800518
2002,2026-01-29,19.85,21.35,19.8,20.7,251486978
2002,2026-01-30,20.8,21.55,20.35,20.75,235294276
2002,2026-02-02,21.05,21.6,20.8,21.1,191914279
2002,2026-02-03,21.4,21.4,20.6,20.65,100930438
2002,2026-02-04,20.65,21.25,20.15,20.95,87293083
2002,2026-02-05,21.15,21.3,20.8,20.95,45811253
2002,2026-02-06,20.8,20.8,20.25,20.4,51885434
2002,2026-02-09,20.6,20.6,20.2,20.35,37033236
2002,2026-02-10,20.45,20.5,20.25,20.5,22703841
2002,2026-02-11,20.6,21.1,20.6,20.9,59001136
2002,2026-02-23,20.75,20.8,20.35,20.45,62007473
2002,2026-02-24,20.6,20.75,20.45,20.7,59081444
2002,2026-02-25,20.7,21.25,20.5,21.25,100479711
2002,2026-02-26,21.25,21.25,20.6,20.75,78043140
2002,2026-03-02,20.4,20.6,20.15,20.25,59384054
2002,2026-03-03,20.1,20.4,19.9,20.05,51187666
2002,2026-03-04,19.8,19.8,19.1,19.2,72249849
2002,2026-03-05,19.6,19.6,19.2,19.3,42565829
2002,2026-03-06,19.1,19.9,19.1,19.9,34425063
2002,2026-03-09,19.15,19.3,18.8,19.15,63125886
2002,2026-03-10,19.4,19.4,19.15,19.2,27000996
2002,2026-03-11,19.25,19.65,19.2,19.5,32306390
2002,2026-03-12,19.3,19.5,19.25,19.35,39028873
2002,2026-03-13,19.3,19.3,19.05,19.1,37099891
2002,2026-03-16,19.2,19.35,19.05,19.15,34456872
2002,2026-03-17,19.25,19.4,19.15,19.25,26406192
2002,2026-03-18,19.4,19.65,19.3,19.3,38709423
2002,2026-03-19,19.0,19.05,18.8,18.8,105724024
2002,2026-03-20,19.1,19.8,19.05,19.45,101892889
2002,2026-03-23,19.8,19.85,19.05,19.05,79176314
2002,2026-03-24,19.35,19.45,19.1,19.2,31904950
2002,2026-03-25,19.5,19.55,19.25,19.3,33632166
2002,2026-03-26,19.45,19.95,19.35,19.75,72608456
2002,2026-03-27,19.75,19.85,19.5,19.6,25683422
2002,2026-03-30,19.25,19.55,19.1,19.15,65222025
2002,2026-03-31,19.0,19.4,18.85,18.9,67064639
2002,2026-04-01,19.25,19.5,19.1,19.5,38485011
2002,2026-04-02,19.6,19.6,19.35,19.5,28354958
2002,2026-04-07,19.5,19.75,19.4,19.5,31305030
2002,2026-04-08,19.8,19.95,19.55,19.95,47528364
2002,2026-04-09,20.0,20.2,19.95,20.2,59019395
2002,2026-04-10,20.3,20.55,19.95,20.05,45160050
2002,2026-04-13,20.05,20.2,19.85,20.2,28811512
2002,2026-04-14,20.2,20.5,20.1,20.5,49998055
2002,2026-04-15,20.5,20.55,20.05,20.1,40791519
2002,2026-04-16,20.25,20.25,19.85,19.95,46004121
2002,2026-04-17,20.05,20.15,19.95,20.1,26032576
2002,2026-04-20,20.15,20.25,19.85,19.85,29914103
2002,2026-04-21,19.9,19.9,19.7,19.75,23888970
2002,2026-04-22,19.75,19.9,19.5,19.55,31266758
2002,2026-04-23,19.4,19.45,19.0,19.15,66953116
2002,2026-04-24,19.15,19.15,18.9,19.0,43997009
2002,2026-04-27,18.8,18.9,18.7,18.75,61970637
2002,2026-04-28,18.75,18.9,18.7,18.75,51215393
2002,2026-04-29,18.75,19.05,18.7,19.0,44845871
2002,2026-04-30,18.9,18.95,18.7,18.75,40752597
2002,2026-05-04,18.8,18.85,18.6,18.6,45698827
2002,2026-05-05,18.6,18.7,18.45,18.6,35275437
2002,2026-05-06,18.6,18.95,18.5,18.8,57937460
2002,2026-05-07,18.8,18.95,18.65,18.85,50686562
2002,2026-05-08,18.85,18.85,18.6,18.75,36826849
2002,2026-05-11,18.85,18.85,18.55,18.6,48719904
2002,2026-05-12,18.8,18.8,18.5,18.5,46378681
2002,2026-05-13,18.5,18.55,18.3,18.4,41432059
2002,2026-05-14,18.5,18.5,18.3,18.3,36040392
2002,2026-05-15,18.3,18.3,18.15,18.15,36937124
2002,2026-05-18,18.15,18.3,18.05,18.2,31664379
2002,2026-05-19,18.35,18.45,18.1,18.2,33170095
2002,2026-05-20,18.25,18.25,18.05,18.1,28216896
2002,2026-05-21,18.3,18.3,18.1,18.2,30076191
2002,2026-05-22,18.25,18.25,18.1,18.15,33029475
2002,2026-05-25,18.5,19.95,18.5,19.95,208876019
2002,2026-05-26,21.0,21.0,19.4,19.5,280099535
2002,2026-05-27,19.65,19.7,19.0,19.1,96444115
2002,2026-05-28,19.1,19.35,18.8,18.85,84669806
2002,2026-05-29,19.05,19.4,19.0,19.1,79114577
2002,2026-06-01,19.2,19.25,18.9,19.1,66651439
2002,2026-06-02,19.1,19.1,18.8,18.95,70362985
2002,2026-06-03,19.1,19.5,19.05,19.4,111273776
2002,2026-06-04,19.45,19.6,19.2,19.25,74927387
2002,2026-06-05,19.35,19.4,19.1,19.3,52193056
2002,2026-06-08,18.6,18.8,18.5,18.65,112694020
2002,2026-06-09,18.75,18.85,18.6,18.75,54894340
2002,2026-06-10,18.75,19.1,18.65,18.7,44871374
2002,2026-06-11,18.7,18.7,18.4,18.55,53324692
2002,2026-06-12,18.75,19.0,18.65,18.9,57479049
2002,2026-06-15,19.2,19.3,18.85,19.0,69698278
2002,2026-06-16,19.05,19.05,18.65,18.65,61376088
2002,2026-06-17,18.65,18.8,18.6,18.75,44710364
2002,2026-06-18,18.8,19.1,18.75,19.1,382434690
2603,2024-06-18,154.54,154.92,151.48,152.24,17526607
2603,2024-06-19,153.01,156.45,152.63,153.39,29948436
2603,2024-06-20,155.3,157.22,154.54,156.45,19122339
2603,2024-06-21,159.13,160.66,155.69,156.07,33288217
2603,2024-06-24,156.07,157.22,153.01,153.77,22311708
2603,2024-06-25,156.45,156.83,153.01,154.54,22577545
2603,2024-06-26,155.3,155.3,153.01,153.01,35695555
2603,2024-06-27,153.38,158.21,152.98,156.6,36962504
2603,2024-06-28,157.41,158.21,155.4,155.4,15796584
2603,2024-07-01,157.01,158.62,153.79,154.59,21690965
2603,2024-07-02,156.2,157.01,153.38,153.38,22704897
2603,2024-07-03,154.99,158.62,153.79,153.79,26122938
2603,2024-07-04,155.8,155.8,151.37,151.77,21827918
2603,2024-07-05,152.18,152.58,148.15,148.15,28690559
2603,2024-07-08,142.51,143.32,137.28,141.31,57300450
2603,2024-07-09,145.73,146.94,142.51,143.32,30964598
2603,2024-07-10,144.53,145.73,141.71,142.51,18895866
2603,2024-07-11,143.72,144.12,141.71,141.71,15115022
2603,2024-07-12,140.1,140.9,137.68,139.7,22700951
2603,2024-07-15,139.29,140.9,137.28,139.7,19551807
2603,2024-07-16,140.5,141.31,137.68,138.08,16215664
2603,2024-07-17,138.08,138.49,134.46,138.49,57028863
2603,2024-07-18,140.1,140.5,137.68,139.29,21288603
2603,2024-07-19,138.89,138.89,134.46,134.46,26407411
2603,2024-07-22,131.24,132.05,127.62,130.44,36351146
2603,2024-07-23,132.05,136.07,130.84,134.46,21839150
2603,2024-07-26,131.24,133.25,129.63,133.25,16241774
2603,2024-07-29,134.06,134.06,129.63,130.44,18797057
2603,2024-07-30,132.85,134.46,131.24,134.46,18540081
2603,2024-07-31,133.66,137.28,133.25,137.28,15200943
2603,2024-08-01,138.49,141.31,136.88,140.9,22702179
2603,2024-08-02,138.49,142.51,137.68,137.68,28422195
2603,2024-08-05,133.66,133.66,127.22,129.23,40108370
2603,2024-08-06,132.85,139.29,131.24,133.25,37024288
2603,2024-08-07,134.86,142.51,132.85,142.51,28919632
2603,2024-08-08,140.9,141.31,137.28,138.89,21564468
2603,2024-08-09,143.72,144.93,136.88,139.29,40542640
2603,2024-08-12,140.5,145.73,139.7,144.93,30304615
2603,2024-08-13,146.54,146.54,141.71,143.72,22081780
2603,2024-08-14,145.33,148.55,144.93,146.14,37832841
2603,2024-08-15,146.14,150.16,145.73,149.36,27098411
2603,2024-08-16,150.56,150.56,147.75,149.76,18965742
2603,2024-08-19,150.16,150.56,148.55,150.56,11919756
2603,2024-08-20,152.58,154.59,150.97,151.77,17799435
2603,2024-08-21,151.77,152.98,149.76,150.97,15595183
2603,2024-08-22,150.97,152.18,150.56,152.18,8968417
2603,2024-08-23,152.58,153.79,151.37,152.58,12024289
2603,2024-08-26,152.58,155.4,151.37,152.18,18286312
2603,2024-08-27,152.58,152.98,146.94,147.75,24346651
2603,2024-08-28,147.75,148.15,145.73,147.34,10907020
2603,2024-08-29,146.94,148.55,146.14,148.55,9093719
2603,2024-08-30,149.36,151.37,148.55,151.37,17907428
2603,2024-09-02,151.37,151.37,145.73,146.54,22078578
2603,2024-09-03,146.54,148.15,146.54,146.54,9536698
2603,2024-09-04,142.11,145.33,139.29,143.72,23439495
2603,2024-09-05,144.93,146.54,143.72,145.73,11721422
2603,2024-09-06,144.93,146.14,143.32,144.93,9933312
2603,2024-09-09,142.11,144.12,141.31,144.12,14391850
2603,2024-09-10,145.33,146.14,141.71,142.92,11665139
2603,2024-09-11,143.32,147.75,142.51,146.94,15208679
2603,2024-09-12,148.95,149.76,147.34,148.55,12578209
2603,2024-09-13,149.36,150.16,147.75,150.16,10742051
2603,2024-09-16,148.95,149.76,147.34,148.55,9531503
2603,2024-09-18,148.55,152.18,148.55,150.56,19453960
2603,2024-09-19,150.97,152.98,150.16,152.98,18711110
2603,2024-09-20,154.59,154.59,151.37,152.18,14272362
2603,2024-09-23,152.98,157.01,152.18,157.01,26407675
2603,2024-09-24,158.62,165.06,158.21,164.25,60124687
2603,2024-09-25,165.46,168.68,164.25,168.68,44706198
2603,2024-09-26,169.49,172.71,165.06,165.86,48604254
2603,2024-09-27,168.28,170.69,166.27,170.69,30943425
2603,2024-09-30,169.08,169.08,159.82,161.84,36744836
2603,2024-10-01,164.25,166.67,163.45,164.65,15883443
2603,2024-10-04,149.36,152.58,148.95,149.76,61019558
2603,2024-10-07,149.76,151.37,147.34,151.37,18637645
2603,2024-10-08,150.97,152.18,150.56,152.18,10300909
2603,2024-10-09,151.77,151.77,147.75,147.75,21783128
2603,2024-10-11,149.36,150.56,148.95,149.76,9047500
2603,2024-10-14,150.16,151.37,149.76,150.56,8220387
2603,2024-10-15,151.77,152.58,150.56,150.97,8783738
2603,2024-10-16,150.97,154.19,149.76,152.58,14807721
2603,2024-10-17,152.98,159.42,152.98,158.21,21393203
2603,2024-10-18,158.21,159.42,157.01,158.21,9722529
2603,2024-10-21,159.42,165.06,158.62,164.25,22598620
2603,2024-10-22,165.46,168.28,162.64,165.86,23757899
2603,2024-10-23,166.27,167.47,164.65,165.46,14477521
2603,2024-10-24,165.06,167.47,161.84,165.06,22520426
2603,2024-10-25,165.46,168.28,165.46,167.07,13596879
2603,2024-10-28,169.89,170.29,165.46,165.86,16451806
2603,2024-10-29,165.06,165.06,162.64,164.65,15611497
2603,2024-10-30,165.06,167.88,164.65,165.46,10979113
2603,2024-11-01,166.67,171.9,166.27,171.5,46282556
2603,2024-11-04,172.3,172.71,167.88,169.49,24624937
2603,2024-11-05,170.29,176.33,169.49,175.12,30724683
2603,2024-11-06,175.12,175.52,172.3,174.72,19053388
2603,2024-11-07,171.1,173.91,169.08,172.71,29494236
2603,2024-11-08,174.72,177.94,174.32,175.52,25776703
2603,2024-11-11,177.54,177.94,175.12,177.54,17958649
2603,2024-11-12,176.73,179.55,175.93,177.54,22061499
2603,2024-11-13,178.75,179.15,174.72,176.73,22789865
2603,2024-11-14,177.94,179.55,175.52,177.13,36465907
2603,2024-11-15,178.34,184.78,177.94,183.17,44839433
2603,2024-11-18,182.37,183.17,180.36,180.76,21643123
2603,2024-11-19,181.56,190.02,180.36,190.02,44673122
2603,2024-11-20,188.0,188.0,188.0,188.0,43249484
2603,2024-11-21,189.61,194.04,188.81,192.43,25076148
2603,2024-11-22,189.61,192.84,187.6,190.02,23741344
2603,2024-11-25,190.82,191.23,181.97,183.58,51793764
2603,2024-11-26,181.16,185.59,180.36,184.78,25046984
2603,2024-11-27,181.97,183.17,171.5,172.3,66096589
2603,2024-11-28,172.3,176.33,171.1,174.72,23084649
2603,2024-11-29,177.13,178.75,173.91,174.72,23305707
2603,2024-12-02,177.13,179.15,176.33,177.94,14961881
2603,2024-12-03,179.15,184.78,178.34,184.38,24977023
2603,2024-12-04,184.38,185.19,181.16,185.19,15475539
2603,2024-12-05,183.98,184.38,181.97,181.97,10651033
2603,2024-12-06,183.98,186.8,183.58,183.58,12237334
2603,2024-12-09,186.39,191.63,185.99,189.61,35156899
2603,2024-12-10,187.2,188.81,185.19,185.99,19098464
2603,2024-12-11,185.59,187.6,182.77,182.77,14194191
2603,2024-12-12,183.58,185.59,181.16,182.77,11852330
2603,2024-12-13,183.58,186.8,182.77,185.19,13154927
2603,2024-12-16,187.2,187.6,179.55,181.97,16810222
2603,2024-12-17,183.58,187.6,183.17,185.99,16230072
2603,2024-12-18,184.78,186.8,181.97,184.38,21913031
2603,2024-12-19,183.17,187.6,182.77,184.78,20219841
2603,2024-12-20,186.39,188.0,183.98,185.59,28907242
2603,2024-12-23,185.19,185.59,181.16,183.58,30712574
2603,2024-12-24,185.19,190.02,183.58,186.8,34372679
2603,2024-12-25,187.6,188.0,184.38,186.39,24648592
2603,2024-12-26,186.39,187.2,183.58,185.99,24456835
2603,2024-12-27,187.2,187.6,181.97,181.97,18202060
2603,2024-12-30,182.37,184.78,179.95,181.56,11908220
2603,2024-12-31,181.56,183.17,180.76,181.16,8129220
2603,2025-01-02,182.37,185.19,181.97,182.77,12653339
2603,2025-01-03,185.19,187.2,183.58,186.39,14179000
2603,2025-01-06,185.99,187.2,183.98,184.78,12933313
2603,2025-01-07,185.19,185.19,182.77,183.98,12668676
2603,2025-01-08,183.17,185.99,182.37,184.38,11193957
2603,2025-01-09,183.58,183.58,170.69,170.69,59963608
2603,2025-01-10,169.08,173.11,165.46,172.3,33022589
2603,2025-01-13,169.89,171.5,165.06,165.06,26869524
2603,2025-01-14,165.46,169.89,165.46,167.88,12739226
2603,2025-01-15,167.88,168.28,163.45,163.45,14477996
2603,2025-01-16,163.45,164.65,159.02,162.64,31589678
2603,2025-01-17,161.03,163.45,159.82,163.04,11553064
2603,2025-01-20,161.03,161.43,159.42,160.63,9374423
2603,2025-01-21,161.03,164.25,160.63,161.84,10063298
2603,2025-01-22,162.64,164.65,161.43,164.65,9518615
2603,2025-02-03,161.03,166.27,160.63,163.04,14811031
2603,2025-02-04,163.85,163.85,156.2,157.41,20603466
2603,2025-02-05,161.84,165.86,161.03,165.06,18492244
2603,2025-02-06,163.85,165.06,163.85,165.06,5513507
2603,2025-02-07,166.27,167.07,163.85,165.86,11617259
2603,2025-02-10,166.67,168.28,165.46,166.67,13557519
2603,2025-02-11,168.68,171.1,167.47,171.1,14379760
2603,2025-02-12,173.91,175.12,170.69,171.1,16624000
2603,2025-02-13,170.29,173.91,169.49,173.51,8421887
2603,2025-02-14,172.3,173.91,169.89,170.29,14012251
2603,2025-02-17,171.5,173.91,169.89,173.91,8923409
2603,2025-02-18,173.51,175.52,171.9,175.52,9919047
2603,2025-02-19,175.93,175.93,173.51,175.12,6971447
2603,2025-02-20,175.12,176.33,171.9,171.9,11130493
2603,2025-02-21,172.3,173.51,171.5,171.5,9074511
2603,2025-02-24,171.1,178.34,170.69,178.34,24621701
2603,2025-02-25,178.34,178.75,175.93,177.54,11102679
2603,2025-02-26,179.55,180.76,176.73,176.73,9361798
2603,2025-02-27,177.13,179.15,173.91,173.91,18391366
2603,2025-03-03,171.9,175.52,171.5,175.52,9978988
2603,2025-03-04,173.91,176.33,172.3,176.33,7977460
2603,2025-03-05,176.33,177.13,174.32,176.73,7981129
2603,2025-03-06,176.73,178.34,176.33,177.94,8387602
2603,2025-03-07,178.75,183.98,177.94,182.77,26870163
2603,2025-03-10,181.16,182.77,179.55,180.76,14404457
2603,2025-03-11,180.76,184.38,179.15,182.37,25973699
2603,2025-03-12,182.77,187.6,181.16,183.98,26833046
2603,2025-03-13,185.59,187.6,183.58,185.59,30770883
2603,2025-03-14,181.97,184.38,176.73,177.13,65694548
2603,2025-03-17,178.34,185.99,175.12,185.59,45367607
2603,2025-03-18,184.78,187.6,183.17,186.8,20757661
2603,2025-03-19,186.39,186.8,182.37,183.98,16699320
2603,2025-03-20,184.38,184.78,183.17,184.78,11646102
2603,2025-03-21,184.38,184.78,182.77,183.17,15787262
2603,2025-03-24,183.98,184.78,182.77,183.58,6904690
2603,2025-03-25,184.38,185.19,183.58,184.78,8357493
2603,2025-03-26,185.19,185.59,184.38,185.19,7996617
2603,2025-03-27,184.38,185.59,181.16,182.37,15658259
2603,2025-03-28,179.55,182.37,178.75,179.95,15278464
2603,2025-03-31,176.73,179.55,175.93,177.54,15047838
2603,2025-04-01,178.34,182.77,177.54,182.37,12876332
2603,2025-04-02,182.77,182.77,181.56,182.77,7432483
2603,2025-04-07,164.65,164.65,164.65,164.65,3422460
2603,2025-04-08,150.56,155.8,148.55,152.98,51645139
2603,2025-04-09,147.75,150.56,137.68,137.68,45128638
2603,2025-04-10,151.37,151.37,151.37,151.37,6022417
2603,2025-04-11,148.15,166.27,144.53,166.27,67747105
2603,2025-04-14,173.11,180.76,167.47,169.08,73831255
2603,2025-04-15,171.9,174.32,169.89,172.3,23771997
2603,2025-04-16,170.29,171.9,167.88,171.5,13383572
2603,2025-04-17,170.29,170.69,166.27,166.67,14339343
2603,2025-04-18,167.88,172.3,166.67,167.07,17653308
2603,2025-04-21,161.03,164.25,159.42,162.24,20840101
2603,2025-04-22,159.82,162.24,159.02,161.03,13310381
2603,2025-04-23,164.25,168.28,163.45,165.46,12547226
2603,2025-04-24,167.07,167.88,165.06,165.06,7669121
2603,2025-04-25,167.88,168.28,163.45,164.65,9643965
2603,2025-04-28,166.27,166.67,164.65,165.06,6707326
2603,2025-04-29,165.86,167.88,164.25,167.07,8012758
2603,2025-04-30,166.27,166.67,164.66,166.27,7704860
2603,2025-05-02,167.47,171.9,166.27,169.08,13203333
2603,2025-05-05,169.08,169.08,165.86,166.27,11379352
2603,2025-05-06,166.27,168.68,165.46,168.28,8313031
2603,2025-05-07,167.07,167.47,165.46,165.86,8563736
2603,2025-05-08,165.46,167.47,165.46,166.67,5333605
2603,2025-05-09,168.28,169.89,168.28,169.89,10084583
2603,2025-05-12,172.71,175.12,172.3,175.12,14610892
2603,2025-05-13,190.82,191.63,183.58,187.2,54273885
2603,2025-05-14,188.81,197.26,187.2,195.25,57958140
2603,2025-05-15,198.07,202.9,195.25,197.67,47066549
2603,2025-05-16,198.87,213.37,197.67,209.74,77514069
2603,2025-05-19,209.34,211.76,204.51,204.91,37371800
2603,2025-05-20,205.32,207.73,202.9,207.33,24499610
2603,2025-05-21,206.52,208.13,204.51,206.52,20288746
2603,2025-05-22,204.91,211.35,202.9,209.34,29410204
2603,2025-05-23,210.15,213.37,204.51,206.12,27532184
2603,2025-05-26,205.72,207.73,203.71,203.71,11055715
2603,2025-05-27,204.51,205.72,200.08,203.71,15525296
2603,2025-05-28,205.32,205.32,198.87,200.48,17903409
2603,2025-05-29,199.28,200.48,195.65,196.86,22351254
2603,2025-06-02,198.47,198.87,195.65,198.87,14435949
2603,2025-06-03,198.87,203.3,198.07,203.3,14287391
2603,2025-06-04,204.51,206.12,200.48,202.5,25479081
2603,2025-06-05,201.29,201.69,191.63,191.63,49005463
2603,2025-06-06,192.84,194.85,189.21,190.02,30026060
2603,2025-06-09,189.21,192.03,185.99,188.41,30678752
2603,2025-06-10,188.81,190.42,188.41,190.42,23548326
2603,2025-06-11,190.82,194.45,190.42,194.45,28069794
2603,2025-06-12,195.25,195.25,191.23,191.63,21979889
2603,2025-06-13,192.43,195.25,192.03,192.43,31165048
2603,2025-06-16,194.04,195.25,192.03,194.85,34849953
2603,2025-06-17,194.85,197.26,192.43,197.26,47321469
2603,2025-06-18,198.07,199.68,196.46,198.47,59339975
2603,2025-06-19,198.94,201.72,197.08,197.08,58389253
2603,2025-06-20,198.01,198.01,192.44,192.44,23727781
2603,2025-06-23,191.05,191.98,189.2,190.12,19339290
2603,2025-06-24,192.91,195.23,191.98,193.83,15417253
2603,2025-06-25,193.37,194.3,190.59,190.59,16743578
2603,2025-06-26,191.98,193.83,190.12,190.12,14075722
2603,2025-06-27,191.52,192.44,190.12,190.59,9502601
2603,2025-06-30,191.52,191.52,184.56,184.56,25031802
2603,2025-07-01,185.95,189.66,184.56,184.56,16640671
2603,2025-07-02,185.49,187.34,185.02,186.41,6282051
2603,2025-07-03,188.73,189.66,187.34,188.27,9692606
2603,2025-07-04,189.2,190.59,185.95,185.95,8221437
2603,2025-07-07,185.95,185.95,179.46,181.31,16818586
2603,2025-07-08,181.78,182.71,180.85,180.85,8537615
2603,2025-07-09,182.24,184.56,181.31,183.63,9591043
2603,2025-07-10,183.63,183.63,180.39,180.85,11030439
2603,2025-07-11,181.31,183.63,181.31,182.24,8429243
2603,2025-07-14,183.17,186.88,180.85,186.88,14676130
2603,2025-07-15,187.81,188.27,184.1,185.02,10035932
2603,2025-07-16,186.41,190.12,184.1,186.41,40411265
2603,2025-07-17,188.27,188.73,185.95,187.34,10840545
2603,2025-07-18,187.34,188.27,185.49,185.49,11962319
2603,2025-07-21,184.56,185.49,182.71,183.17,9640536
2603,2025-07-22,184.56,185.95,181.78,181.78,9599328
2603,2025-07-23,182.71,185.02,182.71,183.17,6998442
2603,2025-07-24,185.49,188.27,185.02,186.88,10947495
2603,2025-07-25,187.81,189.2,187.34,187.34,7329657
2603,2025-07-28,187.34,187.81,185.02,185.49,5388541
2603,2025-07-29,185.02,186.41,184.1,184.1,5674783
2603,2025-07-30,184.56,185.95,184.1,185.02,3790260
2603,2025-07-31,185.49,185.95,183.17,183.63,7027452
2603,2025-08-04,183.17,183.17,181.31,182.24,9058203
2603,2025-08-05,183.17,183.63,181.78,181.78,8378340
2603,2025-08-06,182.71,183.17,181.78,181.78,5840062
2603,2025-08-07,181.78,182.71,180.39,180.39,12161612
2603,2025-08-08,181.31,183.63,180.85,183.17,6799377
2603,2025-08-11,183.17,183.17,179.92,180.85,8963700
2603,2025-08-12,181.31,184.1,181.31,183.63,8412025
2603,2025-08-13,185.02,185.02,182.24,182.71,8156159
2603,2025-08-14,183.63,185.02,183.17,184.56,7211943
2603,2025-08-15,184.56,185.02,182.71,183.63,8100064
2603,2025-08-18,184.1,185.02,182.24,183.17,7585252
2603,2025-08-19,182.71,182.71,180.39,180.39,12788606
2603,2025-08-20,180.39,180.85,176.68,178.53,15237661
2603,2025-08-21,179.46,181.31,179.0,179.92,5251730
2603,2025-08-22,179.92,179.92,176.68,176.68,10397768
2603,2025-08-25,177.14,177.14,173.89,175.29,13243688
2603,2025-08-26,174.82,176.21,173.43,174.82,11422704
2603,2025-08-27,174.82,175.75,173.43,174.36,9582191
2603,2025-08-28,175.29,178.53,174.36,174.36,11860550
2603,2025-08-29,174.82,174.82,172.04,172.04,12080116
2603,2025-09-01,173.43,174.36,170.65,170.65,9963421
2603,2025-09-02,171.11,172.04,169.26,169.72,9498868
2603,2025-09-03,169.72,171.11,168.79,169.72,6319214
2603,2025-09-04,170.18,172.97,169.72,171.58,8274327
2603,2025-09-05,172.97,173.43,171.58,172.97,5046596
2603,2025-09-08,172.97,174.36,172.04,172.97,6587431
2603,2025-09-09,173.43,173.89,171.11,171.11,7269891
2603,2025-09-10,171.58,172.97,170.65,172.04,6549096
2603,2025-09-11,172.97,172.97,169.72,169.72,7763718
2603,2025-09-12,169.72,172.5,169.72,172.04,5405608
2603,2025-09-15,172.5,172.5,170.18,170.18,5123603
2603,2025-09-16,171.11,172.04,170.18,170.18,5974757
2603,2025-09-17,170.18,172.97,169.72,170.18,7876311
2603,2025-09-18,171.58,171.58,170.18,171.11,4209910
2603,2025-09-19,172.5,175.29,171.58,174.82,11980307
2603,2025-09-22,172.5,172.5,169.72,170.18,15791837
2603,2025-09-23,170.18,170.18,168.79,168.79,11297895
2603,2025-09-24,170.65,170.65,167.4,167.4,8506587
2603,2025-09-25,168.33,169.26,166.94,166.94,8553427
2603,2025-09-26,166.94,167.87,164.62,165.08,10618705
2603,2025-09-30,165.08,166.94,162.3,166.01,11400962
2603,2025-10-01,167.4,167.4,164.62,164.62,5939148
2603,2025-10-02,164.62,166.48,164.62,164.62,5516032
2603,2025-10-03,165.08,168.33,165.08,167.4,6854435
2603,2025-10-07,168.33,168.33,166.48,166.94,7090617
2603,2025-10-08,167.4,168.33,166.01,166.48,5280284
2603,2025-10-09,166.94,166.94,165.55,165.55,5060819
2603,2025-10-13,162.77,166.94,162.3,166.01,10273543
2603,2025-10-14,166.94,179.92,166.94,175.29,54420794
2603,2025-10-15,172.5,173.43,169.26,170.65,23994676
2603,2025-10-16,171.58,172.5,169.72,172.04,9359544
2603,2025-10-17,172.5,178.07,172.5,172.97,19682188
2603,2025-10-20,175.29,175.75,171.11,171.11,11902438
2603,2025-10-21,172.04,172.5,168.79,168.79,11908374
2603,2025-10-22,169.26,171.11,169.26,169.26,6237183
2603,2025-10-23,170.18,172.5,170.18,171.58,6699789
2603,2025-10-27,173.43,173.89,171.58,172.04,8862461
2603,2025-10-28,173.43,174.82,173.43,173.89,8091748
2603,2025-10-29,174.36,177.14,173.89,176.21,12617020
2603,2025-10-30,178.07,186.41,178.07,181.78,48996375
2603,2025-10-31,180.39,183.17,179.46,179.46,20776263
2603,2025-11-03,181.31,182.71,178.53,179.0,9706123
2603,2025-11-04,179.0,180.39,173.89,174.36,14781098
2603,2025-11-05,173.89,174.36,171.58,172.04,9475304
2603,2025-11-06,173.89,176.68,172.97,174.82,5652727
2603,2025-11-07,173.89,176.21,173.43,173.43,5477848
2603,2025-11-10,171.58,171.58,168.79,169.26,10882769
2603,2025-11-11,170.18,170.18,166.94,166.94,10331560
2603,2025-11-12,169.72,174.36,169.72,172.5,13734468
2603,2025-11-13,174.82,175.75,172.5,173.89,12763354
2603,2025-11-14,173.89,177.14,172.04,172.04,15083486
2603,2025-11-17,171.11,171.58,168.33,168.33,9369425
2603,2025-11-18,168.33,170.18,166.48,166.48,12129438
2603,2025-11-19,167.4,170.18,166.48,166.48,7810425
2603,2025-11-20,168.79,171.58,168.33,169.26,7273273
2603,2025-11-21,167.87,169.72,166.48,166.94,7643348
2603,2025-11-24,167.4,167.87,165.55,166.01,9094984
2603,2025-11-25,166.48,168.79,166.48,167.4,5844286
2603,2025-11-26,169.26,171.11,167.87,168.79,8941508
2603,2025-11-27,169.72,170.18,167.4,167.4,6875588
2603,2025-11-28,167.87,168.33,166.48,166.48,6237699
2603,2025-12-01,167.4,169.26,166.94,168.33,4626841
2603,2025-12-02,167.87,169.72,167.4,168.33,6269126
2603,2025-12-03,168.79,170.18,168.33,169.26,3893869
2603,2025-12-04,169.72,171.58,169.72,171.11,8010316
2603,2025-12-05,171.58,171.58,169.26,169.72,5631784
2603,2025-12-08,169.26,169.26,166.48,166.94,9055731
2603,2025-12-09,166.48,166.48,165.08,165.55,8799782
2603,2025-12-10,166.01,166.94,165.08,166.01,6023426
2603,2025-12-11,166.01,167.87,166.01,167.4,5562767
2603,2025-12-12,168.79,170.18,168.33,169.72,9282473
2603,2025-12-15,170.18,171.11,169.26,170.18,7859404
2603,2025-12-16,169.72,171.58,169.26,170.18,7337726
2603,2025-12-17,170.65,171.58,170.18,170.65,5816062
2603,2025-12-18,170.65,171.11,167.87,169.72,5104592
2603,2025-12-19,169.26,172.04,168.79,172.04,9415152
2603,2025-12-22,172.5,172.97,171.11,172.5,7829299
2603,2025-12-23,172.97,172.97,171.58,172.5,6638680
2603,2025-12-24,172.5,175.75,172.04,174.82,10832617
2603,2025-12-26,175.29,178.07,174.36,177.14,14064762
2603,2025-12-29,178.07,178.53,176.21,176.68,8823659
2603,2025-12-30,177.14,177.6,175.29,177.14,6551432
2603,2025-12-31,177.6,177.6,175.75,176.21,7714341
2603,2026-01-02,178.53,180.39,178.07,179.0,14963800
2603,2026-01-05,179.92,179.92,176.21,176.21,9927799
2603,2026-01-06,176.21,178.07,175.75,175.75,5823947
2603,2026-01-07,176.21,182.71,175.75,181.31,19973330
2603,2026-01-08,180.85,182.71,179.46,179.46,9530919
2603,2026-01-09,180.85,181.31,179.46,179.46,10515876
2603,2026-01-12,181.31,181.78,179.46,181.31,7249460
2603,2026-01-13,182.24,183.63,180.39,180.85,11029293
2603,2026-01-14,180.85,181.31,179.92,179.92,7307201
2603,2026-01-15,180.39,181.78,179.92,180.85,5222686
2603,2026-01-16,179.0,179.46,175.75,176.21,22744081
2603,2026-01-19,173.89,176.21,172.04,173.89,14070947
2603,2026-01-20,175.29,179.46,174.82,177.14,10575802
2603,2026-01-21,178.07,180.39,176.68,177.14,13253934
2603,2026-01-22,178.07,179.92,177.6,178.53,8505943
2603,2026-01-23,178.53,178.53,175.29,175.75,8795797
2603,2026-01-26,174.36,175.75,172.97,174.82,9024543
2603,2026-01-27,174.36,176.21,173.43,173.43,10534899
2603,2026-01-28,174.36,178.07,174.36,178.07,12161906
2603,2026-01-29,178.07,179.0,175.75,176.21,7117382
2603,2026-01-30,175.75,177.14,172.5,172.5,11365489
2603,2026-02-02,172.5,172.5,169.72,170.65,8287772
2603,2026-02-03,172.5,173.89,171.58,171.58,7696508
2603,2026-02-04,172.04,175.29,171.11,174.82,5563612
2603,2026-02-05,174.36,175.29,173.43,173.43,4552178
2603,2026-02-06,172.97,173.89,170.65,173.89,4298159
2603,2026-02-09,173.89,174.82,172.5,172.97,4596965
2603,2026-02-10,173.89,174.36,172.5,172.5,5724138
2603,2026-02-11,173.89,173.89,172.5,172.5,5662303
2603,2026-02-23,174.36,177.6,173.89,174.82,17572504
2603,2026-02-24,176.21,178.07,176.21,176.68,9501821
2603,2026-02-25,177.6,179.0,176.68,178.07,14050621
2603,2026-02-26,179.92,183.17,179.92,182.71,24799216
2603,2026-03-02,195.69,198.01,185.49,194.76,48962119
2603,2026-03-03,198.01,203.57,197.08,200.79,56140536
2603,2026-03-04,204.96,206.35,191.98,194.3,64307896
2603,2026-03-05,196.62,204.04,188.27,192.91,39692106
2603,2026-03-06,195.69,196.62,190.12,195.23,16015168
2603,2026-03-09,194.76,200.33,190.12,195.23,47932850
2603,2026-03-10,191.98,194.76,188.73,190.59,23133726
2603,2026-03-11,190.59,196.62,189.2,194.76,17996793
2603,2026-03-12,196.15,197.54,193.83,196.15,11396114
2603,2026-03-13,195.23,196.15,191.98,192.44,13730530
2603,2026-03-16,196.62,203.57,196.62,202.65,40126150
2603,2026-03-17,202.65,202.65,198.47,202.18,14936314
2603,2026-03-18,203.11,204.04,200.79,202.18,11180717
2603,2026-03-19,203.11,205.89,201.72,201.72,13656009
2603,2026-03-20,202.18,202.18,197.08,198.47,23399294
2603,2026-03-23,192.91,193.37,187.81,189.2,18574377
2603,2026-03-24,191.05,191.05,187.34,188.27,7949614
2603,2026-03-25,190.12,191.05,188.27,191.05,8662494
2603,2026-03-26,191.05,191.52,187.81,188.27,5867911
2603,2026-03-27,187.81,189.66,185.02,186.41,9354696
2603,2026-03-30,185.02,191.05,185.02,188.73,9332378
2603,2026-03-31,189.2,190.12,184.1,185.02,10276066
2603,2026-04-01,187.34,190.12,186.41,189.66,7443255
2603,2026-04-02,189.2,189.66,186.41,187.81,5892112
2603,2026-04-07,188.27,189.66,187.81,188.27,4382949
2603,2026-04-08,188.73,188.73,185.49,187.34,13258985
2603,2026-04-09,186.41,188.27,185.49,188.27,6976467
2603,2026-04-10,188.73,189.2,186.88,187.81,8191542
2603,2026-04-13,187.81,188.27,185.49,185.49,8169360
2603,2026-04-14,187.34,187.34,185.95,186.41,7535399
2603,2026-04-15,187.34,189.2,185.95,188.27,9997076
2603,2026-04-16,188.27,189.66,185.49,186.88,13305462
2603,2026-04-17,186.88,186.88,183.63,183.63,14624061
2603,2026-04-20,184.1,184.56,181.78,182.71,13703719
2603,2026-04-21,184.56,187.34,184.1,186.88,11365939
2603,2026-04-22,187.34,188.27,186.41,187.34,8079462
2603,2026-04-23,188.73,189.66,185.02,186.41,13645930
2603,2026-04-24,187.34,187.81,185.02,186.88,9948073
2603,2026-04-27,186.88,187.34,184.56,185.02,8479089
2603,2026-04-28,185.95,186.88,184.56,185.49,8313201
2603,2026-04-29,186.88,188.27,185.95,186.88,5508420
2603,2026-04-30,185.95,188.27,185.49,187.34,6320460
2603,2026-05-04,187.34,193.37,187.34,191.05,13261307
2603,2026-05-05,191.05,195.69,189.66,192.91,11334722
2603,2026-05-06,195.69,198.01,193.83,196.62,13648103
2603,2026-05-07,197.08,198.94,196.15,198.01,10182021
2603,2026-05-08,197.08,198.47,195.69,196.15,12228813
2603,2026-05-11,198.01,199.4,197.08,198.47,8980993
2603,2026-05-12,200.33,200.79,198.01,198.47,8594303
2603,2026-05-13,199.4,199.4,194.3,194.76,9157782
2603,2026-05-14,194.3,197.54,191.98,196.15,8805475
2603,2026-05-15,192.91,193.37,185.95,185.95,24196789
2603,2026-05-18,185.49,185.95,182.71,183.17,17769548
2603,2026-05-19,183.17,185.49,181.31,182.71,16487677
2603,2026-05-20,194.76,200.79,191.98,197.08,47404718
2603,2026-05-21,196.62,198.94,195.23,196.62,20383068
2603,2026-05-22,198.94,203.11,198.47,203.11,29484482
2603,2026-05-25,204.04,205.89,198.47,198.47,30711918
2603,2026-05-26,199.86,202.65,196.15,196.15,27696875
2603,2026-05-27,197.54,200.79,193.83,196.15,33663232
2603,2026-05-28,196.62,199.4,195.69,195.69,27546158
2603,2026-05-29,197.08,200.79,195.69,197.54,30012708
2603,2026-06-01,201.25,208.67,200.79,207.75,34297830
2603,2026-06-02,208.67,214.24,204.5,214.24,35281045
2603,2026-06-03,216.09,224.9,211.92,219.8,38150233
2603,2026-06-04,219.8,223.05,214.24,218.88,26985536
2603,2026-06-05,221.66,223.51,215.17,215.17,23370149
2603,2026-06-08,205.89,211.92,205.89,207.75,22124068
2603,2026-06-09,210.06,211.46,204.96,205.89,22218916
2603,2026-06-10,207.28,209.14,204.96,206.82,21407666
2603,2026-06-11,207.28,210.99,205.89,209.6,22281402
2603,2026-06-12,210.53,215.17,210.06,211.46,18614108
2603,2026-06-15,213.31,213.77,207.28,208.21,20122186
2603,2026-06-16,206.82,206.82,203.11,204.5,31799241
2603,2026-06-17,198.0,198.0,192.0,194.0,58981636
2603,2026-06-18,194.5,196.0,193.0,193.0,15484054
3008,2024-06-18,2460.54,2516.46,2446.56,2479.18,1717542
3008,2024-06-19,2507.14,2507.14,2451.22,2455.88,1016574
3008,2024-06-20,2474.52,2483.84,2451.22,2469.86,452773
3008,2024-06-21,2423.26,2437.24,2385.97,2418.59,1530494
3008,2024-06-24,2423.26,2455.88,2409.27,2427.92,647768
3008,2024-06-25,2437.24,2535.1,2423.26,2535.1,1621449
3008,2024-06-26,2572.38,2614.32,2530.44,2553.74,1595207
3008,2024-06-27,2530.44,2544.42,2493.16,2525.78,883196
3008,2024-06-28,2516.46,2567.72,2516.46,2558.4,966977
3008,2024-07-01,2567.72,2572.38,2507.14,2516.46,526230
3008,2024-07-02,2521.12,2535.1,2474.52,2493.16,599190
3008,2024-07-03,2511.8,2549.08,2474.52,2488.5,496393
3008,2024-07-04,2530.44,2698.2,2530.44,2646.94,2222772
3008,2024-07-05,2656.26,2768.1,2656.26,2698.2,1686584
3008,2024-07-08,2763.44,2898.59,2735.48,2824.02,2542654
3008,2024-07-09,2828.68,2926.55,2805.38,2903.25,2082132
3008,2024-07-10,2935.87,2935.87,2865.97,2898.59,1258196
3008,2024-07-11,2912.57,3005.77,2879.95,2982.47,1539847
3008,2024-07-12,2777.42,2903.25,2735.48,2856.65,2992551
3008,2024-07-15,2917.23,2977.81,2898.59,2907.91,1420118
3008,2024-07-16,2954.51,2963.83,2898.59,2912.57,707797
3008,2024-07-17,2898.59,2907.91,2847.32,2856.65,728770
3008,2024-07-18,2791.4,2875.29,2791.4,2805.38,1089201
3008,2024-07-19,2791.4,2800.72,2670.24,2702.86,2118394
3008,2024-07-22,2674.9,2702.86,2572.38,2637.62,1617019
3008,2024-07-23,2679.56,2693.54,2632.96,2651.6,596968
3008,2024-07-26,2553.74,2609.66,2525.78,2581.7,899417
3008,2024-07-29,2628.3,2651.6,2563.06,2586.36,1030404
3008,2024-07-30,2618.98,2721.5,2581.7,2716.84,1094030
3008,2024-07-31,2679.56,2688.88,2605.0,2623.64,1395840
3008,2024-08-01,2665.58,2674.9,2609.66,2674.9,1190857
3008,2024-08-02,2600.34,2628.3,2558.4,2581.7,946848
3008,2024-08-05,2479.18,2493.16,2367.33,2399.95,1591109
3008,2024-08-06,2549.08,2553.74,2404.61,2502.48,1495735
3008,2024-08-07,2544.42,2632.96,2516.46,2586.36,1039930
3008,2024-08-08,2553.74,2586.36,2507.14,2558.4,743961
3008,2024-08-09,2614.32,2651.6,2563.06,2567.72,888437
3008,2024-08-12,2591.02,2614.32,2553.74,2563.06,719646
3008,2024-08-13,2577.04,2632.96,2577.04,2614.32,776718
3008,2024-08-14,2651.6,2688.88,2637.62,2646.94,1056953
3008,2024-08-15,2618.58,2618.58,2557.13,2566.59,1645406
3008,2024-08-16,2618.58,2694.21,2604.4,2661.12,931052
3008,2024-08-19,2665.85,2750.93,2665.85,2746.2,1103070
3008,2024-08-20,2774.56,2864.37,2769.83,2817.1,1397773
3008,2024-08-21,2831.28,2854.91,2788.74,2821.83,1077062
3008,2024-08-22,2836.01,2850.19,2793.47,2836.01,534945
3008,2024-08-23,2798.19,2906.91,2798.19,2883.27,764620
3008,2024-08-26,2869.09,2939.99,2854.91,2873.82,747665
3008,2024-08-27,2873.82,2902.18,2836.01,2864.37,538802
3008,2024-08-28,2883.27,2944.72,2831.28,2850.19,1066337
3008,2024-08-29,2817.1,3025.07,2807.65,3025.07,2394314
3008,2024-08-30,3039.25,3053.43,2949.45,2949.45,1491365
3008,2024-09-02,2977.81,3043.98,2944.72,2949.45,1394824
3008,2024-09-03,2977.81,2982.53,2897.45,2897.45,798932
3008,2024-09-04,2741.47,2854.91,2732.02,2765.11,1798463
3008,2024-09-05,2817.1,2845.46,2732.02,2765.11,1093602
3008,2024-09-06,2656.39,2661.12,2561.86,2590.22,3778893
3008,2024-09-09,2571.31,2642.21,2538.23,2552.41,1520980
3008,2024-09-10,2609.13,2618.58,2462.6,2476.78,1581394
3008,2024-09-11,2514.59,2561.86,2486.23,2547.68,879622
3008,2024-09-12,2613.85,2618.58,2524.05,2557.13,1127456
3008,2024-09-13,2561.86,2604.4,2538.23,2557.13,512363
3008,2024-09-16,2571.31,2576.04,2481.51,2481.51,770747
3008,2024-09-18,2476.78,2481.51,2363.34,2368.07,1941184
3008,2024-09-19,2368.07,2467.33,2363.34,2462.6,1044122
3008,2024-09-20,2472.05,2528.77,2429.51,2429.51,1094804
3008,2024-09-23,2467.33,2533.5,2443.69,2486.23,579700
3008,2024-09-24,2490.96,2514.59,2434.24,2467.33,779144
3008,2024-09-25,2490.96,2533.5,2476.78,2490.96,872170
3008,2024-09-26,2505.14,2519.32,2462.6,2467.33,750771
3008,2024-09-27,2481.51,2490.96,2438.97,2467.33,1036294
3008,2024-09-30,2434.24,2434.24,2386.97,2401.15,1367059
3008,2024-10-01,2424.79,2481.51,2424.79,2481.51,748053
3008,2024-10-04,2472.05,2476.78,2396.43,2415.33,938882
3008,2024-10-07,2434.24,2472.05,2368.07,2386.97,1239896
3008,2024-10-08,2377.52,2382.25,2325.53,2339.71,879914
3008,2024-10-09,2349.16,2363.34,2306.62,2306.62,1079195
3008,2024-10-11,2282.99,2325.53,2240.45,2306.62,998429
3008,2024-10-14,2339.71,2363.34,2292.44,2339.71,602880
3008,2024-10-15,2358.61,2391.7,2353.89,2372.79,542977
3008,2024-10-16,2382.25,2382.25,2339.71,2372.79,597563
3008,2024-10-17,2386.97,2405.88,2363.34,2405.88,683605
3008,2024-10-18,2264.08,2268.81,2179.0,2197.91,2991846
3008,2024-10-21,2207.36,2278.26,2207.36,2268.81,1284666
3008,2024-10-22,2259.35,2301.89,2254.63,2268.81,596477
3008,2024-10-23,2268.81,2292.44,2254.63,2273.53,296720
3008,2024-10-24,2254.63,2273.53,2240.45,2240.45,440777
3008,2024-10-25,2240.45,2259.35,2212.09,2240.45,623272
3008,2024-10-28,2254.63,2254.63,2197.91,2202.63,753528
3008,2024-10-29,2202.63,2212.09,2164.82,2174.27,947243
3008,2024-10-30,2164.82,2183.73,2150.64,2160.09,858936
3008,2024-11-01,2108.1,2164.82,2098.65,2164.82,1001145
3008,2024-11-04,2174.27,2221.54,2150.64,2212.09,552852
3008,2024-11-05,2183.73,2202.63,2183.73,2193.18,297430
3008,2024-11-06,2197.91,2230.99,2188.45,2212.09,462134
3008,2024-11-07,2212.09,2226.27,2202.63,2207.36,253255
3008,2024-11-08,2230.99,2235.72,2179.0,2179.0,330501
3008,2024-11-11,2174.27,2188.45,2155.37,2179.0,252320
3008,2024-11-12,2155.37,2155.37,2131.73,2131.73,435607
3008,2024-11-13,2259.35,2287.71,2212.09,2226.27,1021825
3008,2024-11-14,2226.27,2240.45,2183.73,2188.45,563495
3008,2024-11-15,2188.45,2292.44,2188.45,2287.71,989176
3008,2024-11-18,2268.81,2282.99,2216.81,2216.81,823469
3008,2024-11-19,2226.27,2273.53,2221.54,2254.63,488425
3008,2024-11-20,2212.09,2212.09,2212.09,2212.09,593785
3008,2024-11-21,2202.63,2245.17,2197.91,2235.72,305177
3008,2024-11-22,2245.17,2282.99,2230.99,2249.9,590940
3008,2024-11-25,2273.53,2368.07,2273.53,2316.07,1517711
3008,2024-11-26,2316.07,2386.97,2297.17,2363.34,886384
3008,2024-11-27,2353.89,2377.52,2301.89,2311.35,717928
3008,2024-11-28,2301.89,2320.8,2259.35,2311.35,577313
3008,2024-11-29,2282.99,2325.53,2273.53,2301.89,493227
3008,2024-12-02,2320.8,2382.25,2311.35,2368.07,733965
3008,2024-12-03,2382.25,2401.15,2363.34,2368.07,623672
3008,2024-12-04,2372.79,2396.43,2349.16,2396.43,471910
3008,2024-12-05,2405.88,2410.61,2353.89,2368.07,635687
3008,2024-12-06,2353.89,2377.52,2339.71,2349.16,564335
3008,2024-12-09,2353.89,2363.34,2287.71,2306.62,561399
3008,2024-12-10,2287.71,2339.71,2287.71,2311.35,475598
3008,2024-12-11,2325.53,2358.61,2297.17,2344.43,407857
3008,2024-12-12,2349.16,2405.88,2349.16,2391.7,827341
3008,2024-12-13,2382.25,2438.97,2377.52,2401.15,778749
3008,2024-12-16,2410.61,2424.79,2382.25,2382.25,594307
3008,2024-12-17,2377.52,2434.24,2377.52,2386.97,614317
3008,2024-12-18,2386.97,2472.05,2382.25,2438.97,904755
3008,2024-12-19,2396.43,2415.33,2372.79,2410.61,780582
3008,2024-12-20,2424.79,2434.24,2372.79,2377.52,983540
3008,2024-12-23,2415.33,2434.24,2405.88,2410.61,349522
3008,2024-12-24,2438.97,2438.97,2405.88,2410.61,216363
3008,2024-12-25,2429.51,2453.15,2410.61,2438.97,364671
3008,2024-12-26,2467.33,2542.95,2457.87,2528.77,1417506
3008,2024-12-27,2542.95,2542.95,2486.23,2495.69,613676
3008,2024-12-30,2509.87,2538.23,2476.78,2505.14,636825
3008,2024-12-31,2505.14,2528.77,2476.78,2528.77,524290
3008,2025-01-02,2533.5,2542.95,2472.05,2476.78,501407
3008,2025-01-03,2476.78,2476.78,2424.79,2443.69,771529
3008,2025-01-06,2462.6,2538.23,2429.51,2533.5,1100228
3008,2025-01-07,2538.23,2566.59,2514.59,2519.32,767970
3008,2025-01-08,2505.14,2519.32,2457.87,2467.33,682000
3008,2025-01-09,2472.05,2547.68,2443.69,2453.15,934695
3008,2025-01-10,2623.31,2661.12,2528.77,2599.67,4037315
3008,2025-01-13,2571.31,2590.22,2448.42,2509.87,1966488
3008,2025-01-14,2500.41,2528.77,2462.6,2514.59,743064
3008,2025-01-15,2486.23,2613.85,2486.23,2557.13,1239561
3008,2025-01-16,2599.67,2642.21,2590.22,2609.13,1327384
3008,2025-01-17,2609.13,2609.13,2547.68,2580.77,1068590
3008,2025-01-20,2580.77,2628.03,2571.31,2604.4,690648
3008,2025-01-21,2604.4,2670.57,2590.22,2613.85,1062022
3008,2025-01-22,2632.76,2646.94,2599.67,2599.67,761830
3008,2025-02-03,2552.41,2680.03,2552.41,2675.3,1695631
3008,2025-02-04,2670.57,2689.48,2609.13,2623.31,904549
3008,2025-02-05,2637.49,2661.12,2613.85,2656.39,831964
3008,2025-02-06,2646.94,2665.85,2632.76,2656.39,994152
3008,2025-02-07,2646.94,2675.3,2637.49,2642.21,601818
3008,2025-02-10,2632.76,2651.67,2566.59,2566.59,1117353
3008,2025-02-11,2580.77,2599.67,2557.13,2566.59,474097
3008,2025-02-12,2580.77,2590.22,2547.68,2547.68,471998
3008,2025-02-13,2547.68,2585.49,2547.68,2557.13,430494
3008,2025-02-14,2557.13,2580.77,2524.05,2524.05,562862
3008,2025-02-17,2542.95,2609.13,2524.05,2585.49,827073
3008,2025-02-18,2585.49,2604.4,2566.59,2566.59,404280
3008,2025-02-19,2585.49,2585.49,2557.13,2561.86,317413
3008,2025-02-20,2561.86,2609.13,2542.95,2609.13,572478
3008,2025-02-21,2618.58,2618.58,2571.31,2585.49,522406
3008,2025-02-24,2571.31,2599.67,2571.31,2594.95,263922
3008,2025-02-25,2618.58,2637.49,2580.77,2585.49,709308
3008,2025-02-26,2590.22,2613.85,2571.31,2613.85,448745
3008,2025-02-27,2613.85,2613.85,2552.41,2552.41,810563
3008,2025-03-03,2542.95,2566.59,2533.5,2566.59,514618
3008,2025-03-04,2524.05,2580.77,2505.14,2561.86,784943
3008,2025-03-05,2566.59,2618.58,2552.41,2594.95,562442
3008,2025-03-06,2599.67,2637.49,2590.22,2594.95,491248
3008,2025-03-07,2594.95,2594.95,2547.68,2552.41,418369
3008,2025-03-10,2580.77,2590.22,2509.87,2509.87,667088
3008,2025-03-11,2457.87,2481.51,2401.15,2481.51,905857
3008,2025-03-12,2490.96,2505.14,2467.33,2500.41,488122
3008,2025-03-13,2519.32,2519.32,2334.98,2334.98,1936644
3008,2025-03-14,2358.61,2363.34,2306.62,2339.71,744517
3008,2025-03-17,2349.16,2358.61,2311.35,2330.25,669918
3008,2025-03-18,2353.89,2382.25,2353.89,2368.07,623991
3008,2025-03-19,2372.79,2410.61,2363.34,2386.97,879987
3008,2025-03-20,2418.41,2423.25,2379.72,2418.41,551921
3008,2025-03-21,2418.41,2418.41,2379.72,2379.72,349976
3008,2025-03-24,2384.55,2428.09,2345.86,2350.7,607955
3008,2025-03-25,2384.55,2403.9,2374.88,2403.9,360492
3008,2025-03-26,2403.9,2442.6,2399.06,2413.58,498267
3008,2025-03-27,2394.23,2394.23,2370.04,2389.39,361524
3008,2025-03-28,2374.88,2403.9,2312.0,2316.84,445916
3008,2025-03-31,2205.59,2326.51,2205.59,2278.14,602282
3008,2025-04-01,2345.86,2399.06,2326.51,2389.39,607422
3008,2025-04-02,2379.72,2399.06,2350.7,2370.04,409397
3008,2025-04-07,2133.04,2133.04,2133.04,2133.04,81019
3008,2025-04-08,1934.73,1987.93,1920.22,1920.22,1768906
3008,2025-04-09,1847.67,1871.85,1731.58,1741.26,2961243
3008,2025-04-10,1915.38,1915.38,1915.38,1915.38,505070
3008,2025-04-11,1876.69,1973.42,1828.32,1968.59,1372613
3008,2025-04-14,2026.63,2108.86,2026.63,2070.16,1648159
3008,2025-04-15,2075.0,2099.18,2045.98,2089.51,823988
3008,2025-04-16,2089.51,2128.2,2065.32,2099.18,1004575
3008,2025-04-17,2084.67,2108.86,2065.32,2094.34,557266
3008,2025-04-18,2108.86,2108.86,2050.81,2084.67,458657
3008,2025-04-21,2075.0,2075.0,2026.63,2045.98,354578
3008,2025-04-22,2031.47,2075.0,2007.28,2026.63,611318
3008,2025-04-23,2084.67,2108.86,2065.32,2108.86,665425
3008,2025-04-24,2104.02,2113.69,2060.49,2070.16,503101
3008,2025-04-25,2108.86,2176.57,2108.86,2152.39,862491
3008,2025-04-28,2171.73,2176.57,2118.53,2137.88,485399
3008,2025-04-29,2157.22,2157.22,2118.53,2147.55,264720
3008,2025-04-30,2142.71,2215.27,2142.71,2186.24,594568
3008,2025-05-02,2195.92,2210.43,2123.37,2137.88,826047
3008,2025-05-05,2128.2,2142.71,2012.12,2065.32,1059555
3008,2025-05-06,2002.45,2050.81,2002.45,2041.14,627110
3008,2025-05-07,2041.14,2070.16,2021.79,2031.47,551167
3008,2025-05-08,2065.32,2089.51,2060.49,2065.32,446264
3008,2025-05-09,2099.18,2108.86,2075.0,2099.18,441361
3008,2025-05-12,2128.2,2137.88,2108.86,2133.04,317082
3008,2025-05-13,2253.96,2278.14,2142.71,2147.55,1245434
3008,2025-05-14,2181.41,2210.43,2181.41,2205.59,609289
3008,2025-05-15,2220.1,2224.94,2181.41,2200.75,471438
3008,2025-05-16,2210.43,2229.78,2195.92,2200.75,529444
3008,2025-05-19,2200.75,2200.75,2133.04,2137.88,332759
3008,2025-05-20,2152.39,2176.57,2142.71,2147.55,358574
3008,2025-05-21,2157.22,2200.75,2147.55,2191.08,418684
3008,2025-05-22,2181.41,2195.92,2166.9,2171.73,420500
3008,2025-05-23,2191.08,2249.12,2186.24,2229.78,734678
3008,2025-05-26,2210.43,2220.1,2181.41,2200.75,510473
3008,2025-05-27,2200.75,2220.1,2166.9,2166.9,453134
3008,2025-05-28,2195.92,2224.94,2195.92,2195.92,520125
3008,2025-05-29,2239.45,2302.33,2234.61,2239.45,1073554
3008,2025-06-02,2224.94,2244.29,2191.08,2195.92,518159
3008,2025-06-03,2210.43,2224.94,2176.57,2176.57,493310
3008,2025-06-04,2200.75,2249.12,2200.75,2244.29,517096
3008,2025-06-05,2234.61,2253.96,2220.1,2244.29,386411
3008,2025-06-06,2224.94,2253.96,2220.1,2239.45,286890
3008,2025-06-09,2244.29,2287.82,2244.29,2258.8,365159
3008,2025-06-10,2263.63,2278.14,2239.45,2253.96,409637
3008,2025-06-11,2253.96,2287.82,2244.29,2287.82,292418
3008,2025-06-12,2282.98,2302.33,2278.14,2278.14,338061
3008,2025-06-13,2263.63,2307.17,2249.12,2253.96,423453
3008,2025-06-16,2253.96,2282.98,2249.12,2282.98,221776
3008,2025-06-17,2282.98,2331.35,2273.31,2302.33,637341
3008,2025-06-18,2302.33,2326.51,2263.63,2302.33,562637
3008,2025-06-19,2302.33,2312.0,2278.14,2278.14,198446
3008,2025-06-20,2287.82,2302.33,2268.47,2268.47,372377
3008,2025-06-23,2258.8,2258.8,2215.27,2229.78,487495
3008,2025-06-24,2253.96,2302.33,2253.96,2297.49,428184
3008,2025-06-25,2302.33,2336.19,2273.31,2287.82,487301
3008,2025-06-26,2302.33,2307.17,2239.45,2253.96,588607
3008,2025-06-27,2263.63,2282.98,2239.45,2282.98,510327
3008,2025-06-30,2287.82,2312.0,2287.82,2302.33,369369
3008,2025-07-01,2316.84,2336.19,2263.63,2268.47,489199
3008,2025-07-02,2263.63,2287.82,2263.63,2268.47,174124
3008,2025-07-03,2273.31,2287.82,2239.45,2239.45,300417
3008,2025-07-04,2239.45,2258.8,2176.57,2181.41,563498
3008,2025-07-07,2181.41,2191.08,2104.02,2113.69,753503
3008,2025-07-08,2108.86,2108.86,2084.67,2089.51,419743
3008,2025-07-09,2094.35,2142.71,2094.35,2113.69,347190
3008,2025-07-10,2128.2,2137.88,2104.02,2118.53,481833
3008,2025-07-11,2070.16,2234.61,2045.98,2210.43,1704524
3008,2025-07-14,2210.43,2210.43,2142.71,2171.73,559008
3008,2025-07-15,2162.06,2191.08,2152.39,2186.24,364217
3008,2025-07-16,2176.57,2244.29,2176.57,2224.94,697486
3008,2025-07-17,2229.78,2268.47,2205.59,2263.63,620553
3008,2025-07-18,2282.98,2379.72,2273.31,2355.53,1375127
3008,2025-07-21,2350.7,2379.72,2341.02,2374.88,751634
3008,2025-07-22,2374.88,2418.41,2345.86,2355.53,982838
3008,2025-07-23,2370.04,2370.04,2282.98,2282.98,666805
3008,2025-07-24,2302.33,2321.68,2292.65,2321.68,577611
3008,2025-07-25,2316.84,2316.84,2278.14,2282.98,219820
3008,2025-07-28,2297.49,2297.49,2258.8,2263.63,265550
3008,2025-07-29,2273.31,2273.31,2220.1,2239.45,420595
3008,2025-07-30,2253.96,2268.47,2239.45,2263.63,327542
3008,2025-07-31,2268.47,2287.82,2244.29,2287.82,323544
3008,2025-08-04,2249.12,2307.17,2239.45,2302.33,355305
3008,2025-08-05,2307.17,2345.86,2302.33,2341.02,468093
3008,2025-08-06,2341.02,2365.21,2307.17,2307.17,319059
3008,2025-08-07,2345.86,2374.88,2326.51,2331.35,595377
3008,2025-08-08,2350.7,2374.88,2326.51,2326.51,438702
3008,2025-08-11,2336.19,2336.19,2307.17,2331.35,170416
3008,2025-08-12,2336.19,2355.53,2312.0,2312.0,338533
3008,2025-08-13,2336.19,2379.72,2316.84,2341.02,600078
3008,2025-08-14,2358.64,2373.32,2334.17,2343.96,262248
3008,2025-08-15,2353.75,2358.64,2319.49,2319.49,255641
3008,2025-08-18,2314.6,2368.43,2295.02,2329.28,418148
3008,2025-08-19,2324.39,2368.43,2314.6,2314.6,256409
3008,2025-08-20,2309.71,2324.39,2275.45,2285.24,323604
3008,2025-08-21,2299.92,2353.75,2299.92,2314.6,343236
3008,2025-08-22,2319.49,2329.28,2299.92,2309.7,166273
3008,2025-08-25,2329.28,2343.96,2309.71,2319.49,253348
3008,2025-08-26,2319.49,2348.85,2319.49,2334.17,257238
3008,2025-08-27,2353.75,2373.32,2343.96,2343.96,345223
3008,2025-08-28,2363.53,2368.43,2339.07,2343.96,255367
3008,2025-08-29,2358.64,2378.21,2339.07,2353.75,466190
3008,2025-09-01,2353.75,2353.75,2270.56,2275.45,491006
3008,2025-09-02,2295.02,2314.6,2275.45,2290.13,246798
3008,2025-09-03,2299.92,2324.39,2299.92,2309.7,183158
3008,2025-09-04,2348.85,2383.11,2339.07,2343.96,550514
3008,2025-09-05,2368.43,2368.43,2343.96,2353.75,259976
3008,2025-09-08,2378.21,2407.57,2343.96,2348.85,427506
3008,2025-09-09,2353.75,2353.75,2319.49,2329.28,353465
3008,2025-09-10,2334.17,2348.85,2299.92,2309.7,654929
3008,2025-09-11,2329.28,2348.85,2270.56,2270.56,632475
3008,2025-09-12,2295.02,2314.6,2250.98,2250.98,549070
3008,2025-09-15,2275.45,2304.81,2270.56,2275.45,416155
3008,2025-09-16,2285.24,2285.24,2246.09,2250.98,614343
3008,2025-09-17,2270.56,2309.7,2250.98,2250.98,613650
3008,2025-09-18,2260.77,2285.24,2250.98,2265.66,483300
3008,2025-09-19,2290.13,2299.92,2265.66,2290.13,462336
3008,2025-09-22,2314.6,2339.07,2304.81,2309.7,754198
3008,2025-09-23,2339.07,2339.07,2290.13,2309.7,505111
3008,2025-09-24,2319.49,2319.49,2275.45,2285.24,459218
3008,2025-09-25,2285.24,2304.81,2275.45,2299.92,250375
3008,2025-09-26,2314.6,2314.6,2241.2,2270.56,579159
3008,2025-09-30,2304.81,2324.39,2290.13,2299.92,439068
3008,2025-10-01,2299.92,2324.39,2299.92,2304.81,242287
3008,2025-10-02,2319.49,2348.85,2309.7,2309.7,504317
3008,2025-10-03,2319.49,2343.96,2319.49,2334.17,266447
3008,2025-10-07,2348.85,2476.08,2339.07,2461.4,1439306
3008,2025-10-08,2461.4,2461.4,2392.89,2432.04,763523
3008,2025-10-09,2446.72,2446.72,2407.57,2417.36,411297
3008,2025-10-13,2255.88,2275.45,2192.26,2270.56,2336614
3008,2025-10-14,2285.24,2285.24,2192.26,2192.26,1400531
3008,2025-10-15,2202.05,2202.05,2148.22,2172.69,739335
3008,2025-10-16,2182.48,2221.62,2172.69,2197.16,570975
3008,2025-10-17,2187.37,2211.84,2153.11,2162.9,688824
3008,2025-10-20,2158.01,2177.58,2158.01,2162.9,435300
3008,2025-10-21,2192.26,2231.41,2192.26,2206.94,503532
3008,2025-10-22,2216.73,2260.77,2192.26,2260.77,542941
3008,2025-10-23,2250.98,2260.77,2211.84,2221.62,375761
3008,2025-10-27,2221.62,2236.3,2197.16,2202.05,520559
3008,2025-10-28,2197.16,2197.16,2172.69,2172.69,393713
3008,2025-10-29,2197.16,2197.16,2172.69,2172.69,255213
3008,2025-10-30,2182.48,2202.05,2148.22,2162.9,495384
3008,2025-10-31,2182.48,2206.94,2167.8,2167.8,452453
3008,2025-11-03,2187.37,2231.41,2182.48,2197.16,430365
3008,2025-11-04,2211.84,2211.84,2158.01,2167.8,304565
3008,2025-11-05,2158.01,2167.8,2104.18,2153.11,461470
3008,2025-11-06,2143.33,2172.69,2133.54,2162.9,390154
3008,2025-11-07,2143.33,2182.48,2143.33,2158.01,479218
3008,2025-11-10,2197.16,2206.94,2162.9,2197.16,395411
3008,2025-11-11,2202.05,2206.94,2167.8,2167.8,315582
3008,2025-11-12,2187.37,2197.16,2182.48,2187.37,254217
3008,2025-11-13,2197.16,2211.84,2182.48,2187.37,228936
3008,2025-11-14,2162.9,2197.16,2153.11,2153.11,323120
3008,2025-11-17,2162.9,2162.9,2084.61,2084.61,610429
3008,2025-11-18,2084.61,2084.61,2025.89,2025.89,583374
3008,2025-11-19,2006.31,2040.57,2006.31,2030.78,405246
3008,2025-11-20,2055.25,2104.18,2055.25,2099.29,371281
3008,2025-11-21,2065.03,2084.61,2045.46,2055.25,430476
3008,2025-11-24,2069.93,2094.39,2065.03,2094.39,517275
3008,2025-11-25,2113.97,2128.65,2099.29,2118.86,232317
3008,2025-11-26,2118.86,2177.58,2118.86,2167.8,302491
3008,2025-11-27,2177.58,2177.58,2143.33,2158.01,139316
3008,2025-11-28,2158.01,2167.8,2143.33,2158.01,290309
3008,2025-12-01,2158.01,2182.48,2128.65,2133.54,261424
3008,2025-12-02,2133.54,2143.33,2118.86,2128.65,207389
3008,2025-12-03,2138.43,2148.22,2099.29,2113.97,441327
3008,2025-12-04,2123.75,2133.54,2099.29,2113.97,240196
3008,2025-12-05,2118.86,2133.54,2084.61,2094.39,485772
3008,2025-12-08,2094.39,2094.39,2045.46,2055.25,694037
3008,2025-12-09,2055.25,2060.14,2020.99,2025.89,560669
3008,2025-12-10,2020.99,2040.57,2006.31,2040.57,444223
3008,2025-12-11,2040.57,2040.57,2006.31,2035.67,437662
3008,2025-12-12,2050.35,2050.35,2016.1,2016.1,326729
3008,2025-12-15,1996.52,2035.67,1991.63,2006.31,309880
3008,2025-12-16,2001.42,2006.31,1976.95,1981.84,439890
3008,2025-12-17,1981.84,2020.99,1981.84,1996.52,366176
3008,2025-12-18,2011.21,2011.21,1976.95,1986.74,265500
3008,2025-12-19,1991.63,2016.1,1991.63,2016.1,289692
3008,2025-12-22,2216.73,2216.73,2143.33,2192.26,1331807
3008,2025-12-23,2172.69,2202.05,2153.11,2197.16,534681
3008,2025-12-24,2226.52,2295.02,2202.05,2202.05,1331847
3008,2025-12-26,2216.73,2348.85,2211.84,2334.17,1924054
3008,2025-12-29,2392.89,2564.16,2368.43,2446.72,3308470
3008,2025-12-30,2427.15,2461.4,2417.36,2417.36,1645316
3008,2025-12-31,2436.93,2466.3,2388.0,2441.83,1256610
3008,2026-01-02,2485.87,2534.8,2441.83,2529.91,1305334
3008,2026-01-05,2588.63,2603.31,2456.51,2480.98,2248888
3008,2026-01-06,2461.4,2544.59,2441.83,2520.12,1530962
3008,2026-01-07,2534.8,2573.95,2490.76,2495.66,1411732
3008,2026-01-08,2485.87,2515.23,2422.25,2422.25,1096148
3008,2026-01-09,2319.49,2505.44,2309.7,2476.08,2319338
3008,2026-01-12,2476.08,2476.08,2397.79,2436.93,1097417
3008,2026-01-13,2456.51,2461.4,2378.21,2378.21,1287287
3008,2026-01-14,2383.11,2397.79,2368.43,2373.32,617965
3008,2026-01-15,2378.21,2402.68,2348.85,2353.75,599785
3008,2026-01-16,2353.75,2407.57,2353.75,2378.21,866506
3008,2026-01-19,2353.75,2432.04,2348.85,2397.79,854404
3008,2026-01-20,2397.79,2427.15,2368.43,2378.21,643332
3008,2026-01-21,2388.0,2441.83,2383.11,2388.0,1053645
3008,2026-01-22,2407.57,2412.47,2378.21,2383.11,875398
3008,2026-01-23,2402.68,2412.47,2383.11,2407.57,427739
3008,2026-01-26,2407.57,2422.25,2388.0,2397.79,632636
3008,2026-01-27,2412.47,2427.15,2373.32,2383.11,709964
3008,2026-01-28,2402.68,2417.36,2378.21,2388.0,600383
3008,2026-01-29,2383.11,2407.57,2348.85,2373.32,823343
3008,2026-01-30,2363.53,2363.53,2319.49,2358.64,948737
3008,2026-02-02,2343.96,2363.53,2295.02,2304.81,770230
3008,2026-02-03,2304.81,2324.39,2270.56,2299.92,549876
3008,2026-02-04,2324.39,2324.39,2290.13,2314.6,327569
3008,2026-02-05,2339.07,2339.07,2250.98,2250.98,399978
3008,2026-02-06,2270.56,2290.13,2206.94,2280.34,594826
3008,2026-02-09,2314.6,2314.6,2231.41,2241.2,457428
3008,2026-02-10,2241.2,2275.45,2241.2,2275.45,340472
3008,2026-02-11,2280.34,2285.24,2241.2,2241.2,446947
3008,2026-02-23,2275.45,2348.85,2241.2,2319.49,1170430
3008,2026-02-24,2324.39,2378.21,2309.7,2378.21,918194
3008,2026-02-25,2388.0,2422.25,2343.96,2363.53,1380791
3008,2026-02-26,2378.21,2480.98,2358.64,2466.3,1507245
3008,2026-03-02,2407.57,2432.04,2388.0,2402.68,892640
3008,2026-03-03,2402.68,2441.83,2373.32,2397.79,886991
3008,2026-03-04,2353.75,2353.75,2246.09,2255.88,1414187
3008,2026-03-05,2314.6,2343.96,2270.56,2309.7,817903
3008,2026-03-06,2275.45,2329.28,2275.45,2329.28,578715
3008,2026-03-09,2231.41,2280.34,2187.37,2236.3,1222129
3008,2026-03-10,2280.34,2329.28,2231.41,2250.98,872513
3008,2026-03-11,2299.92,2348.85,2295.02,2339.07,885213
3008,2026-03-12,2309.7,2348.85,2280.34,2304.81,924485
3008,2026-03-13,2265.66,2309.7,2255.88,2295.02,761619
3008,2026-03-16,2309.71,2319.49,2255.88,2255.88,414449
3008,2026-03-17,2275.45,2348.85,2255.88,2348.85,747809
3008,2026-03-18,2363.53,2388.0,2348.85,2388.0,997262
3008,2026-03-19,2365.0,2390.0,2320.0,2320.0,816846
3008,2026-03-20,2340.0,2390.0,2335.0,2355.0,800249
3008,2026-03-23,2305.0,2305.0,2220.0,2235.0,1139719
3008,2026-03-24,2255.0,2275.0,2240.0,2240.0,488398
3008,2026-03-25,2285.0,2295.0,2210.0,2220.0,694199
3008,2026-03-26,2250.0,2250.0,2210.0,2210.0,424927
3008,2026-03-27,2215.0,2225.0,2170.0,2220.0,515346
3008,2026-03-30,2160.0,2205.0,2155.0,2180.0,470604
3008,2026-03-31,2180.0,2250.0,2150.0,2155.0,767043
3008,2026-04-01,2215.0,2225.0,2185.0,2190.0,357355
3008,2026-04-02,2215.0,2215.0,2135.0,2140.0,414597
3008,2026-04-07,2180.0,2230.0,2165.0,2170.0,491369
3008,2026-04-08,2220.0,2280.0,2200.0,2280.0,877928
3008,2026-04-09,2290.0,2295.0,2240.0,2280.0,686925
3008,2026-04-10,2285.0,2325.0,2285.0,2310.0,341444
3008,2026-04-13,2310.0,2485.0,2300.0,2430.0,1221035
3008,2026-04-14,2540.0,2670.0,2540.0,2670.0,3258173
3008,2026-04-15,2875.0,2930.0,2750.0,2820.0,3967308
3008,2026-04-16,2835.0,2870.0,2750.0,2820.0,2710812
3008,2026-04-17,2690.0,2690.0,2550.0,2605.0,3979619
3008,2026-04-20,2630.0,2780.0,2630.0,2710.0,2462299
3008,2026-04-21,2750.0,2755.0,2640.0,2645.0,1546132
3008,2026-04-22,2675.0,2680.0,2580.0,2585.0,1516368
3008,2026-04-23,2610.0,2615.0,2440.0,2485.0,1983692
3008,2026-04-24,2530.0,2565.0,2470.0,2520.0,1442606
3008,2026-04-27,2575.0,2700.0,2555.0,2615.0,2368224
3008,2026-04-28,2650.0,2685.0,2575.0,2580.0,1268001
3008,2026-04-29,2590.0,2650.0,2550.0,2595.0,1444866
3008,2026-04-30,2580.0,2580.0,2515.0,2515.0,953183
3008,2026-05-04,2540.0,2580.0,2515.0,2575.0,1218519
3008,2026-05-05,2575.0,2585.0,2520.0,2545.0,648006
3008,2026-05-06,2550.0,2550.0,2490.0,2520.0,1216076
3008,2026-05-07,2535.0,2575.0,2535.0,2575.0,1083126
3008,2026-05-08,2585.0,2620.0,2530.0,2570.0,1269577
3008,2026-05-11,2600.0,2600.0,2525.0,2545.0,764435
3008,2026-05-12,2600.0,2795.0,2580.0,2795.0,2803108
3008,2026-05-13,2870.0,2870.0,2735.0,2850.0,4030772
3008,2026-05-14,2930.0,3135.0,2895.0,3135.0,3787771
3008,2026-05-15,3290.0,3445.0,3290.0,3445.0,2780541
3008,2026-05-18,3400.0,3400.0,3125.0,3290.0,4078725
3008,2026-05-19,3445.0,3615.0,3325.0,3365.0,5525558
3008,2026-05-20,3330.0,3410.0,3200.0,3200.0,1014625
3008,2026-05-21,3285.0,3520.0,3280.0,3460.0,1563543
3008,2026-05-22,3450.0,3595.0,3450.0,3540.0,1137340
3008,2026-05-25,3635.0,3845.0,3635.0,3845.0,1271411
3008,2026-05-26,3875.0,3875.0,3665.0,3665.0,922219
3008,2026-05-27,3690.0,3720.0,3500.0,3505.0,1111158
3008,2026-05-28,3505.0,3630.0,3420.0,3425.0,1163748
3008,2026-05-29,3515.0,3600.0,3450.0,3515.0,1357332
3008,2026-06-01,3630.0,3835.0,3630.0,3835.0,1138603
3008,2026-06-02,3780.0,3850.0,3705.0,3850.0,788664
3008,2026-06-03,3920.0,4225.0,3820.0,3985.0,3387453
3008,2026-06-04,3940.0,3995.0,3785.0,3825.0,2348082
3008,2026-06-05,3750.0,3750.0,3570.0,3680.0,1997929
3008,2026-06-08,3330.0,3550.0,3325.0,3535.0,2484239
3008,2026-06-09,3800.0,3885.0,3755.0,3885.0,2084077
3008,2026-06-10,4180.0,4270.0,4100.0,4130.0,5542150
3008,2026-06-11,4000.0,4310.0,4000.0,4165.0,3951219
3008,2026-06-12,4300.0,4355.0,4020.0,4020.0,3219502
3008,2026-06-15,4080.0,4420.0,4035.0,4420.0,3302200
3008,2026-06-16,4480.0,4860.0,4450.0,4860.0,3037888
3008,2026-06-17,5065.0,5310.0,4960.0,5145.0,5202371
3008,2026-06-18,5115.0,5295.0,5090.0,5195.0,2793257
2891,2024-06-18,33.9,34.3,33.72,34.3,38265880
2891,2024-06-19,34.3,34.62,34.17,34.3,38560148
2891,2024-06-20,34.3,34.48,34.21,34.39,29959637
2891,2024-06-21,34.48,34.53,34.21,34.26,71943302
2891,2024-06-24,34.17,34.62,33.99,34.62,51448915
2891,2024-06-25,34.67,34.71,34.3,34.39,35052379
2891,2024-06-26,34.3,34.48,34.08,34.08,44918843
2891,2024-06-27,33.76,34.44,33.72,34.12,45827634
2891,2024-06-28,34.26,34.67,34.17,34.26,44958715
2891,2024-07-01,34.48,34.62,34.3,34.58,44211341
2891,2024-07-02,34.44,35.03,34.39,34.85,78062330
2891,2024-07-03,34.85,35.53,34.85,35.48,83444320
2891,2024-07-04,35.75,36.16,35.53,35.98,97270444
2891,2024-07-05,36.16,36.39,35.93,36.25,77582903
2891,2024-07-08,36.25,36.43,36.07,36.29,77668553
2891,2024-07-09,36.29,36.43,36.07,36.16,51307063
2891,2024-07-10,36.2,37.06,36.02,36.97,74243177
2891,2024-07-11,36.93,37.74,36.39,36.43,76870902
2891,2024-07-12,36.11,36.88,36.07,36.39,84730499
2891,2024-07-15,36.53,36.67,34.87,35.67,165356219
2891,2024-07-16,36.1,36.1,35.15,35.39,75683314
2891,2024-07-17,35.53,35.63,35.06,35.06,67601500
2891,2024-07-18,35.11,35.3,34.68,35.06,86401729
2891,2024-07-19,35.06,35.06,33.87,34.06,115851958
2891,2024-07-22,34.16,34.44,33.64,33.64,69680814
2891,2024-07-23,33.92,34.35,33.73,33.97,59560011
2891,2024-07-26,33.4,33.83,33.26,33.73,64141895
2891,2024-07-29,34.3,34.54,33.78,34.11,47286625
2891,2024-07-30,34.02,34.02,33.02,33.45,68650525
2891,2024-07-31,33.4,33.92,33.26,33.64,54629090
2891,2024-08-01,34.16,34.25,33.73,34.02,44600215
2891,2024-08-02,33.35,33.45,32.78,33.21,102461806
2891,2024-08-05,32.31,32.31,29.94,30.56,113506909
2891,2024-08-06,31.27,31.46,29.85,31.17,79376996
2891,2024-08-07,31.03,32.12,30.98,32.12,49526411
2891,2024-08-08,31.93,32.5,31.55,31.98,51560799
2891,2024-08-09,32.41,33.35,32.41,32.88,64373989
2891,2024-08-12,33.02,33.21,32.5,32.69,80046935
2891,2024-08-13,32.78,32.83,31.98,32.69,70916073
2891,2024-08-14,33.02,33.12,32.64,32.93,47937188
2891,2024-08-15,33.26,33.26,32.5,32.69,37079661
2891,2024-08-16,33.16,33.35,32.93,33.07,51367376
2891,2024-08-19,33.21,33.35,33.02,33.16,43523065
2891,2024-08-20,33.35,33.35,32.83,33.16,55553462
2891,2024-08-21,32.03,32.31,31.55,31.93,229864805
2891,2024-08-22,32.17,32.41,31.6,31.7,138073399
2891,2024-08-23,31.65,31.7,31.22,31.36,125574516
2891,2024-08-26,31.22,31.88,30.98,31.41,149017648
2891,2024-08-27,31.36,31.41,30.84,31.13,149030098
2891,2024-08-28,31.17,31.55,30.98,31.36,127718621
2891,2024-08-29,31.08,31.22,30.8,30.89,120808221
2891,2024-08-30,30.89,31.13,30.89,30.94,277101969
2891,2024-09-02,31.08,31.55,31.03,31.36,118178472
2891,2024-09-03,31.46,31.51,31.17,31.22,85306442
2891,2024-09-04,30.61,30.8,30.13,30.37,169696308
2891,2024-09-05,30.46,30.94,30.32,30.61,75969197
2891,2024-09-06,30.8,31.32,30.56,31.17,66842070
2891,2024-09-09,30.65,30.98,30.51,30.98,96074463
2891,2024-09-10,31.03,31.22,30.8,30.98,79520708
2891,2024-09-11,30.89,30.94,30.51,30.61,83627857
2891,2024-09-12,30.8,30.8,30.23,30.46,105241025
2891,2024-09-13,30.46,30.89,30.46,30.84,77461510
2891,2024-09-16,30.98,30.98,30.61,30.98,62160141
2891,2024-09-18,32.03,32.45,31.65,31.84,207989641
2891,2024-09-19,31.74,31.88,31.55,31.74,82638863
2891,2024-09-20,32.12,32.64,32.03,32.22,253599447
2891,2024-09-23,32.93,33.64,32.6,33.5,181383209
2891,2024-09-24,33.35,33.4,32.88,33.16,115203027
2891,2024-09-25,33.02,33.16,32.78,33.12,88345558
2891,2024-09-26,33.26,33.35,33.07,33.16,71535359
2891,2024-09-27,33.16,33.21,32.69,32.78,86917257
2891,2024-09-30,32.74,33.02,32.6,32.6,67515161
2891,2024-10-01,32.64,32.88,32.6,32.88,31460408
2891,2024-10-04,32.31,32.74,32.31,32.45,65806773
2891,2024-10-07,32.69,33.07,32.55,33.07,41893053
2891,2024-10-08,33.16,33.35,32.78,33.35,69530270
2891,2024-10-09,33.31,33.5,32.97,33.07,55801927
2891,2024-10-11,33.31,33.45,33.16,33.31,44230476
2891,2024-10-14,33.4,33.73,33.26,33.73,58426986
2891,2024-10-15,33.78,34.49,33.78,34.44,72180867
2891,2024-10-16,34.21,34.49,34.11,34.4,74736842
2891,2024-10-17,34.44,34.59,34.25,34.59,37752324
2891,2024-10-18,34.63,35.34,34.59,34.96,74212006
2891,2024-10-21,35.06,35.11,34.16,34.21,70628898
2891,2024-10-22,34.16,34.68,34.11,34.68,40061485
2891,2024-10-23,34.54,34.63,34.25,34.25,28266646
2891,2024-10-24,34.16,34.35,34.02,34.02,40536751
2891,2024-10-25,34.02,34.25,34.02,34.21,22330691
2891,2024-10-28,34.25,34.3,34.02,34.02,30243116
2891,2024-10-29,34.02,34.21,33.78,33.97,40828186
2891,2024-10-30,34.06,34.06,33.73,34.02,40597436
2891,2024-11-01,32.41,34.02,32.41,33.83,79184621
2891,2024-11-04,33.87,34.54,33.83,34.54,50682935
2891,2024-11-05,34.3,34.73,34.3,34.73,40848482
2891,2024-11-06,34.68,34.92,34.49,34.77,40831022
2891,2024-11-07,34.77,35.15,34.68,34.96,48888184
2891,2024-11-08,35.11,35.15,34.77,34.96,47076113
2891,2024-11-11,35.2,35.25,34.82,35.25,47962661
2891,2024-11-12,35.06,35.25,34.92,35.06,52618544
2891,2024-11-13,34.87,35.06,34.44,34.63,56332700
2891,2024-11-14,34.54,34.96,34.54,34.73,52639319
2891,2024-11-15,34.73,35.2,34.73,34.87,45459293
2891,2024-11-18,34.96,35.06,34.73,34.87,48547350
2891,2024-11-19,34.87,35.01,34.68,34.92,49166033
2891,2024-11-20,36.05,36.05,36.05,36.05,154358866
2891,2024-11-21,35.77,36.05,35.67,36.05,69631823
2891,2024-11-22,36.05,36.2,35.72,35.77,39750045
2891,2024-11-25,36.2,36.34,35.39,35.39,126051728
2891,2024-11-26,35.63,36.1,35.44,36.01,45612506
2891,2024-11-27,35.86,36.01,35.58,35.72,43102484
2891,2024-11-28,35.67,35.96,35.49,35.77,41661756
2891,2024-11-29,35.53,35.77,35.3,35.44,51177819
2891,2024-12-02,35.72,36.67,35.72,36.58,70707500
2891,2024-12-03,36.67,36.95,36.43,36.95,58651928
2891,2024-12-04,36.95,36.95,36.48,36.76,43992636
2891,2024-12-05,36.76,37.1,36.76,37.0,31632248
2891,2024-12-06,37.1,37.1,36.76,37.05,30226609
2891,2024-12-09,37.05,37.1,36.81,37.0,31668729
2891,2024-12-10,37.1,37.1,36.76,37.05,33415515
2891,2024-12-11,36.95,37.14,36.81,37.05,33743539
2891,2024-12-12,37.05,37.57,36.86,37.52,52720571
2891,2024-12-13,37.38,37.52,37.24,37.52,41103076
2891,2024-12-16,37.48,37.85,37.43,37.81,50721115
2891,2024-12-17,37.66,37.81,37.33,37.81,56481705
2891,2024-12-18,37.62,38.04,37.19,37.62,61476547
2891,2024-12-19,37.1,37.43,36.95,37.33,67928723
2891,2024-12-20,36.76,36.86,36.29,36.48,101131693
2891,2024-12-23,36.76,37.38,36.58,37.24,53475241
2891,2024-12-24,37.29,37.52,37.1,37.29,34487735
2891,2024-12-25,37.43,37.57,37.19,37.19,29417948
2891,2024-12-26,37.38,37.38,37.24,37.38,15709327
2891,2024-12-27,37.24,37.57,37.19,37.38,20744322
2891,2024-12-30,37.43,37.71,37.29,37.38,23461709
2891,2024-12-31,37.29,37.33,37.05,37.05,28881088
2891,2025-01-02,36.91,37.14,36.58,36.67,51324254
2891,2025-01-03,36.67,37.1,36.67,36.95,27289033
2891,2025-01-06,37.1,37.43,37.1,37.33,31302581
2891,2025-01-07,37.38,37.43,37.05,37.14,23646607
2891,2025-01-08,37.1,37.33,37.05,37.05,24292292
2891,2025-01-09,37.1,37.38,36.81,36.91,27824300
2891,2025-01-10,36.72,36.76,36.15,36.53,51967498
2891,2025-01-13,36.43,36.62,36.1,36.29,43751259
2891,2025-01-14,36.48,36.81,36.43,36.81,29694950
2891,2025-01-15,36.81,37.1,36.58,36.72,32644175
2891,2025-01-16,36.95,37.14,36.81,37.05,36020419
2891,2025-01-17,37.05,37.1,36.62,37.0,29014166
2891,2025-01-20,37.0,37.05,36.67,36.67,20782054
2891,2025-01-21,36.72,37.14,36.58,36.95,22344054
2891,2025-01-22,37.24,37.24,37.0,37.05,31212195
2891,2025-02-03,36.58,37.0,36.34,36.95,47083860
2891,2025-02-04,37.24,37.33,36.62,36.81,40857156
2891,2025-02-05,37.14,37.33,37.0,37.33,36484068
2891,2025-02-06,37.33,37.52,37.19,37.52,30698374
2891,2025-02-07,37.43,37.85,37.43,37.66,26720252
2891,2025-02-10,37.57,38.09,37.48,38.04,51387016
2891,2025-02-11,38.09,38.09,37.81,37.95,32160670
2891,2025-02-12,37.9,38.33,37.85,38.14,47894448
2891,2025-02-13,38.19,38.42,38.0,38.38,32976417
2891,2025-02-14,38.28,38.38,37.85,37.85,26998679
2891,2025-02-17,38.04,38.52,38.0,38.52,33761238
2891,2025-02-18,38.52,38.52,38.19,38.23,21960914
2891,2025-02-19,38.19,38.33,37.81,37.9,33056381
2891,2025-02-20,38.0,38.38,37.81,38.09,41036333
2891,2025-02-21,38.19,38.28,37.9,38.19,36357226
2891,2025-02-24,37.9,38.28,37.85,38.28,38624616
2891,2025-02-25,37.95,38.52,37.95,38.52,35190017
2891,2025-02-26,38.56,39.04,38.38,38.9,56599672
2891,2025-02-27,38.8,39.04,38.52,38.61,67853194
2891,2025-03-03,38.19,38.9,38.19,38.9,48245238
2891,2025-03-04,38.42,39.04,38.42,38.85,55370212
2891,2025-03-05,38.8,38.94,38.28,38.28,43698295
2891,2025-03-06,38.52,38.71,38.38,38.61,26943757
2891,2025-03-07,38.52,38.56,37.85,37.95,67772975
2891,2025-03-10,38.04,38.09,37.81,37.9,33150982
2891,2025-03-11,37.52,37.71,37.05,37.57,92889085
2891,2025-03-12,37.81,38.23,37.62,38.19,51310680
2891,2025-03-13,38.23,38.23,37.76,37.9,31779119
2891,2025-03-14,38.09,38.09,37.48,37.66,63038011
2891,2025-03-17,37.85,38.0,37.48,38.0,52146399
2891,2025-03-18,38.04,38.42,37.62,38.19,64920672
2891,2025-03-19,38.42,38.75,38.14,38.14,66172117
2891,2025-03-20,38.28,38.38,37.76,37.85,52656705
2891,2025-03-21,37.9,38.14,37.71,37.85,69394875
2891,2025-03-24,38.14,38.42,38.0,38.23,47153649
2891,2025-03-25,38.23,38.42,38.09,38.14,25138489
2891,2025-03-26,38.47,38.47,38.23,38.33,46495642
2891,2025-03-27,38.14,38.28,37.76,38.28,46965475
2891,2025-03-28,38.04,38.42,38.0,38.33,65684724
2891,2025-03-31,37.71,37.9,37.38,37.38,84096192
2891,2025-04-01,37.57,37.95,37.57,37.81,32144242
2891,2025-04-02,37.66,38.38,37.48,38.28,43931109
2891,2025-04-07,34.49,34.49,34.49,34.49,25587323
2891,2025-04-08,33.64,34.49,33.31,33.97,145755744
2891,2025-04-09,34.4,34.54,31.88,32.22,121986884
2891,2025-04-10,35.44,35.44,35.44,35.44,42357493
2891,2025-04-11,34.59,35.53,34.16,35.3,104975973
2891,2025-04-14,35.72,36.01,35.06,35.11,63127955
2891,2025-04-15,35.2,35.77,35.11,35.77,39340130
2891,2025-04-16,35.53,35.82,35.15,35.77,53728886
2891,2025-04-17,35.72,35.82,35.25,35.25,40892643
2891,2025-04-18,35.11,35.15,34.68,34.82,60461173
2891,2025-04-21,34.82,34.92,34.4,34.4,33084885
2891,2025-04-22,34.21,34.21,33.73,33.83,55266259
2891,2025-04-23,34.3,34.96,34.21,34.35,50747328
2891,2025-04-24,34.4,34.82,33.97,34.44,49620176
2891,2025-04-25,34.82,35.2,34.4,35.01,60735632
2891,2025-04-28,36.1,36.1,35.49,36.01,92018191
2891,2025-04-29,36.01,37.05,35.86,36.95,88864919
2891,2025-04-30,37.0,37.33,36.81,37.24,70595245
2891,2025-05-02,38.28,38.28,37.66,38.14,83328585
2891,2025-05-05,37.43,37.48,36.76,37.24,106711728
2891,2025-05-06,37.62,38.0,37.0,37.9,81587804
2891,2025-05-07,38.09,38.09,37.24,37.52,65169866
2891,2025-05-08,37.71,37.95,37.48,37.62,53787757
2891,2025-05-09,37.19,37.85,37.0,37.85,69523191
2891,2025-05-12,37.9,38.04,37.76,38.0,55474132
2891,2025-05-13,38.19,38.47,38.0,38.09,72976325
2891,2025-05-14,38.38,38.52,38.14,38.47,71498449
2891,2025-05-15,38.47,39.09,38.33,38.99,80055640
2891,2025-05-16,38.9,39.8,38.85,39.8,77106743
2891,2025-05-19,39.75,39.8,38.94,39.32,67436487
2891,2025-05-20,39.47,39.56,38.8,39.56,69827496
2891,2025-05-21,39.65,40.89,39.28,40.74,133635005
2891,2025-05-22,40.22,41.03,40.18,40.65,136209796
2891,2025-05-23,40.98,41.08,40.51,40.55,122536459
2891,2025-05-26,40.41,40.74,39.18,39.18,130335180
2891,2025-05-27,39.18,39.7,38.66,38.66,167821595
2891,2025-05-28,39.13,39.8,38.71,38.94,194205525
2891,2025-05-29,39.23,39.56,38.71,38.71,258264172
2891,2025-06-02,38.42,39.61,38.23,39.61,159835323
2891,2025-06-03,39.56,40.74,39.28,40.74,214263752
2891,2025-06-04,40.46,40.74,39.99,40.27,157646623
2891,2025-06-05,39.99,40.18,38.66,39.04,109768849
2891,2025-06-06,39.09,39.75,39.09,39.37,64631500
2891,2025-06-09,39.56,39.8,39.23,39.8,40827689
2891,2025-06-10,39.65,40.51,39.37,40.27,95645894
2891,2025-06-11,40.22,40.27,39.42,39.94,74935485
2891,2025-06-12,39.94,40.37,39.84,40.27,60104143
2891,2025-06-13,39.8,40.6,39.75,40.46,67943773
2891,2025-06-16,40.37,40.79,40.32,40.46,39228786
2891,2025-06-17,40.46,40.84,40.37,40.37,71803245
2891,2025-06-18,40.41,40.84,40.37,40.84,54090427
2891,2025-06-19,40.51,40.98,40.51,40.74,39290533
2891,2025-06-20,40.65,40.89,40.41,40.7,56379040
2891,2025-06-23,40.41,40.7,40.22,40.7,31361774
2891,2025-06-24,40.84,41.45,40.79,41.45,55564195
2891,2025-06-25,41.5,41.6,41.22,41.6,38565018
2891,2025-06-26,41.69,42.17,41.6,41.98,57247173
2891,2025-06-27,41.98,42.4,41.93,42.17,49414797
2891,2025-06-30,41.93,41.93,41.41,41.41,44824626
2891,2025-07-01,41.45,42.5,41.27,41.69,110621013
2891,2025-07-02,41.64,42.31,41.6,41.6,49173639
2891,2025-07-03,41.74,42.17,41.69,42.07,52912072
2891,2025-07-04,42.12,42.45,42.02,42.17,43898349
2891,2025-07-07,42.17,42.59,41.98,42.59,56203182
2891,2025-07-08,42.54,42.59,41.83,42.07,58248397
2891,2025-07-09,42.07,42.17,41.08,41.6,84296814
2891,2025-07-10,41.6,41.98,41.08,41.79,81792796
2891,2025-07-11,41.69,42.07,41.55,41.55,91218625
2891,2025-07-14,41.15,42.4,40.9,41.9,82654610
2891,2025-07-15,42.05,42.9,42.05,42.9,56110586
2891,2025-07-16,42.65,43.0,42.45,43.0,54049516
2891,2025-07-17,43.0,43.0,42.5,42.8,44604022
2891,2025-07-18,42.9,43.1,42.5,42.7,21077141
2891,2025-07-21,42.75,43.25,42.25,42.5,43701501
2891,2025-07-22,42.7,43.15,42.45,42.65,51611616
2891,2025-07-23,42.95,43.0,42.45,43.0,44098298
2891,2025-07-24,42.9,43.1,42.5,42.95,38455224
2891,2025-07-25,42.65,42.85,42.25,42.5,50253763
2891,2025-07-28,42.6,42.8,42.0,42.1,40975444
2891,2025-07-29,42.2,42.3,41.5,41.7,52303755
2891,2025-07-30,41.8,42.1,41.6,41.9,26124535
2891,2025-07-31,41.55,41.65,41.25,41.25,25604999
2891,2025-08-04,41.35,42.65,41.35,42.65,35691425
2891,2025-08-05,42.4,42.75,42.15,42.6,38800184
2891,2025-08-06,42.6,43.0,42.55,42.9,22325666
2891,2025-08-07,43.0,43.1,42.75,42.95,28850793
2891,2025-08-08,42.75,43.0,42.75,43.0,17118499
2891,2025-08-11,42.8,43.2,42.8,43.1,21424854
2891,2025-08-12,43.1,43.2,42.8,42.8,27353220
2891,2025-08-13,42.8,43.0,42.7,43.0,23119435
2891,2025-08-14,43.1,43.4,43.0,43.2,29278318
2891,2025-08-15,43.1,43.3,42.8,42.85,22320875
2891,2025-08-18,42.85,42.9,42.25,42.85,40690882
2891,2025-08-19,42.75,43.15,42.6,42.95,26651362
2891,2025-08-20,43.15,43.15,42.5,42.7,36965823
2891,2025-08-21,43.0,43.2,42.9,43.2,28072778
2891,2025-08-22,43.0,43.15,42.65,42.7,21803324
2891,2025-08-25,42.85,42.95,42.5,42.9,20733566
2891,2025-08-26,42.7,42.75,41.95,42.0,40994712
2891,2025-08-27,41.8,42.1,41.75,41.75,33771979
2891,2025-08-28,41.85,42.25,41.8,41.8,23101789
2891,2025-08-29,41.8,41.95,41.15,41.15,32961121
2891,2025-09-01,41.2,41.7,41.2,41.4,30881879
2891,2025-09-02,41.4,42.0,41.35,42.0,26510693
2891,2025-09-03,42.0,42.15,41.65,41.9,16562889
2891,2025-09-04,41.7,41.95,41.65,41.9,16680077
2891,2025-09-05,41.9,42.1,41.75,41.85,15357921
2891,2025-09-08,41.85,42.0,41.75,41.75,19852656
2891,2025-09-09,41.8,42.15,41.75,42.0,20360644
2891,2025-09-10,42.0,42.15,41.85,42.05,25882215
2891,2025-09-11,42.0,42.45,42.0,42.25,24762060
2891,2025-09-12,42.5,42.8,42.45,42.8,28460787
2891,2025-09-15,42.8,43.35,42.8,43.15,36740112
2891,2025-09-16,43.45,43.8,43.35,43.45,48237857
2891,2025-09-17,43.3,43.45,43.1,43.1,21248996
2891,2025-09-18,43.35,43.45,42.95,43.15,22606686
2891,2025-09-19,43.35,43.65,42.8,43.65,151167171
2891,2025-09-22,43.6,43.6,43.2,43.2,20659516
2891,2025-09-23,43.25,43.3,43.0,43.25,21236608
2891,2025-09-24,43.25,43.55,43.15,43.15,19820784
2891,2025-09-25,43.5,43.5,42.5,42.5,29799690
2891,2025-09-26,42.5,42.65,42.15,42.6,25311708
2891,2025-09-30,42.2,42.95,42.2,42.9,29788834
2891,2025-10-01,42.7,43.1,42.6,43.05,27365975
2891,2025-10-02,43.05,43.2,42.9,42.95,19912000
2891,2025-10-03,43.15,43.15,42.35,42.35,23716103
2891,2025-10-07,42.25,42.85,42.0,42.25,34134786
2891,2025-10-08,42.6,42.85,42.5,42.5,18636798
2891,2025-10-09,42.9,43.1,42.35,42.6,39425978
2891,2025-10-13,42.4,42.45,41.85,42.15,38773885
2891,2025-10-14,42.2,43.0,42.2,42.35,36068988
2891,2025-10-15,42.4,42.7,42.3,42.6,31144363
2891,2025-10-16,42.55,42.95,42.55,42.6,24086410
2891,2025-10-17,42.65,43.05,42.5,42.5,23546164
2891,2025-10-20,42.8,42.85,42.4,42.4,13085767
2891,2025-10-21,42.65,42.75,42.3,42.3,20567190
2891,2025-10-22,42.6,42.65,42.05,42.05,26813614
2891,2025-10-23,42.0,42.1,41.9,42.0,25983234
2891,2025-10-27,43.2,43.2,42.45,42.65,52628136
2891,2025-10-28,42.6,42.65,41.9,41.9,39185317
2891,2025-10-29,41.95,42.5,41.95,42.0,32366605
2891,2025-10-30,42.0,42.15,41.75,41.95,28569798
2891,2025-10-31,42.2,42.2,41.85,41.85,27109200
2891,2025-11-03,41.85,42.25,41.85,42.05,17833939
2891,2025-11-04,42.05,42.55,42.05,42.4,29570604
2891,2025-11-05,42.4,42.4,41.85,42.25,19553506
2891,2025-11-06,42.55,42.85,42.35,42.55,33047030
2891,2025-11-07,42.4,42.5,41.9,41.9,19562047
2891,2025-11-10,42.2,42.65,42.2,42.4,21482948
2891,2025-11-11,42.45,43.45,42.45,43.35,42550628
2891,2025-11-12,43.5,43.75,43.05,43.05,29329902
2891,2025-11-13,43.1,43.45,42.75,42.9,31029200
2891,2025-11-14,42.65,43.15,42.4,42.7,29472988
2891,2025-11-17,42.45,42.5,42.0,42.2,33870414
2891,2025-11-18,42.15,42.75,42.1,42.6,41034559
2891,2025-11-19,42.7,43.1,42.4,42.9,39873982
2891,2025-11-20,43.05,43.3,42.75,43.3,33806275
2891,2025-11-21,43.1,43.4,42.9,43.4,37640914
2891,2025-11-24,43.5,44.1,43.3,44.1,78193328
2891,2025-11-25,43.75,44.0,43.25,43.3,34995848
2891,2025-11-26,43.7,43.7,43.05,43.4,33890105
2891,2025-11-27,43.4,44.0,43.25,44.0,33999716
2891,2025-11-28,43.65,43.95,43.3,43.45,28493644
2891,2025-12-01,43.3,43.7,43.25,43.4,22185215
2891,2025-12-02,43.8,44.1,43.65,44.1,31252325
2891,2025-12-03,44.0,44.1,43.5,43.7,27270981
2891,2025-12-04,43.6,44.4,43.6,44.35,26069339
2891,2025-12-05,44.4,44.55,44.2,44.55,20653045
2891,2025-12-08,44.55,44.75,44.3,44.55,26787060
2891,2025-12-09,44.6,44.95,44.4,44.95,26574054
2891,2025-12-10,44.95,44.95,44.55,44.8,20616858
2891,2025-12-11,45.0,45.15,44.5,45.05,34264556
2891,2025-12-12,45.3,46.5,45.25,46.5,48273995
2891,2025-12-15,46.5,47.15,46.15,46.75,36017846
2891,2025-12-16,46.3,47.1,46.3,46.65,87630545
2891,2025-12-17,46.9,49.4,46.85,48.95,125579433
2891,2025-12-18,49.9,49.9,48.65,49.35,75424952
2891,2025-12-19,49.15,50.2,48.95,49.5,87728780
2891,2025-12-22,50.0,50.4,49.7,50.4,70136391
2891,2025-12-23,50.4,50.4,49.85,50.4,50575628
2891,2025-12-24,50.1,50.9,49.85,50.3,57101528
2891,2025-12-26,50.3,50.3,49.45,49.8,50627288
2891,2025-12-29,49.95,50.6,49.65,50.4,16893019
2891,2025-12-30,50.0,50.5,49.95,50.2,19142023
2891,2025-12-31,50.2,50.5,49.8,50.2,23595816
2891,2026-01-02,50.2,51.0,49.85,50.8,37342935
2891,2026-01-05,50.4,50.7,49.9,49.9,35277806
2891,2026-01-06,49.95,50.2,49.6,49.85,25640129
2891,2026-01-07,49.9,50.1,49.1,49.35,26814034
2891,2026-01-08,49.4,49.65,49.3,49.35,19475525
2891,2026-01-09,49.4,49.7,49.3,49.7,16199155
2891,2026-01-12,50.0,50.4,49.8,50.0,22898435
2891,2026-01-13,50.2,50.3,49.6,49.65,24160886
2891,2026-01-14,49.95,50.2,49.3,49.3,26174124
2891,2026-01-15,49.55,50.4,49.55,50.4,35375093
2891,2026-01-16,50.1,51.0,49.9,50.5,32203580
2891,2026-01-19,50.2,52.0,50.1,51.2,33518240
2891,2026-01-20,51.0,51.5,50.9,51.0,23759189
2891,2026-01-21,51.0,51.2,50.5,50.6,24783161
2891,2026-01-22,50.6,51.2,50.5,50.8,24943180
2891,2026-01-23,50.8,51.0,50.0,50.5,22260993
2891,2026-01-26,50.5,51.0,50.1,51.0,26620059
2891,2026-01-27,50.9,51.4,50.8,50.8,36339659
2891,2026-01-28,50.9,51.2,50.5,51.2,23771086
2891,2026-01-29,51.2,52.4,51.1,52.0,40409148
2891,2026-01-30,52.0,52.1,50.8,50.9,37103710
2891,2026-02-02,51.0,51.2,50.3,50.9,26115783
2891,2026-02-03,50.9,51.8,50.8,51.1,19024199
2891,2026-02-04,51.2,52.2,50.9,51.2,24030278
2891,2026-02-05,51.1,51.9,50.9,51.7,26469418
2891,2026-02-06,51.3,51.8,51.0,51.6,21817793
2891,2026-02-09,51.9,52.4,51.7,52.0,23039872
2891,2026-02-10,52.0,52.3,51.7,51.7,27841746
2891,2026-02-11,51.9,52.4,51.6,52.2,33694567
2891,2026-02-23,53.8,54.9,53.0,53.9,75349550
2891,2026-02-24,54.1,54.2,53.2,53.8,36561784
2891,2026-02-25,53.7,54.7,53.2,53.5,45456252
2891,2026-02-26,53.9,56.4,53.9,55.9,99118043
2891,2026-03-02,55.2,55.2,53.5,53.8,70614723
2891,2026-03-03,53.0,53.9,53.0,53.5,42628958
2891,2026-03-04,52.5,52.6,50.5,50.5,80863427
2891,2026-03-05,51.5,52.0,50.9,51.5,33647794
2891,2026-03-06,50.9,51.8,50.9,51.4,30300971
2891,2026-03-09,49.45,51.0,49.4,51.0,69462432
2891,2026-03-10,52.0,52.0,50.5,51.2,51806720
2891,2026-03-11,50.8,51.9,50.8,51.2,26326183
2891,2026-03-12,50.6,51.3,50.2,51.3,58284903
2891,2026-03-13,51.0,51.8,50.7,51.3,38213526
2891,2026-03-16,51.7,52.6,51.3,51.9,32854093
2891,2026-03-17,52.5,53.4,52.1,52.9,37850832
2891,2026-03-18,53.8,53.9,53.0,53.3,24316820
2891,2026-03-19,52.4,52.4,51.5,51.6,42476779
2891,2026-03-20,51.4,52.2,51.4,52.1,36931829
2891,2026-03-23,50.8,51.7,50.4,51.5,60683415
2891,2026-03-24,51.5,52.3,51.3,52.0,27627942
2891,2026-03-25,53.3,53.3,52.1,52.8,30192763
2891,2026-03-26,53.0,53.2,52.6,53.0,19807120
2891,2026-03-27,52.8,53.0,52.2,53.0,32987829
2891,2026-03-30,51.5,52.5,51.5,51.9,46101838
2891,2026-03-31,52.2,52.2,51.3,51.3,39096996
2891,2026-04-01,52.7,53.9,52.1,53.7,60156713
2891,2026-04-02,55.0,55.0,53.6,54.5,50398030
2891,2026-04-07,54.2,56.0,53.3,55.8,54000966
2891,2026-04-08,56.3,56.9,54.5,56.5,71846455
2891,2026-04-09,55.8,55.9,54.1,54.8,64105417
2891,2026-04-10,54.0,54.4,53.6,54.0,43101068
2891,2026-04-13,53.6,54.2,53.3,53.3,36136822
2891,2026-04-14,53.3,54.3,53.1,53.1,45517593
2891,2026-04-15,53.3,53.4,52.5,52.8,54074851
2891,2026-04-16,53.0,53.7,52.5,53.4,51334329
2891,2026-04-17,53.3,53.3,52.5,53.1,44102017
2891,2026-04-20,53.1,53.7,52.7,53.1,47080788
2891,2026-04-21,53.6,53.7,53.0,53.0,47048526
2891,2026-04-22,53.0,53.9,53.0,53.5,36184653
2891,2026-04-23,53.5,54.0,52.6,52.7,51400303
2891,2026-04-24,52.8,53.3,52.8,52.9,31438161
2891,2026-04-27,52.9,53.5,52.7,52.7,48577289
2891,2026-04-28,53.5,53.8,52.9,53.3,45259681
2891,2026-04-29,53.6,53.9,52.7,53.1,46419894
2891,2026-04-30,52.7,53.1,52.3,52.3,51698999
2891,2026-05-04,53.0,53.3,52.6,52.9,38554793
2891,2026-05-05,53.3,54.4,52.8,53.5,55990921
2891,2026-05-06,54.4,55.2,54.2,54.7,67711919
2891,2026-05-07,55.0,56.5,54.9,56.2,77016693
2891,2026-05-08,57.0,57.0,55.6,56.4,56250832
2891,2026-05-11,56.0,56.0,54.7,55.3,50072290
2891,2026-05-12,54.9,54.9,53.5,53.5,88472655
2891,2026-05-13,53.5,55.3,53.5,54.9,56436333
2891,2026-05-14,54.4,55.9,54.4,54.8,39054749
2891,2026-05-15,55.1,55.6,54.7,54.8,35873829
2891,2026-05-18,55.0,55.4,54.4,54.8,30196201
2891,2026-05-19,55.3,56.6,54.9,55.4,58564407
2891,2026-05-20,56.4,58.0,55.6,57.8,114160798
2891,2026-05-21,57.9,58.6,57.2,57.5,69562042
2891,2026-05-22,57.5,58.2,57.2,57.6,36723053
2891,2026-05-25,58.2,58.2,57.0,57.3,45882447
2891,2026-05-26,57.3,58.7,57.3,57.6,51624736
2891,2026-05-27,58.5,60.2,57.6,59.2,64861960
2891,2026-05-28,58.6,60.8,58.6,59.3,68790607
2891,2026-05-29,59.4,61.4,59.4,60.5,113326776
2891,2026-06-01,60.5,62.6,60.5,62.1,43643407
2891,2026-06-02,62.0,64.4,61.8,64.1,70092481
2891,2026-06-03,65.4,70.5,64.3,70.5,83464881
2891,2026-06-04,68.0,69.2,66.0,68.0,96293189
2891,2026-06-05,66.3,68.0,66.0,66.6,63480956
2891,2026-06-08,65.2,66.9,64.5,65.4,45812755
2891,2026-06-09,64.8,69.5,64.8,69.2,53423093
2891,2026-06-10,68.3,68.7,67.1,68.2,61696930
2891,2026-06-11,68.5,68.5,66.5,67.5,63511328
2891,2026-06-12,67.8,69.2,66.9,67.6,82270335
2891,2026-06-15,71.7,72.6,69.0,70.1,42661199
2891,2026-06-16,70.4,71.7,69.6,70.8,40735130
2891,2026-06-17,70.7,72.7,69.9,71.0,36419977
2891,2026-06-18,71.3,72.7,70.9,71.9,58547843
2886,2024-06-18,35.91,36.09,35.86,36.09,15031020
2886,2024-06-19,36.09,36.18,35.91,35.95,19212791
2886,2024-06-20,36.0,36.04,35.73,36.0,17463903
2886,2024-06-21,36.0,36.13,35.91,36.0,34870736
2886,2024-06-24,36.0,36.31,35.82,36.31,30830318
2886,2024-06-25,36.54,36.63,36.27,36.58,30986470
2886,2024-06-26,36.58,36.63,36.18,36.22,27754281
2886,2024-06-27,35.86,36.22,35.82,36.22,29079320
2886,2024-06-28,36.22,36.63,36.22,36.36,13469428
2886,2024-07-01,36.36,36.72,36.27,36.67,15919188
2886,2024-07-02,36.31,36.9,36.27,36.67,24643686
2886,2024-07-03,36.67,38.52,36.58,38.47,101100557
2886,2024-07-04,38.29,38.34,37.66,37.75,32526789
2886,2024-07-05,37.8,38.16,37.71,37.89,19279116
2886,2024-07-08,37.89,38.16,37.71,37.89,16279989
2886,2024-07-09,37.89,37.98,37.26,37.48,19192965
2886,2024-07-10,37.93,38.25,37.44,37.48,19257343
2886,2024-07-11,37.8,38.16,37.57,37.57,22424225
2886,2024-07-12,37.57,38.11,37.57,37.84,23572710
2886,2024-07-15,38.02,38.07,37.57,37.75,15184002
2886,2024-07-16,37.75,37.89,37.57,37.66,17423598
2886,2024-07-17,37.66,37.98,37.48,37.71,20362635
2886,2024-07-18,37.89,38.47,37.66,38.47,34992822
2886,2024-07-19,38.16,38.34,37.53,38.02,26991516
2886,2024-07-22,37.71,38.2,37.44,38.2,27243617
2886,2024-07-23,38.16,38.61,38.07,38.47,18013901
2886,2024-07-26,38.11,38.47,37.93,38.43,18924096
2886,2024-07-29,38.52,39.01,38.47,38.97,28284341
2886,2024-07-30,38.88,38.88,38.16,38.47,23173039
2886,2024-07-31,38.25,38.88,38.16,38.88,25854595
2886,2024-08-01,38.88,38.97,38.74,38.97,20669674
2886,2024-08-02,38.25,38.7,37.84,38.34,22855404
2886,2024-08-05,37.35,37.75,36.13,36.81,34411308
2886,2024-08-06,36.94,37.8,36.0,37.62,36566782
2886,2024-08-07,36.94,37.57,36.94,37.39,45481361
2886,2024-08-08,36.59,36.92,36.25,36.68,72906886
2886,2024-08-09,36.78,37.65,36.78,37.4,54719185
2886,2024-08-12,37.65,38.13,37.55,37.93,28936776
2886,2024-08-13,37.93,37.93,37.07,37.26,33279753
2886,2024-08-14,37.55,37.93,37.26,37.45,27468193
2886,2024-08-15,37.79,37.84,36.78,36.92,28410314
2886,2024-08-16,37.4,37.65,37.26,37.55,27079725
2886,2024-08-19,37.65,37.69,37.21,37.21,15763962
2886,2024-08-20,37.5,37.55,37.21,37.55,15832646
2886,2024-08-21,37.6,37.6,37.16,37.45,21960295
2886,2024-08-22,37.4,37.55,37.26,37.55,10435177
2886,2024-08-23,37.55,37.6,37.31,37.6,9271232
2886,2024-08-26,37.69,38.22,37.6,38.13,17986436
2886,2024-08-27,37.93,38.27,37.74,38.27,8905623
2886,2024-08-28,38.08,38.22,37.74,37.84,17455389
2886,2024-08-29,37.89,37.89,37.45,37.45,15899117
2886,2024-08-30,37.5,37.74,37.31,37.5,32178291
2886,2024-09-02,37.6,37.69,37.5,37.6,7449671
2886,2024-09-03,37.6,37.6,37.36,37.5,10987711
2886,2024-09-04,35.82,37.07,35.77,36.59,35978848
2886,2024-09-05,36.73,37.21,36.73,37.12,13310361
2886,2024-09-06,37.12,37.5,36.83,37.45,11412764
2886,2024-09-09,36.59,37.65,36.59,37.65,18989204
2886,2024-09-10,37.36,37.89,37.21,37.89,21272662
2886,2024-09-11,37.79,37.79,37.4,37.5,13530242
2886,2024-09-12,37.89,37.89,37.4,37.55,12729414
2886,2024-09-13,37.79,37.79,37.5,37.69,6995659
2886,2024-09-16,37.69,37.89,37.55,37.89,9187150
2886,2024-09-18,37.79,37.93,37.69,37.93,14778909
2886,2024-09-19,37.98,38.03,37.74,37.79,12849103
2886,2024-09-20,37.84,38.13,37.84,37.89,25428550
2886,2024-09-23,38.08,38.27,37.93,38.22,17389142
2886,2024-09-24,38.03,38.32,37.93,38.32,12236084
2886,2024-09-25,38.42,38.42,38.13,38.37,17847794
2886,2024-09-26,38.51,38.51,38.22,38.51,15751846
2886,2024-09-27,38.7,38.7,37.79,37.98,22495977
2886,2024-09-30,38.17,38.27,37.84,37.84,14607215
2886,2024-10-01,37.93,38.08,37.74,37.98,6974624
2886,2024-10-04,37.45,37.84,37.45,37.5,16019420
2886,2024-10-07,37.5,37.93,37.45,37.84,13267791
2886,2024-10-08,37.5,37.69,37.26,37.4,20881784
2886,2024-10-09,37.5,37.65,37.21,37.21,10858878
2886,2024-10-11,37.36,37.74,37.31,37.36,11220023
2886,2024-10-14,37.55,37.69,37.36,37.45,6890336
2886,2024-10-15,37.55,37.93,37.45,37.84,22040876
2886,2024-10-16,37.45,37.79,37.45,37.65,16393252
2886,2024-10-17,37.55,38.03,37.55,37.98,8342557
2886,2024-10-18,38.13,38.32,37.98,38.32,18409643
2886,2024-10-21,38.42,38.42,37.74,37.84,12728929
2886,2024-10-22,37.84,37.93,37.6,37.93,13951808
2886,2024-10-23,37.84,37.84,37.36,37.45,12150032
2886,2024-10-24,37.45,37.65,37.31,37.4,11858685
2886,2024-10-25,37.55,37.69,37.4,37.45,5564414
2886,2024-10-28,37.55,37.79,37.45,37.79,8777093
2886,2024-10-29,37.5,37.79,37.45,37.65,13813193
2886,2024-10-30,37.89,37.93,37.55,37.84,14134177
2886,2024-11-01,37.36,37.45,37.16,37.21,25500076
2886,2024-11-04,37.26,37.89,37.21,37.89,12023192
2886,2024-11-05,37.65,37.93,37.6,37.93,10061030
2886,2024-11-06,37.65,37.98,37.55,37.55,12617419
2886,2024-11-07,37.4,38.03,37.4,37.65,10424535
2886,2024-11-08,37.93,37.98,37.65,37.65,10515062
2886,2024-11-11,37.65,37.84,37.65,37.74,13779951
2886,2024-11-12,37.36,37.89,37.36,37.69,21218774
2886,2024-11-13,37.45,37.93,37.4,37.84,18135057
2886,2024-11-14,37.5,37.89,37.45,37.55,19561830
2886,2024-11-15,37.65,37.93,37.65,37.79,20177475
2886,2024-11-18,37.84,38.27,37.84,38.22,22552238
2886,2024-11-19,38.03,38.51,38.03,38.46,19544048
2886,2024-11-20,38.46,38.46,38.46,38.46,17668528
2886,2024-11-21,38.03,38.22,37.69,37.98,15499724
2886,2024-11-22,37.84,38.32,37.79,38.27,11054946
2886,2024-11-25,38.51,38.66,38.32,38.66,74542823
2886,2024-11-26,38.42,38.61,38.17,38.46,15408644
2886,2024-11-27,38.46,39.04,38.42,38.56,19451459
2886,2024-11-28,38.61,38.75,38.37,38.37,16794183
2886,2024-11-29,38.13,38.51,37.98,38.27,22018470
2886,2024-12-02,38.32,38.56,37.93,37.98,21241562
2886,2024-12-03,38.22,38.7,38.03,38.7,15575220
2886,2024-12-04,38.66,38.7,38.32,38.7,18011471
2886,2024-12-05,38.7,38.8,38.46,38.8,14656396
2886,2024-12-06,38.8,38.85,38.42,38.46,13642878
2886,2024-12-09,38.22,38.46,38.08,38.46,13225037
2886,2024-12-10,38.37,38.61,38.03,38.22,20392616
2886,2024-12-11,38.13,38.13,37.74,37.93,22359707
2886,2024-12-12,37.93,38.03,37.79,37.98,13770379
2886,2024-12-13,37.93,38.03,37.79,37.98,12436462
2886,2024-12-16,38.03,38.32,37.93,38.03,17023929
2886,2024-12-17,38.03,38.17,37.65,37.74,27853279
2886,2024-12-18,37.65,37.84,37.4,37.4,26196280
2886,2024-12-19,37.16,37.5,37.07,37.21,27943573
2886,2024-12-20,37.07,37.36,36.92,37.16,52280886
2886,2024-12-23,37.55,37.69,37.21,37.21,35961449
2886,2024-12-24,37.5,37.74,37.45,37.65,28697285
2886,2024-12-25,37.84,37.84,37.26,37.4,27896642
2886,2024-12-26,37.4,37.55,37.26,37.31,25807167
2886,2024-12-27,37.26,37.45,37.26,37.4,5268684
2886,2024-12-30,37.36,37.6,37.31,37.36,10321445
2886,2024-12-31,37.16,37.36,37.16,37.26,14307063
2886,2025-01-02,37.16,37.26,36.68,36.68,32753034
2886,2025-01-03,36.87,37.16,36.87,36.97,7917986
2886,2025-01-06,37.21,37.5,37.16,37.36,14342746
2886,2025-01-07,37.36,37.5,37.12,37.12,12440463
2886,2025-01-08,37.26,37.36,37.02,37.26,12572683
2886,2025-01-09,37.12,37.45,37.12,37.16,10161869
2886,2025-01-10,36.92,37.31,36.92,37.02,15793305
2886,2025-01-13,37.02,37.26,36.68,37.02,21129636
2886,2025-01-14,37.02,37.5,37.02,37.45,11392095
2886,2025-01-15,37.45,37.6,37.36,37.45,11406019
2886,2025-01-16,37.6,37.79,37.45,37.65,14503590
2886,2025-01-17,37.65,37.69,37.36,37.36,10622498
2886,2025-01-20,37.55,37.6,37.21,37.26,8178497
2886,2025-01-21,37.26,37.65,37.26,37.5,7085629
2886,2025-01-22,37.4,37.55,37.21,37.26,19293870
2886,2025-02-03,37.26,37.79,37.26,37.69,25748027
2886,2025-02-04,37.84,37.84,37.26,37.26,14936057
2886,2025-02-05,37.65,37.79,37.26,37.26,11795301
2886,2025-02-06,37.36,37.55,37.31,37.55,7640323
2886,2025-02-07,37.69,37.79,37.36,37.4,9704328
2886,2025-02-10,37.31,37.36,37.07,37.26,15135390
2886,2025-02-11,37.26,37.4,36.97,37.07,17845288
2886,2025-02-12,37.07,37.26,37.07,37.26,8531844
2886,2025-02-13,37.36,37.45,37.21,37.31,9680680
2886,2025-02-14,37.36,37.5,37.21,37.36,13308817
2886,2025-02-17,37.55,37.65,37.36,37.45,14689876
2886,2025-02-18,37.45,37.74,37.45,37.74,15565137
2886,2025-02-19,37.74,37.84,37.5,37.69,15002797
2886,2025-02-20,37.69,37.89,37.55,37.84,12084773
2886,2025-02-21,37.69,37.93,37.69,37.93,15589955
2886,2025-02-24,37.84,37.98,37.74,37.89,10740157
2886,2025-02-25,37.4,38.17,37.4,37.98,13739306
2886,2025-02-26,37.74,38.46,37.74,38.46,19527814
2886,2025-02-27,38.42,38.51,38.13,38.17,26377230
2886,2025-03-03,38.17,38.7,38.13,38.66,22959290
2886,2025-03-04,38.27,38.51,38.13,38.22,22237119
2886,2025-03-05,38.51,38.61,38.13,38.13,15656144
2886,2025-03-06,38.08,38.51,38.08,38.17,8898799
2886,2025-03-07,38.27,38.37,38.03,38.03,11738464
2886,2025-03-10,38.03,38.46,37.84,38.27,14514846
2886,2025-03-11,37.74,38.32,37.65,38.03,21873521
2886,2025-03-12,38.03,38.22,37.84,37.84,11560291
2886,2025-03-13,37.89,38.32,37.89,38.13,12909029
2886,2025-03-14,38.32,38.42,37.93,38.17,11002145
2886,2025-03-17,38.17,38.37,38.08,38.13,12601739
2886,2025-03-18,38.22,38.51,38.22,38.37,11157264
2886,2025-03-19,38.42,38.51,38.17,38.17,12683339
2886,2025-03-20,38.42,38.51,38.17,38.37,10943893
2886,2025-03-21,38.17,38.66,38.17,38.22,25002047
2886,2025-03-24,38.37,38.61,38.37,38.46,10856008
2886,2025-03-25,38.46,38.66,38.22,38.22,13024070
2886,2025-03-26,38.22,38.51,38.22,38.42,10269280
2886,2025-03-27,38.7,38.7,38.37,38.66,18638990
2886,2025-03-28,38.61,38.9,38.32,38.8,19238356
2886,2025-03-31,38.37,38.9,38.17,38.42,33555773
2886,2025-04-01,38.46,38.7,38.22,38.22,15280203
2886,2025-04-02,38.08,38.37,38.03,38.03,12264617
2886,2025-04-07,34.23,35.48,34.23,34.23,49163075
2886,2025-04-08,35.82,37.21,34.9,36.83,52594550
2886,2025-04-09,37.74,37.84,35.09,35.48,49381892
2886,2025-04-10,38.03,38.32,36.63,36.63,53469740
2886,2025-04-11,36.59,37.12,36.39,36.78,28889941
2886,2025-04-14,36.54,36.87,36.39,36.39,21583588
2886,2025-04-15,36.44,36.63,36.3,36.3,15875609
2886,2025-04-16,36.1,36.39,35.72,36.1,18738929
2886,2025-04-17,36.15,36.25,35.91,35.91,15111186
2886,2025-04-18,36.25,36.25,35.72,36.15,10737493
2886,2025-04-21,35.91,36.3,35.82,36.3,8032336
2886,2025-04-22,36.06,36.3,35.82,36.3,12982043
2886,2025-04-23,36.2,36.44,36.15,36.44,11015708
2886,2025-04-24,36.1,36.44,35.96,36.2,9199939
2886,2025-04-25,36.3,36.35,36.01,36.06,9526517
2886,2025-04-28,36.06,36.15,35.77,35.91,17312007
2886,2025-04-29,35.91,36.2,35.91,36.1,13648314
2886,2025-04-30,36.01,36.49,35.91,36.35,20521461
2886,2025-05-02,36.49,36.49,36.15,36.2,15383214
2886,2025-05-05,36.54,36.97,36.35,36.73,26135622
2886,2025-05-06,37.02,37.16,36.83,36.97,18439200
2886,2025-05-07,37.16,37.36,37.07,37.36,14182774
2886,2025-05-08,37.36,37.4,36.97,37.36,15381779
2886,2025-05-09,37.16,37.74,37.12,37.5,19171038
2886,2025-05-12,37.98,38.37,37.55,38.37,17817679
2886,2025-05-13,37.69,38.42,37.65,38.03,16718139
2886,2025-05-14,38.51,38.61,38.27,38.51,19542843
2886,2025-05-15,38.99,39.28,38.7,39.19,32341414
2886,2025-05-16,38.8,39.33,38.75,39.33,17741210
2886,2025-05-19,38.94,39.67,38.7,39.67,27280768
2886,2025-05-20,39.76,39.76,39.28,39.76,35060537
2886,2025-05-21,39.47,39.62,38.99,39.62,34390927
2886,2025-05-22,39.09,39.23,38.22,38.51,28433923
2886,2025-05-23,38.22,39.14,38.13,39.14,22410260
2886,2025-05-26,39.04,39.14,38.46,39.14,23247569
2886,2025-05-27,38.99,38.99,38.42,38.51,32912755
2886,2025-05-28,38.61,38.7,38.27,38.61,32031948
2886,2025-05-29,38.61,38.61,38.13,38.17,55303844
2886,2025-06-02,37.98,38.17,37.45,37.65,26307674
2886,2025-06-03,37.69,38.17,37.55,37.93,18386407
2886,2025-06-04,37.93,38.46,37.79,38.37,19946173
2886,2025-06-05,38.03,38.56,38.03,38.22,18724992
2886,2025-06-06,38.46,38.7,38.27,38.7,10115621
2886,2025-06-09,38.7,38.8,38.51,38.61,9566961
2886,2025-06-10,38.42,38.99,38.42,38.56,12562868
2886,2025-06-11,38.37,38.66,38.32,38.66,11362367
2886,2025-06-12,38.66,38.99,38.66,38.9,10597524
2886,2025-06-13,38.42,39.43,38.42,39.33,23588994
2886,2025-06-16,39.28,39.43,38.9,39.23,13649356
2886,2025-06-17,39.28,39.38,39.09,39.09,13888428
2886,2025-06-18,39.19,39.38,38.94,39.23,12804194
2886,2025-06-19,38.99,39.43,38.9,38.9,16203119
2886,2025-06-20,38.99,39.23,38.85,38.85,20096857
2886,2025-06-23,38.66,38.85,38.46,38.66,17264737
2886,2025-06-24,39.28,39.52,38.99,39.04,17481063
2886,2025-06-25,39.47,39.52,39.28,39.43,25031109
2886,2025-06-26,39.57,40.0,39.14,39.43,28241107
2886,2025-06-27,39.28,39.76,39.23,39.62,30537277
2886,2025-06-30,39.19,39.81,39.19,39.52,25964577
2886,2025-07-01,39.28,40.0,39.14,40.0,51914592
2886,2025-07-02,39.52,40.2,39.52,40.2,27507637
2886,2025-07-03,40.24,40.24,39.57,40.15,29051751
2886,2025-07-04,40.15,40.53,39.04,39.72,134535131
2886,2025-07-07,39.67,40.53,39.67,40.44,39353757
2886,2025-07-08,40.49,40.77,40.39,40.77,26332615
2886,2025-07-09,40.49,40.63,40.05,40.39,16083308
2886,2025-07-10,40.0,40.77,39.91,40.73,19961319
2886,2025-07-11,40.68,40.92,40.63,40.92,15975937
2886,2025-07-14,40.73,41.01,40.58,40.92,14218876
2886,2025-07-15,40.49,40.82,40.1,40.44,20042368
2886,2025-07-16,40.2,40.68,40.05,40.63,19990292
2886,2025-07-17,40.63,40.68,40.2,40.49,19572696
2886,2025-07-18,40.58,40.63,40.29,40.63,17775691
2886,2025-07-21,40.63,40.82,40.49,40.68,17256215
2886,2025-07-22,40.68,41.21,40.58,41.11,21015455
2886,2025-07-23,41.26,41.35,40.73,41.3,18222488
2886,2025-07-24,41.06,41.3,40.97,41.26,15772074
2886,2025-07-25,41.11,41.4,41.11,41.16,18202005
2886,2025-07-28,41.26,41.3,41.06,41.16,15725389
2886,2025-07-29,41.01,41.21,40.87,41.06,13962377
2886,2025-07-30,41.11,41.59,41.11,41.26,25658566
2886,2025-07-31,40.92,41.35,40.77,41.01,26646666
2886,2025-08-04,41.06,41.4,41.01,41.35,21441039
2886,2025-08-05,41.35,41.59,41.26,41.26,31307600
2886,2025-08-06,41.26,41.4,41.16,41.4,24361871
2886,2025-08-07,41.2,41.55,40.3,40.6,44530020
2886,2025-08-08,40.6,40.75,40.25,40.6,21067176
2886,2025-08-11,40.5,40.85,40.5,40.85,20286758
2886,2025-08-12,41.2,41.95,41.2,41.5,23016172
2886,2025-08-13,41.7,41.95,41.45,41.95,13990157
2886,2025-08-14,42.0,42.9,41.95,42.8,17319930
2886,2025-08-15,42.8,42.8,42.3,42.3,10349397
2886,2025-08-18,42.3,43.0,41.95,42.75,19462883
2886,2025-08-19,42.3,42.55,42.2,42.25,5154572
2886,2025-08-20,42.4,42.45,41.8,41.8,14513557
2886,2025-08-21,42.1,42.15,41.25,41.55,18037198
2886,2025-08-22,41.4,41.8,40.95,41.05,17022526
2886,2025-08-25,41.4,41.5,40.8,41.0,13137481
2886,2025-08-26,41.0,41.0,40.05,40.05,43678289
2886,2025-08-27,40.15,40.6,40.15,40.25,16004032
2886,2025-08-28,40.25,40.85,40.25,40.35,19273030
2886,2025-08-29,40.45,40.5,39.95,40.05,24947082
2886,2025-09-01,40.4,41.05,40.35,40.8,18344383
2886,2025-09-02,40.8,41.1,40.7,41.1,8332769
2886,2025-09-03,41.0,41.3,41.0,41.1,6920684
2886,2025-09-04,41.1,41.4,41.0,41.1,11516461
2886,2025-09-05,41.1,41.4,41.05,41.25,8415582
2886,2025-09-08,41.1,41.15,40.85,40.85,7785168
2886,2025-09-09,40.95,41.4,40.85,41.4,12547131
2886,2025-09-10,41.3,41.7,41.2,41.55,13606634
2886,2025-09-11,41.45,41.65,41.35,41.5,12232831
2886,2025-09-12,41.5,41.65,41.3,41.55,10298174
2886,2025-09-15,41.75,41.8,41.3,41.45,10856203
2886,2025-09-16,41.55,41.7,41.15,41.25,8652073
2886,2025-09-17,41.15,41.3,41.0,41.25,8594731
2886,2025-09-18,41.4,41.45,40.95,41.45,11757306
2886,2025-09-19,41.5,41.75,41.2,41.75,19171369
2886,2025-09-22,41.8,41.8,41.4,41.6,14670422
2886,2025-09-23,41.5,41.7,41.4,41.7,12458165
2886,2025-09-24,41.7,41.95,41.6,41.95,13339924
2886,2025-09-25,42.05,42.25,41.75,41.95,16839328
2886,2025-09-26,41.95,42.1,41.65,42.0,13577090
2886,2025-09-30,42.4,42.5,42.05,42.5,20383846
2886,2025-10-01,42.45,42.45,42.1,42.3,12887402
2886,2025-10-02,42.3,42.4,42.05,42.05,13458248
2886,2025-10-03,42.2,42.2,41.7,41.8,10889095
2886,2025-10-07,41.55,42.0,41.4,41.85,14087813
2886,2025-10-08,42.0,42.15,41.8,41.95,7353278
2886,2025-10-09,41.95,42.05,41.75,42.0,10357378
2886,2025-10-13,42.0,42.0,41.1,41.65,20225833
2886,2025-10-14,41.5,42.25,41.5,42.1,17022893
2886,2025-10-15,42.1,42.1,41.65,42.0,18135302
2886,2025-10-16,41.95,42.2,41.75,41.85,13943401
2886,2025-10-17,41.95,42.15,41.55,41.55,10577353
2886,2025-10-20,41.85,41.9,41.35,41.75,7357088
2886,2025-10-21,41.9,41.95,41.65,41.8,6164371
2886,2025-10-22,41.6,41.95,41.5,41.75,10268975
2886,2025-10-23,41.5,41.75,41.45,41.55,11222342
2886,2025-10-27,41.85,41.9,40.95,41.2,27328409
2886,2025-10-28,41.35,41.4,40.85,40.95,14170984
2886,2025-10-29,40.95,41.1,40.55,40.7,14805027
2886,2025-10-30,40.65,40.95,40.45,40.95,23187269
2886,2025-10-31,41.2,41.25,40.35,40.4,22022671
2886,2025-11-03,40.45,40.65,40.3,40.4,20912333
2886,2025-11-04,40.4,40.7,40.4,40.65,13206524
2886,2025-11-05,40.6,40.8,40.05,40.8,15184673
2886,2025-11-06,41.0,41.0,40.3,40.45,22232582
2886,2025-11-07,40.4,40.7,40.3,40.3,12648261
2886,2025-11-10,40.65,40.65,40.2,40.45,10714626
2886,2025-11-11,40.3,40.45,40.2,40.25,10214306
2886,2025-11-12,40.5,40.65,40.2,40.2,16302891
2886,2025-11-13,40.2,40.25,40.0,40.0,14895888
2886,2025-11-14,39.95,40.2,39.7,39.9,12865063
2886,2025-11-17,39.9,40.0,39.4,39.55,18344011
2886,2025-11-18,39.3,39.7,39.25,39.4,23452471
2886,2025-11-19,39.8,39.8,38.95,38.95,24743791
2886,2025-11-20,39.2,39.65,39.05,39.65,16257464
2886,2025-11-21,39.65,39.85,39.15,39.5,20367070
2886,2025-11-24,39.7,40.35,39.6,40.35,58364636
2886,2025-11-25,40.05,40.15,39.45,39.55,21242177
2886,2025-11-26,40.0,40.3,39.9,40.3,17523758
2886,2025-11-27,40.1,40.7,40.1,40.55,14371558
2886,2025-11-28,40.4,40.55,40.05,40.1,11168253
2886,2025-12-01,39.8,40.5,39.8,40.3,15308055
2886,2025-12-02,40.1,40.55,40.1,40.2,17968239
2886,2025-12-03,40.2,40.35,39.9,40.1,10447805
2886,2025-12-04,40.05,40.55,40.05,40.55,17442104
2886,2025-12-05,40.4,40.85,40.4,40.85,5709252
2886,2025-12-08,40.75,40.75,40.35,40.55,7100494
2886,2025-12-09,40.25,40.7,40.25,40.7,10545454
2886,2025-12-10,40.7,40.8,40.5,40.65,6259260
2886,2025-12-11,40.8,40.9,40.45,40.9,10444030
2886,2025-12-12,40.95,41.45,40.85,41.15,16720282
2886,2025-12-15,41.1,41.7,40.85,41.45,16989316
2886,2025-12-16,40.4,40.95,40.2,40.35,37342159
2886,2025-12-17,40.55,41.0,40.3,40.35,32590845
2886,2025-12-18,40.35,40.8,40.2,40.4,35917031
2886,2025-12-19,40.25,41.05,40.25,40.6,37122778
2886,2025-12-22,40.65,41.2,40.65,41.2,31767380
2886,2025-12-23,41.05,41.2,40.7,40.95,12559415
2886,2025-12-24,40.95,40.95,40.6,40.7,11532363
2886,2025-12-26,40.7,40.85,40.4,40.6,14227068
2886,2025-12-29,40.6,40.6,40.25,40.35,11012699
2886,2025-12-30,40.35,40.45,40.15,40.15,15080931
2886,2025-12-31,40.25,40.45,40.0,40.0,10574811
2886,2026-01-02,40.0,40.4,39.95,40.3,10111627
2886,2026-01-05,40.25,40.6,40.1,40.3,12399787
2886,2026-01-06,40.6,40.85,40.45,40.55,17140773
2886,2026-01-07,40.55,40.55,40.2,40.35,14689660
2886,2026-01-08,40.35,40.6,40.25,40.45,16196362
2886,2026-01-09,40.5,40.95,40.4,40.65,13580322
2886,2026-01-12,40.65,40.65,40.25,40.3,13152092
2886,2026-01-13,40.6,40.6,40.3,40.4,13396235
2886,2026-01-14,40.6,40.6,40.15,40.5,15147132
2886,2026-01-15,40.5,40.75,40.45,40.65,13998029
2886,2026-01-16,40.65,41.05,40.6,40.9,19401410
2886,2026-01-19,40.7,41.1,40.45,40.55,17698719
2886,2026-01-20,40.55,40.55,40.0,40.0,24596433
2886,2026-01-21,40.0,40.15,39.8,39.8,24148822
2886,2026-01-22,40.0,40.15,39.75,39.75,21723218
2886,2026-01-23,39.8,39.9,39.55,39.7,18940194
2886,2026-01-26,39.75,39.75,39.45,39.55,23665003
2886,2026-01-27,39.75,39.9,39.45,39.45,24416854
2886,2026-01-28,39.6,39.75,39.2,39.4,20617975
2886,2026-01-29,39.2,39.5,39.15,39.35,22930885
2886,2026-01-30,39.4,39.4,38.6,38.8,48385141
2886,2026-02-02,39.05,39.05,38.4,38.8,19406430
2886,2026-02-03,38.8,39.15,38.8,38.9,11216432
2886,2026-02-04,39.1,39.65,39.05,39.15,11712952
2886,2026-02-05,39.3,39.8,39.3,39.7,19143247
2886,2026-02-06,39.4,39.8,39.35,39.8,14569913
2886,2026-02-09,39.95,40.0,39.65,39.8,15219502
2886,2026-02-10,39.8,39.95,39.65,39.8,17388751
2886,2026-02-11,40.0,40.1,39.85,40.05,24950976
2886,2026-02-23,40.65,40.95,40.2,40.95,36989041
2886,2026-02-24,40.95,40.95,40.55,40.8,22269722
2886,2026-02-25,40.8,40.85,40.35,40.55,20081405
2886,2026-02-26,40.5,40.85,40.35,40.55,30597335
2886,2026-03-02,40.8,40.95,40.0,40.2,20688441
2886,2026-03-03,40.0,40.5,40.0,40.4,19642326
2886,2026-03-04,39.8,40.15,38.8,38.9,32168570
2886,2026-03-05,39.2,39.6,39.0,39.3,17531994
2886,2026-03-06,39.2,39.5,38.95,39.3,13870677
2886,2026-03-09,37.85,39.3,37.85,39.2,27857133
2886,2026-03-10,39.5,39.65,38.8,39.05,18723760
2886,2026-03-11,39.05,39.4,39.0,39.3,12203263
2886,2026-03-12,38.9,39.05,38.6,38.8,23664539
2886,2026-03-13,38.75,39.15,38.65,38.75,22414497
2886,2026-03-16,39.0,39.2,38.75,39.0,12674115
2886,2026-03-17,39.4,39.6,39.1,39.35,17106174
2886,2026-03-18,39.6,39.6,39.05,39.3,19321305
2886,2026-03-19,39.05,39.05,38.8,38.95,19708739
2886,2026-03-20,39.15,39.15,38.7,38.75,30501821
2886,2026-03-23,38.2,38.55,37.9,38.35,21440493
2886,2026-03-24,38.4,39.0,38.35,38.85,19345748
2886,2026-03-25,39.5,39.5,38.75,39.15,24161999
2886,2026-03-26,39.4,39.4,38.85,39.1,19722994
2886,2026-03-27,38.95,39.2,38.7,39.1,26503665
2886,2026-03-30,38.2,39.05,38.2,38.65,38526261
2886,2026-03-31,38.5,38.9,38.25,38.45,33354746
2886,2026-04-01,38.95,39.25,38.65,38.95,24942301
2886,2026-04-02,39.1,39.3,38.7,39.25,21332392
2886,2026-04-07,39.25,39.45,39.0,39.4,16920903
2886,2026-04-08,39.9,39.9,38.9,39.35,27404099
2886,2026-04-09,39.35,39.75,39.25,39.75,30862736
2886,2026-04-10,39.75,39.9,39.6,39.85,24589196
2886,2026-04-13,39.85,39.85,39.05,39.3,22162955
2886,2026-04-14,39.75,39.75,39.15,39.35,15728831
2886,2026-04-15,39.3,39.6,39.2,39.5,22131893
2886,2026-04-16,39.65,40.0,39.55,39.95,19717694
2886,2026-04-17,40.0,40.0,39.25,39.5,19763430
2886,2026-04-20,39.5,40.0,39.35,39.75,26182490
2886,2026-04-21,39.8,39.9,39.05,39.45,33846561
2886,2026-04-22,39.35,39.75,39.35,39.5,31974297
2886,2026-04-23,39.3,39.8,39.3,39.8,32094742
2886,2026-04-24,39.8,39.8,39.45,39.55,28367037
2886,2026-04-27,39.35,40.2,39.2,39.8,36507883
2886,2026-04-28,39.65,40.2,39.6,40.15,32463526
2886,2026-04-29,40.45,40.45,39.8,40.1,19586223
2886,2026-04-30,39.35,39.95,39.1,39.1,31844610
2886,2026-05-04,39.6,39.6,39.0,39.0,22014115
2886,2026-05-05,39.0,39.3,38.7,39.1,11185938
2886,2026-05-06,39.4,39.7,39.15,39.55,16493684
2886,2026-05-07,39.4,40.0,39.4,39.65,19825732
2886,2026-05-08,40.0,40.2,39.65,40.2,20973307
2886,2026-05-11,40.2,40.5,40.0,40.1,20184808
2886,2026-05-12,40.1,40.1,39.2,39.2,23118287
2886,2026-05-13,39.35,39.8,39.1,39.55,18165656
2886,2026-05-14,39.25,39.65,39.25,39.3,14253283
2886,2026-05-15,39.6,40.0,39.35,39.4,14453194
2886,2026-05-18,39.8,39.85,39.4,39.55,28083157
2886,2026-05-19,39.65,41.4,39.65,40.65,57031611
2886,2026-05-20,41.0,41.0,40.1,40.3,37022894
2886,2026-05-21,40.3,40.5,40.05,40.2,26180304
2886,2026-05-22,40.1,40.3,39.9,39.9,28754621
2886,2026-05-25,39.9,39.9,39.5,39.5,34120544
2886,2026-05-26,39.5,40.05,39.4,39.4,31406525
2886,2026-05-27,39.6,39.95,39.4,39.45,29099152
2886,2026-05-28,39.8,40.25,39.5,39.8,36559482
2886,2026-05-29,40.45,40.85,40.0,40.0,119866179
2886,2026-06-01,40.2,41.45,40.1,41.45,49024551
2886,2026-06-02,41.2,42.4,41.05,41.7,69141625
2886,2026-06-03,41.6,42.45,40.9,41.65,51474084
2886,2026-06-04,42.0,42.7,41.75,42.1,47163707
2886,2026-06-05,41.85,42.35,41.55,41.95,31571023
2886,2026-06-08,41.15,41.55,40.8,41.2,29168438
2886,2026-06-09,41.0,43.55,41.0,43.55,58617935
2886,2026-06-10,43.45,43.7,42.7,43.4,38417031
2886,2026-06-11,43.55,43.6,42.65,43.4,30140016
2886,2026-06-12,43.45,43.95,43.1,43.4,35987622
2886,2026-06-15,44.95,44.95,43.4,44.0,28423027
2886,2026-06-16,43.85,44.85,43.5,44.5,21485705
2886,2026-06-17,44.2,45.45,44.2,45.1,31491508
2886,2026-06-18,45.1,46.0,44.85,45.5,72179280
1216,2024-06-18,75.92,76.2,74.99,75.74,8563737
1216,2024-06-19,76.2,76.57,75.08,76.29,9445343
1216,2024-06-20,75.74,75.74,74.71,75.27,9152269
1216,2024-06-21,75.27,76.2,74.99,75.74,10922217
1216,2024-06-24,76.48,77.04,75.27,77.04,10710029
1216,2024-06-25,77.31,77.59,76.11,77.31,10155300
1216,2024-06-26,76.66,77.31,76.39,76.85,6460774
1216,2024-06-27,76.11,76.11,75.27,76.11,10851002
1216,2024-06-28,76.11,76.57,75.36,75.55,8965559
1216,2024-07-01,75.55,76.2,75.18,75.74,4089704
1216,2024-07-02,75.27,76.48,75.18,76.2,7765211
1216,2024-07-03,76.2,77.04,75.92,76.2,9925163
1216,2024-07-04,77.04,78.71,76.76,78.24,10371898
1216,2024-07-05,78.52,79.08,77.59,78.24,5764180
1216,2024-07-08,78.15,78.24,77.41,77.78,7180641
1216,2024-07-09,78.06,78.99,77.59,78.71,7975565
1216,2024-07-10,79.08,79.08,78.15,78.71,6573890
1216,2024-07-11,78.52,79.73,78.34,79.45,6302967
1216,2024-07-12,79.45,80.38,78.99,79.64,7143849
1216,2024-07-15,79.92,80.66,79.55,80.38,6864511
1216,2024-07-16,80.38,80.38,78.52,78.89,14913781
1216,2024-07-17,78.99,79.36,78.06,78.8,10779478
1216,2024-07-18,78.99,81.78,78.71,81.22,15194480
1216,2024-07-19,80.38,81.59,79.36,80.75,12825668
1216,2024-07-22,80.85,82.05,80.01,82.05,14650019
1216,2024-07-23,83.73,84.01,81.68,82.24,12034119
1216,2024-07-26,85.68,86.24,79.73,81.03,19027369
1216,2024-07-29,81.96,82.15,78.99,80.29,15190054
1216,2024-07-30,80.66,80.66,77.97,79.64,9262638
1216,2024-07-31,78.99,79.73,77.97,77.97,12803916
1216,2024-08-01,75.65,77.39,75.56,77.0,38293783
1216,2024-08-02,76.13,77.0,75.65,76.33,17200983
1216,2024-08-05,74.88,75.17,72.76,74.4,23086222
1216,2024-08-06,75.36,76.13,74.21,76.04,19601620
1216,2024-08-07,75.17,75.94,74.88,75.46,11127978
1216,2024-08-08,74.98,77.29,74.69,76.33,16154963
1216,2024-08-09,76.81,79.51,76.71,78.83,14055840
1216,2024-08-12,79.6,80.18,78.06,79.03,7971027
1216,2024-08-13,79.89,79.99,78.83,79.7,7278096
1216,2024-08-14,79.99,80.37,79.22,79.7,9961749
1216,2024-08-15,80.57,80.57,77.87,78.06,7147592
1216,2024-08-16,79.22,79.51,77.97,78.25,9057189
1216,2024-08-19,78.83,78.83,77.29,77.58,5648702
1216,2024-08-20,77.77,78.25,77.0,77.68,9015101
1216,2024-08-21,78.16,78.74,77.87,78.74,6921661
1216,2024-08-22,78.74,79.03,77.97,79.03,6565555
1216,2024-08-23,78.83,79.12,78.35,78.83,4937904
1216,2024-08-26,78.83,79.22,78.16,78.54,7009499
1216,2024-08-27,78.25,80.37,78.06,80.37,13069623
1216,2024-08-28,80.28,80.28,79.22,79.8,8115185
1216,2024-08-29,80.37,80.47,79.22,79.22,9924955
1216,2024-08-30,79.7,79.99,78.93,79.6,16861103
1216,2024-09-02,79.8,79.89,78.64,79.41,6388552
1216,2024-09-03,79.12,80.37,79.03,80.09,6571697
1216,2024-09-04,78.16,79.89,77.68,78.74,14367092
1216,2024-09-05,79.31,79.89,78.93,79.12,7331485
1216,2024-09-06,79.6,81.15,78.93,80.57,9356076
1216,2024-09-09,78.83,81.24,78.83,80.95,10460326
1216,2024-09-10,80.95,84.13,80.66,83.84,12366885
1216,2024-09-11,84.13,84.81,82.98,82.98,7913567
1216,2024-09-12,83.46,84.61,82.98,84.33,10693315
1216,2024-09-13,84.33,84.61,83.46,84.04,6841488
1216,2024-09-16,84.52,84.61,82.69,83.36,6889056
1216,2024-09-18,83.36,84.33,82.69,83.65,7990627
1216,2024-09-19,83.65,84.61,83.27,84.61,9120332
1216,2024-09-20,84.62,85.48,84.33,84.9,10243234
1216,2024-09-23,85.0,85.1,84.23,84.71,4720179
1216,2024-09-24,84.61,86.25,84.61,86.25,7271892
1216,2024-09-25,86.83,86.83,85.68,86.45,7218056
1216,2024-09-26,87.31,87.31,85.58,86.35,7837852
1216,2024-09-27,86.93,86.93,84.81,85.48,7081243
1216,2024-09-30,86.45,86.45,84.04,84.04,12567300
1216,2024-10-01,84.23,85.77,82.78,85.77,7493023
1216,2024-10-04,85.1,85.48,83.84,83.94,12143292
1216,2024-10-07,84.33,85.96,83.36,84.04,9246534
1216,2024-10-08,83.46,84.33,82.88,84.13,7202790
1216,2024-10-09,83.55,84.71,83.55,84.52,5262020
1216,2024-10-11,85.48,85.48,83.27,83.46,5774139
1216,2024-10-14,83.27,84.81,83.07,84.81,4507446
1216,2024-10-15,84.52,85.77,84.23,85.29,10342798
1216,2024-10-16,84.62,85.58,83.94,85.1,14318028
1216,2024-10-17,85.48,86.54,84.81,86.45,6903586
1216,2024-10-18,86.74,87.12,86.06,86.45,6897194
1216,2024-10-21,87.12,87.12,85.1,86.25,4731681
1216,2024-10-22,85.68,86.06,84.9,85.58,4287855
1216,2024-10-23,86.16,86.16,84.71,84.9,4621700
1216,2024-10-24,85.0,86.54,85.0,86.54,7193309
1216,2024-10-25,86.54,86.54,85.68,85.68,3678451
1216,2024-10-28,86.35,87.22,86.06,86.54,3955818
1216,2024-10-29,85.96,86.64,85.29,85.87,6426741
1216,2024-10-30,86.64,87.12,86.25,86.45,6423777
1216,2024-11-01,82.4,86.93,82.4,85.39,13017343
1216,2024-11-04,84.33,85.48,84.13,85.48,6739610
1216,2024-11-05,85.1,86.93,85.0,86.93,6053131
1216,2024-11-06,86.06,86.74,85.39,85.48,5353133
1216,2024-11-07,84.81,85.96,84.71,85.0,3969179
1216,2024-11-08,85.39,85.48,83.55,84.13,7188704
1216,2024-11-11,84.13,84.13,82.98,83.84,5451434
1216,2024-11-12,82.88,83.65,82.59,82.88,9588453
1216,2024-11-13,82.3,84.13,82.01,83.75,8947889
1216,2024-11-14,82.98,83.84,82.69,82.88,8425920
1216,2024-11-15,84.04,84.13,82.4,82.78,8163607
1216,2024-11-18,82.88,83.27,81.15,81.82,9380111
1216,2024-11-19,81.82,81.92,80.18,81.63,11279461
1216,2024-11-20,82.88,82.88,82.88,82.88,10666205
1216,2024-11-21,82.01,82.59,81.53,82.4,9764517
1216,2024-11-22,82.4,83.17,82.01,82.01,5833039
1216,2024-11-25,82.88,84.13,82.78,83.84,13763861
1216,2024-11-26,83.17,83.36,82.3,82.98,4622144
1216,2024-11-27,82.88,83.75,82.78,83.36,4359738
1216,2024-11-28,83.36,83.84,82.4,82.78,4181807
1216,2024-11-29,81.72,82.69,81.43,81.43,7456891
1216,2024-12-02,81.53,82.49,81.53,82.49,4910520
1216,2024-12-03,82.01,83.07,82.01,82.98,5585176
1216,2024-12-04,83.17,83.36,82.49,83.36,5743285
1216,2024-12-05,83.36,83.36,82.3,82.49,3132250
1216,2024-12-06,83.27,83.27,82.21,83.27,4866776
1216,2024-12-09,82.69,82.88,81.53,81.53,7115319
1216,2024-12-10,81.53,82.01,81.05,81.92,4861761
1216,2024-12-11,81.92,82.3,81.53,82.3,3823603
1216,2024-12-12,81.82,82.21,81.15,81.24,4280034
1216,2024-12-13,81.05,81.43,80.76,81.24,4969795
1216,2024-12-16,81.72,82.59,81.43,82.59,6601529
1216,2024-12-17,81.82,82.49,80.57,80.57,11422068
1216,2024-12-18,80.37,81.05,80.28,81.05,9718636
1216,2024-12-19,79.6,80.66,79.12,79.7,9240572
1216,2024-12-20,78.83,79.51,78.06,78.06,15657890
1216,2024-12-23,78.45,80.57,78.45,80.09,7795472
1216,2024-12-24,80.18,80.76,79.89,80.37,3599342
1216,2024-12-25,81.05,81.05,80.09,80.76,1434155
1216,2024-12-26,80.76,80.86,79.41,79.41,2455686
1216,2024-12-27,80.28,80.28,79.31,79.8,1481660
1216,2024-12-30,79.31,79.8,78.93,78.93,3567306
1216,2024-12-31,78.35,78.64,77.87,77.97,6581622
1216,2025-01-02,77.48,77.97,76.04,77.0,15801021
1216,2025-01-03,77.48,78.06,76.23,76.71,14002175
1216,2025-01-06,76.91,78.06,76.71,77.97,17088207
1216,2025-01-07,78.25,78.93,76.13,76.62,16552693
1216,2025-01-08,76.62,76.81,75.46,75.85,15621640
1216,2025-01-09,75.75,76.33,75.17,75.75,6376767
1216,2025-01-10,75.27,76.13,74.98,75.65,4431232
1216,2025-01-13,75.27,75.65,74.21,75.17,6895308
1216,2025-01-14,75.85,76.42,75.65,76.13,4765760
1216,2025-01-15,75.94,76.13,74.88,74.88,5638876
1216,2025-01-16,76.04,76.23,75.46,75.94,5577911
1216,2025-01-17,76.42,76.42,75.07,75.65,5175190
1216,2025-01-20,75.85,75.85,74.98,74.98,4168716
1216,2025-01-21,75.07,75.85,74.69,75.56,4020739
1216,2025-01-22,76.13,76.13,75.36,75.56,6581599
1216,2025-02-03,73.44,76.42,73.44,76.33,14569120
1216,2025-02-04,76.62,76.91,75.46,75.56,9804252
1216,2025-02-05,76.42,77.0,75.85,76.33,7503709
1216,2025-02-06,76.13,76.91,75.94,76.91,6266150
1216,2025-02-07,76.62,76.91,76.33,76.71,5649239
1216,2025-02-10,76.52,76.71,75.94,76.52,4908694
1216,2025-02-11,76.91,76.91,75.94,76.23,4663804
1216,2025-02-12,76.42,77.1,76.33,77.1,5608234
1216,2025-02-13,77.68,78.35,77.19,77.97,8045594
1216,2025-02-14,77.87,78.35,77.39,77.97,5801960
1216,2025-02-17,78.54,78.64,78.16,78.35,4941389
1216,2025-02-18,78.06,78.25,77.77,78.06,4384504
1216,2025-02-19,78.06,78.54,77.87,78.54,5417806
1216,2025-02-20,78.35,79.22,78.16,79.03,4229307
1216,2025-02-21,79.51,80.18,79.41,79.8,5686326
1216,2025-02-24,79.31,80.18,79.22,79.51,3969693
1216,2025-02-25,79.03,79.8,79.03,79.12,4147049
1216,2025-02-26,78.93,79.99,78.54,79.8,6327930
1216,2025-02-27,79.51,79.7,78.54,78.54,12249905
1216,2025-03-03,78.35,80.57,78.35,80.57,11912651
1216,2025-03-04,79.41,80.09,78.54,78.54,7992384
1216,2025-03-05,79.41,79.6,78.93,79.41,5968109
1216,2025-03-06,79.03,80.57,78.83,79.99,7919068
1216,2025-03-07,79.51,79.51,78.25,78.25,9599475
1216,2025-03-10,78.74,79.89,78.74,79.89,7010067
1216,2025-03-11,78.45,79.99,78.45,79.6,11268041
1216,2025-03-12,79.99,80.57,79.51,80.09,7321477
1216,2025-03-13,80.28,80.37,79.22,79.31,7940983
1216,2025-03-14,79.89,80.37,78.83,79.41,6391433
1216,2025-03-17,78.93,79.41,78.16,78.54,9982416
1216,2025-03-18,78.93,79.7,78.83,79.12,7696384
1216,2025-03-19,79.31,79.31,77.77,77.87,8065035
1216,2025-03-20,77.77,78.64,77.77,78.35,7772067
1216,2025-03-21,78.35,79.31,77.97,79.12,12129806
1216,2025-03-24,78.74,79.6,78.74,79.03,4284764
1216,2025-03-25,79.41,80.18,78.83,79.51,5822579
1216,2025-03-26,79.6,79.7,79.03,79.31,5915545
1216,2025-03-27,79.31,80.18,79.12,79.99,7109271
1216,2025-03-28,79.6,79.7,78.93,79.31,6398346
1216,2025-03-31,78.25,79.12,77.58,77.58,11572347
1216,2025-04-01,78.16,79.31,78.16,79.12,7508753
1216,2025-04-02,78.54,79.41,78.54,78.93,5614224
1216,2025-04-07,71.12,73.72,71.12,71.8,20944183
1216,2025-04-08,74.01,76.23,73.05,75.46,30187322
1216,2025-04-09,72.47,77.1,72.28,72.28,26880316
1216,2025-04-10,77.97,78.83,74.98,75.56,32748735
1216,2025-04-11,75.56,76.81,74.98,75.17,21861805
1216,2025-04-14,74.79,75.94,73.72,73.72,16472176
1216,2025-04-15,73.72,74.21,72.86,72.86,20232746
1216,2025-04-16,72.38,74.01,71.99,74.01,16884453
1216,2025-04-17,73.24,73.63,72.28,72.86,14508650
1216,2025-04-18,72.66,72.86,72.09,72.18,8476546
1216,2025-04-21,72.57,72.86,71.8,71.99,9527618
1216,2025-04-22,71.99,72.86,71.22,72.66,20295079
1216,2025-04-23,72.66,74.69,72.28,74.69,17110697
1216,2025-04-24,74.21,74.4,73.24,73.72,12382036
1216,2025-04-25,73.72,74.11,73.05,73.44,11669656
1216,2025-04-28,73.82,74.5,73.53,74.01,6879655
1216,2025-04-29,73.82,74.21,73.63,73.92,7532732
1216,2025-04-30,73.63,74.4,73.53,74.01,8330610
1216,2025-05-02,74.5,75.36,74.3,75.27,6865318
1216,2025-05-05,76.42,79.12,76.13,77.87,22814925
1216,2025-05-06,78.54,79.31,77.48,77.77,12201691
1216,2025-05-07,78.54,78.54,77.48,77.77,8290687
1216,2025-05-08,77.39,78.35,77.39,77.77,6185112
1216,2025-05-09,77.1,78.45,76.81,78.25,8872324
1216,2025-05-12,79.03,79.03,77.19,77.39,9383008
1216,2025-05-13,76.91,77.1,75.56,75.85,11541232
1216,2025-05-14,76.62,76.62,75.17,75.65,12470835
1216,2025-05-15,75.94,76.71,75.17,76.62,14388230
1216,2025-05-16,75.94,76.71,75.75,76.71,10175911
1216,2025-05-19,76.91,80.18,76.81,79.99,29197608
1216,2025-05-20,79.99,80.66,78.54,78.54,15473621
1216,2025-05-21,78.54,79.03,77.77,78.06,15180807
1216,2025-05-22,77.58,78.16,77.0,77.48,12932169
1216,2025-05-23,77.1,77.48,76.71,77.0,13564798
1216,2025-05-26,77.0,77.0,75.85,76.81,24918000
1216,2025-05-27,77.1,78.83,77.0,77.87,23400998
1216,2025-05-28,78.06,78.35,77.48,78.35,10927092
1216,2025-05-29,78.54,78.64,76.71,76.71,21509862
1216,2025-06-02,76.62,77.39,76.04,76.13,19360654
1216,2025-06-03,76.33,76.91,75.46,76.42,26679312
1216,2025-06-04,76.42,77.0,75.94,75.94,16648716
1216,2025-06-05,75.94,77.1,75.94,76.81,8758163
1216,2025-06-06,77.0,77.1,76.23,76.23,9060346
1216,2025-06-09,76.71,77.48,76.23,76.23,9456383
1216,2025-06-10,76.33,76.62,76.04,76.23,12680601
1216,2025-06-11,76.23,76.91,75.94,75.94,12819452
1216,2025-06-12,76.52,76.62,75.94,76.33,7989373
1216,2025-06-13,76.04,77.19,76.04,76.81,12294792
1216,2025-06-16,76.62,77.48,76.52,76.52,13752525
1216,2025-06-17,76.91,77.48,75.56,76.04,24425164
1216,2025-06-18,75.85,76.04,75.07,75.17,26220814
1216,2025-06-19,75.17,75.56,74.5,74.69,25551095
1216,2025-06-20,74.88,75.94,74.59,75.07,50801058
1216,2025-06-23,74.98,76.33,74.5,76.33,39548154
1216,2025-06-24,76.71,77.1,75.94,77.0,46287341
1216,2025-06-25,77.1,77.29,76.13,76.52,41627745
1216,2025-06-26,76.71,78.06,76.42,77.39,43590492
1216,2025-06-27,77.39,77.97,77.0,77.19,28409623
1216,2025-06-30,77.87,79.41,77.58,78.06,28704637
1216,2025-07-01,78.16,79.51,78.06,78.74,19525841
1216,2025-07-02,77.68,79.12,77.68,79.03,19296556
1216,2025-07-03,78.45,79.22,77.97,78.16,18913855
1216,2025-07-04,78.74,79.89,78.35,79.51,11076565
1216,2025-07-07,79.12,80.37,79.12,79.7,7375943
1216,2025-07-08,79.8,80.95,79.8,80.76,11365067
1216,2025-07-09,80.37,80.95,79.99,80.47,11760079
1216,2025-07-10,80.09,81.53,80.09,80.95,9014025
1216,2025-07-11,80.86,82.21,80.76,81.82,10873771
1216,2025-07-14,82.21,83.46,81.92,82.21,12208190
1216,2025-07-15,81.92,82.78,81.24,81.53,9944684
1216,2025-07-16,80.95,82.88,80.95,82.4,11784428
1216,2025-07-17,82.3,83.07,82.01,82.78,11384938
1216,2025-07-18,82.78,83.36,82.4,82.98,10764882
1216,2025-07-21,83.07,83.65,82.49,83.46,10698967
1216,2025-07-22,83.46,83.94,82.98,83.84,11752084
1216,2025-07-23,83.94,84.04,83.07,83.17,11882721
1216,2025-07-24,83.17,83.36,81.92,82.3,9115566
1216,2025-07-25,81.92,82.78,81.82,81.82,8300927
1216,2025-07-28,81.92,82.4,79.8,80.37,15797084
1216,2025-07-29,80.37,80.57,79.12,79.6,9838866
1216,2025-07-30,79.51,79.89,79.22,79.7,8183426
1216,2025-07-31,79.7,79.7,78.6,79.2,16379939
1216,2025-08-04,79.2,80.0,79.2,80.0,6063819
1216,2025-08-05,79.8,80.4,79.4,79.8,7997706
1216,2025-08-06,79.8,79.8,79.0,79.1,7361736
1216,2025-08-07,79.3,79.8,78.9,79.1,10010569
1216,2025-08-08,78.8,79.1,77.8,78.2,12484229
1216,2025-08-11,78.2,78.2,77.3,77.8,10800076
1216,2025-08-12,78.0,78.2,77.6,77.8,10821071
1216,2025-08-13,78.4,78.4,77.2,77.6,13003127
1216,2025-08-14,77.9,78.4,77.6,78.2,7335888
1216,2025-08-15,78.6,78.8,77.7,78.8,8005145
1216,2025-08-18,78.5,78.6,77.5,77.8,7995922
1216,2025-08-19,77.6,77.6,77.0,77.3,7422535
1216,2025-08-20,77.2,77.4,76.8,77.1,7688009
1216,2025-08-21,77.7,78.3,77.3,77.8,8954661
1216,2025-08-22,78.2,78.4,77.3,77.5,8740484
1216,2025-08-25,77.8,78.1,77.3,77.8,8283560
1216,2025-08-26,77.5,77.5,76.3,76.3,18337999
1216,2025-08-27,76.4,77.2,76.2,76.7,6804710
1216,2025-08-28,76.5,77.9,76.4,77.7,11143142
1216,2025-08-29,77.9,78.1,77.2,77.4,11694712
1216,2025-09-01,77.4,77.9,77.1,77.4,3899545
1216,2025-09-02,77.3,78.2,77.3,78.2,5336434
1216,2025-09-03,78.1,78.3,77.7,77.9,4370414
1216,2025-09-04,78.0,78.3,77.7,78.1,5400230
1216,2025-09-05,78.2,78.5,78.1,78.1,4882822
1216,2025-09-08,78.1,79.1,78.1,78.9,6812811
1216,2025-09-09,78.9,79.8,78.7,79.4,11311870
1216,2025-09-10,79.4,79.9,79.1,79.5,9518608
1216,2025-09-11,79.3,79.7,78.7,78.9,7926657
1216,2025-09-12,79.0,79.5,78.8,79.3,5557555
1216,2025-09-15,78.7,79.4,78.6,79.2,4935769
1216,2025-09-16,79.5,79.6,78.8,79.4,7232314
1216,2025-09-17,79.0,79.3,78.4,79.0,5433126
1216,2025-09-18,79.3,79.4,78.5,79.2,5444132
1216,2025-09-19,79.2,79.2,78.4,78.4,12894198
1216,2025-09-22,78.8,78.8,78.3,78.6,5560048
1216,2025-09-23,78.2,78.5,78.2,78.4,6451165
1216,2025-09-24,78.5,79.1,78.3,79.1,7045069
1216,2025-09-25,79.1,79.4,78.2,78.3,9341589
1216,2025-09-26,78.7,78.7,78.0,78.4,6369688
1216,2025-09-30,78.9,79.0,78.2,78.4,8798337
1216,2025-10-01,77.8,78.7,77.8,78.3,5712157
1216,2025-10-02,78.4,78.6,78.0,78.0,5949912
1216,2025-10-03,78.1,78.1,77.3,77.4,5719247
1216,2025-10-07,77.2,78.2,77.2,78.1,5020624
1216,2025-10-08,78.3,78.4,77.8,78.0,6263988
1216,2025-10-09,77.9,78.3,77.6,77.6,4226223
1216,2025-10-13,78.0,78.0,76.7,77.6,10342068
1216,2025-10-14,77.5,78.6,77.5,78.0,10371627
1216,2025-10-15,77.8,78.5,77.5,77.5,6636239
1216,2025-10-16,77.3,78.3,77.3,77.6,4913239
1216,2025-10-17,78.0,78.9,78.0,78.2,7179821
1216,2025-10-20,78.6,79.1,78.2,78.7,3688336
1216,2025-10-21,78.8,79.2,78.6,79.1,5243411
1216,2025-10-22,79.2,79.4,78.8,78.9,5619409
1216,2025-10-23,78.9,80.0,78.9,79.9,10166282
1216,2025-10-27,80.0,80.2,79.0,79.0,8257534
1216,2025-10-28,79.3,79.4,78.7,79.0,4231068
1216,2025-10-29,79.0,79.4,78.3,78.8,6041511
1216,2025-10-30,78.4,79.6,78.4,79.6,6237857
1216,2025-10-31,79.7,79.7,78.7,78.7,6480077
1216,2025-11-03,78.1,78.9,78.0,78.1,4943101
1216,2025-11-04,77.7,78.1,77.7,78.1,5628976
1216,2025-11-05,77.9,78.1,77.1,78.1,7126570
1216,2025-11-06,78.4,78.6,77.4,77.5,6835812
1216,2025-11-07,77.3,77.3,75.6,76.4,10407956
1216,2025-11-10,76.4,76.4,75.0,75.5,10301304
1216,2025-11-11,75.5,75.5,74.2,75.0,13866547
1216,2025-11-12,75.0,75.9,74.8,75.3,7925232
1216,2025-11-13,75.1,75.4,74.6,74.8,11426185
1216,2025-11-14,74.6,75.9,74.4,75.2,6851362
1216,2025-11-17,75.5,75.8,75.1,75.1,8148799
1216,2025-11-18,74.6,75.5,74.5,75.0,9962517
1216,2025-11-19,75.5,75.6,74.7,74.8,7605319
1216,2025-11-20,75.2,75.5,74.8,75.0,6374430
1216,2025-11-21,75.0,75.7,74.7,74.8,12357745
1216,2025-11-24,75.0,75.5,74.8,74.9,14552403
1216,2025-11-25,74.8,75.4,74.8,74.9,7516948
1216,2025-11-26,75.1,75.4,74.9,75.2,7692605
1216,2025-11-27,75.0,77.2,75.0,76.6,11640479
1216,2025-11-28,76.6,77.0,76.2,76.5,4717535
1216,2025-12-01,76.2,77.1,76.1,76.5,5985567
1216,2025-12-02,77.0,77.3,75.7,75.7,7698738
1216,2025-12-03,76.3,76.5,75.3,75.3,5838053
1216,2025-12-04,75.5,75.8,75.2,75.7,5104372
1216,2025-12-05,75.5,76.4,75.4,76.4,5725238
1216,2025-12-08,76.5,76.7,75.3,75.3,6511964
1216,2025-12-09,75.3,75.5,74.8,74.8,7184538
1216,2025-12-10,75.5,76.0,75.0,75.0,6035150
1216,2025-12-11,75.5,75.5,74.7,74.7,6257399
1216,2025-12-12,75.2,75.4,74.9,74.9,2918070
1216,2025-12-15,75.0,75.5,74.6,75.1,6517118
1216,2025-12-16,74.7,75.4,74.7,74.7,12290258
1216,2025-12-17,74.8,77.1,74.7,76.9,31289593
1216,2025-12-18,76.3,79.8,75.1,79.0,34038652
1216,2025-12-19,78.4,80.0,76.0,78.4,45656411
1216,2025-12-22,77.5,78.9,76.6,77.8,36573995
1216,2025-12-23,77.0,78.5,76.9,77.3,20009662
1216,2025-12-24,77.1,79.0,76.5,78.4,23844118
1216,2025-12-26,77.9,80.5,77.2,80.5,25117536
1216,2025-12-29,79.8,80.5,78.5,79.6,10651527
1216,2025-12-30,78.7,79.1,77.8,77.8,7860236
1216,2025-12-31,77.6,77.8,77.0,77.1,8127227
1216,2026-01-02,77.1,77.6,76.2,77.4,8642963
1216,2026-01-05,76.8,77.8,76.5,77.0,10554215
1216,2026-01-06,77.0,77.7,75.9,76.2,13256984
1216,2026-01-07,75.8,76.4,75.2,75.3,16630637
1216,2026-01-08,75.3,76.1,75.3,75.6,11607559
1216,2026-01-09,75.8,76.4,75.1,75.3,8843439
1216,2026-01-12,75.6,76.1,75.3,75.6,9186387
1216,2026-01-13,76.0,76.8,75.7,76.1,12019319
1216,2026-01-14,76.1,76.4,75.5,75.5,6598745
1216,2026-01-15,75.8,76.3,75.6,76.0,7640914
1216,2026-01-16,75.7,75.8,75.0,75.4,14378998
1216,2026-01-19,75.4,75.4,74.7,74.7,9874688
1216,2026-01-20,74.6,75.0,74.4,74.5,8803024
1216,2026-01-21,74.5,74.7,74.1,74.3,7955732
1216,2026-01-22,74.6,74.9,74.1,74.1,7815513
1216,2026-01-23,74.2,74.5,73.6,73.6,9858106
1216,2026-01-26,73.6,74.2,73.0,73.5,9745063
1216,2026-01-27,74.0,74.1,73.0,73.0,8843438
1216,2026-01-28,73.5,73.5,72.2,72.7,12012098
1216,2026-01-29,72.5,73.4,72.3,72.4,8609888
1216,2026-01-30,72.6,72.6,71.7,71.7,12099441
1216,2026-02-02,72.3,72.3,71.3,71.6,7084016
1216,2026-02-03,72.1,72.8,72.0,72.5,6107274
1216,2026-02-04,72.4,72.5,72.0,72.1,6186060
1216,2026-02-05,72.2,73.6,72.2,73.3,8195279
1216,2026-02-06,73.3,74.2,73.0,74.2,8734535
1216,2026-02-09,74.4,74.4,73.2,73.2,7778901
1216,2026-02-10,73.3,73.5,72.8,73.0,7716054
1216,2026-02-11,73.8,73.8,73.3,73.4,7517420
1216,2026-02-23,75.4,76.0,74.5,75.1,20030405
1216,2026-02-24,75.0,75.1,74.0,74.0,13618865
1216,2026-02-25,74.6,75.0,74.3,74.7,12011906
1216,2026-02-26,74.1,74.1,72.5,72.5,25315727
1216,2026-03-02,73.5,73.8,72.8,73.6,12516754
1216,2026-03-03,73.1,73.9,72.9,73.9,11059474
1216,2026-03-04,73.0,73.4,71.6,71.6,11560214
1216,2026-03-05,72.7,73.2,71.0,71.2,11267695
1216,2026-03-06,70.9,72.0,70.6,71.9,8923995
1216,2026-03-09,70.0,71.3,70.0,70.8,14242596
1216,2026-03-10,71.4,71.4,70.0,70.2,10348914
1216,2026-03-11,70.7,70.8,70.2,70.2,5873659
1216,2026-03-12,70.2,70.7,70.0,70.1,13339160
1216,2026-03-13,70.0,70.6,69.9,70.0,10776166
1216,2026-03-16,70.2,71.1,70.0,70.5,9882985
1216,2026-03-17,70.6,71.7,70.6,70.9,11289278
1216,2026-03-18,71.7,71.7,70.9,71.4,8900682
1216,2026-03-19,71.1,71.2,70.3,70.4,10993382
1216,2026-03-20,70.4,71.2,70.2,70.2,15246611
1216,2026-03-23,70.0,70.2,69.5,69.5,12378172
1216,2026-03-24,69.5,70.5,69.1,70.1,8595380
1216,2026-03-25,70.9,70.9,69.6,70.7,9449543
1216,2026-03-26,71.0,71.7,70.5,71.3,6111029
1216,2026-03-27,71.0,72.5,70.9,72.0,9136877
1216,2026-03-30,71.3,72.3,71.3,71.9,13572412
1216,2026-03-31,71.5,72.1,70.8,71.0,12865145
1216,2026-04-01,71.8,72.2,71.2,71.9,9199128
1216,2026-04-02,72.2,73.0,72.2,72.4,7210886
1216,2026-04-07,72.4,72.9,72.3,72.5,6318970
1216,2026-04-08,73.3,73.3,72.0,72.7,8223911
1216,2026-04-09,72.5,72.7,71.6,72.0,7416461
1216,2026-04-10,71.0,72.4,71.0,71.8,13613704
1216,2026-04-13,71.8,72.2,71.4,72.0,8406250
1216,2026-04-14,72.5,72.5,71.8,72.1,7869971
1216,2026-04-15,72.5,72.8,72.1,72.6,11791192
1216,2026-04-16,72.8,73.3,72.4,73.0,8455889
1216,2026-04-17,73.3,73.6,72.9,73.5,9357338
1216,2026-04-20,73.5,73.7,72.5,72.6,12622967
1216,2026-04-21,72.6,72.8,71.9,72.0,10883502
1216,2026-04-22,72.1,72.6,72.0,72.4,11149052
1216,2026-04-23,71.5,72.2,71.3,71.9,13857161
1216,2026-04-24,72.0,72.2,71.5,71.5,11196181
1216,2026-04-27,71.3,71.7,70.5,70.5,10220219
1216,2026-04-28,70.8,71.1,70.0,70.6,8126563
1216,2026-04-29,70.5,70.6,69.8,70.0,15083052
1216,2026-04-30,69.7,70.0,69.3,69.3,13890890
1216,2026-05-04,70.0,70.2,69.4,69.6,12584659
1216,2026-05-05,69.9,69.9,69.1,69.1,10675876
1216,2026-05-06,69.6,69.6,68.5,68.7,16186993
1216,2026-05-07,68.7,69.9,68.7,69.4,19052901
1216,2026-05-08,70.2,73.4,70.0,73.2,34739318
1216,2026-05-11,73.0,74.2,72.5,73.9,15803350
1216,2026-05-12,73.9,74.7,73.1,73.1,15799392
1216,2026-05-13,73.5,75.6,73.2,75.2,24603617
1216,2026-05-14,74.6,75.6,74.6,74.8,12303217
1216,2026-05-15,75.0,76.7,74.9,75.7,17514938
1216,2026-05-18,76.2,76.4,74.1,74.7,10443641
1216,2026-05-19,75.6,75.6,74.5,74.8,12290596
1216,2026-05-20,74.8,74.8,72.7,73.4,13712054
1216,2026-05-21,73.5,73.8,72.6,73.1,13615069
1216,2026-05-22,72.8,72.9,71.4,71.5,18178864
1216,2026-05-25,72.0,72.0,71.2,71.2,13528398
1216,2026-05-26,71.3,71.9,70.8,70.8,17685979
1216,2026-05-27,70.8,71.2,70.0,70.2,21253494
1216,2026-05-28,70.8,71.5,70.4,70.8,22324106
1216,2026-05-29,71.6,73.1,70.8,71.8,38214401
1216,2026-06-01,72.1,74.3,72.1,73.7,18172961
1216,2026-06-02,73.3,74.3,72.0,74.2,25714771
1216,2026-06-03,74.5,74.5,72.9,73.3,15717855
1216,2026-06-04,73.3,74.4,73.1,73.6,14743723
1216,2026-06-05,73.5,74.3,73.5,73.8,9382609
1216,2026-06-08,73.1,74.0,72.4,72.9,12716400
1216,2026-06-09,73.0,75.0,73.0,74.1,14713756
1216,2026-06-10,73.3,74.7,73.3,74.4,16614427
1216,2026-06-11,74.4,75.6,74.4,75.6,14416022
1216,2026-06-12,75.6,76.7,75.6,76.5,13887237
1216,2026-06-15,77.6,77.7,75.6,76.3,15341509
1216,2026-06-16,76.4,76.4,75.4,75.6,8161339
1216,2026-06-17,75.6,76.0,74.7,76.0,10945913
1216,2026-06-18,76.3,76.4,74.5,74.5,26893235
